{"loss": [0.6988912224769592, 0.3059397041797638, 0.23243767023086548, 0.1924235075712204, 0.1677524894475937, 0.14801646769046783, 0.13126564025878906, 0.11509053409099579, 0.10070282965898514, 0.08742158859968185, 0.0760987251996994, 0.0656571239233017, 0.05752559378743172, 0.05088915303349495, 0.04566936194896698, 0.04148592799901962, 0.03871545568108559, 0.03689362481236458, 0.03594669699668884, 0.0356743298470974, 0.03488921746611595, 0.03483358025550842, 0.03471767157316208, 0.03448228910565376, 0.034240882843732834, 0.034074973315000534, 0.03410004824399948, 0.03407072648406029, 0.034041713923215866, 0.03375818952918053, 0.03399455174803734, 0.03370179608464241, 0.03335972875356674, 0.03361043334007263, 0.03340305760502815, 0.03345750272274017, 0.03377265855669975, 0.03357107564806938, 0.03356889635324478, 0.033477235585451126, 0.033532124012708664, 0.033378902822732925, 0.033277224749326706, 0.03354867175221443, 0.033665381371974945, 0.033488862216472626, 0.033435966819524765, 0.03320547565817833, 0.03352373093366623, 0.033028148114681244, 0.03339562565088272, 0.03339889645576477, 0.033240124583244324, 0.03326655924320221, 0.033350586891174316, 0.0333862341940403, 0.03360457345843315, 0.03310304880142212, 0.03326263651251793, 0.03324224054813385, 0.033149465918540955, 0.03344230726361275, 0.03303560987114906, 0.03349684551358223, 0.0332876555621624, 0.03327058255672455, 0.03325160965323448, 0.033059798181056976, 0.033311035484075546, 0.033162686973810196, 0.03324468061327934, 0.03343318775296211, 0.03345261141657829, 0.03347190096974373, 0.033342394977808, 0.033255454152822495, 0.03290535509586334, 0.03320395201444626], "mae": [0.8448060154914856, 0.5780320167541504, 0.5323607921600342, 0.48778703808784485, 0.45254361629486084, 0.4207974672317505, 0.392525315284729, 0.3642173111438751, 0.3372824192047119, 0.3107994794845581, 0.28531068563461304, 0.2604541778564453, 0.23926937580108643, 0.2195805311203003, 0.20236892998218536, 0.18757185339927673, 0.17621766030788422, 0.16859374940395355, 0.16605183482170105, 0.1647692769765854, 0.16307857632637024, 0.16311511397361755, 0.16278164088726044, 0.16302630305290222, 0.16300034523010254, 0.1627323031425476, 0.16353100538253784, 0.16315028071403503, 0.16280080378055573, 0.16311277449131012, 0.16290757060050964, 0.16264384984970093, 0.16168221831321716, 0.16263402998447418, 0.162718266248703, 0.1625637412071228, 0.16298702359199524, 0.16296648979187012, 0.16282865405082703, 0.1625775247812271, 0.16312900185585022, 0.16285575926303864, 0.1631339192390442, 0.16361403465270996, 0.16321465373039246, 0.16216214001178741, 0.16287563741207123, 0.16208070516586304, 0.16316846013069153, 0.16176073253154755, 0.16370262205600739, 0.16300280392169952, 0.1628815084695816, 0.16285182535648346, 0.16292139887809753, 0.16280780732631683, 0.16370627284049988, 0.1624484658241272, 0.16267646849155426, 0.16303855180740356, 0.16269227862358093, 0.1635742336511612, 0.16216114163398743, 0.1636405736207962, 0.16270288825035095, 0.16293933987617493, 0.16273853182792664, 0.16291575133800507, 0.16346772015094757, 0.16300620138645172, 0.16298337280750275, 0.1635875105857849, 0.16335850954055786, 0.16318053007125854, 0.16286806762218475, 0.16319124400615692, 0.16200904548168182, 0.1630486100912094], "mse": [3.8511526584625244, 0.530040442943573, 0.4521956145763397, 0.3796869218349457, 0.3296923041343689, 0.28696349263191223, 0.2513887882232666, 0.21665145456790924, 0.18749429285526276, 0.15999287366867065, 0.13687096536159515, 0.1161811575293541, 0.09996230155229568, 0.08612141013145447, 0.07580902427434921, 0.06735377013683319, 0.06267818063497543, 0.06000429764389992, 0.05901271477341652, 0.0596245676279068, 0.05868775397539139, 0.05902472510933876, 0.05934503301978111, 0.05914277210831642, 0.05917253717780113, 0.05896909534931183, 0.05918731540441513, 0.05928274244070053, 0.059274233877658844, 0.058660008013248444, 0.059315524995326996, 0.05892451852560043, 0.058409616351127625, 0.05891801044344902, 0.05846516788005829, 0.05865629017353058, 0.05947763845324516, 0.058937620371580124, 0.05927886441349983, 0.058753859251737595, 0.05901721864938736, 0.05893539637327194, 0.05836894363164902, 0.058957505971193314, 0.05988852679729462, 0.059134528040885925, 0.05880051478743553, 0.05866140499711037, 0.05918553099036217, 0.05837458744645119, 0.059064846485853195, 0.058947764337062836, 0.0586947537958622, 0.05891546979546547, 0.05918092653155327, 0.05901002138853073, 0.05955704674124718, 0.05841701850295067, 0.05863232910633087, 0.058753665536642075, 0.0585990734398365, 0.05918598547577858, 0.05843811854720116, 0.059418030083179474, 0.058923378586769104, 0.059023596346378326, 0.05880136415362358, 0.0584380179643631, 0.059065353125333786, 0.058999914675951004, 0.05892907455563545, 0.05908524990081787, 0.059347014874219894, 0.05947359278798103, 0.059164829552173615, 0.05922935530543327, 0.05820649489760399, 0.05883956328034401], "mape": [8.032694816589355, 5.478207111358643, 5.047216415405273, 4.627013206481934, 4.299227237701416, 3.9994020462036133, 3.7315802574157715, 3.462402820587158, 3.2088472843170166, 2.959486246109009, 2.719587564468384, 2.486304521560669, 2.285825252532959, 2.1024692058563232, 1.943073034286499, 1.8047653436660767, 1.7016096115112305, 1.6331486701965332, 1.6119471788406372, 1.6015210151672363, 1.585858702659607, 1.5866906642913818, 1.5839941501617432, 1.5857336521148682, 1.5860177278518677, 1.5830175876617432, 1.5904265642166138, 1.5870652198791504, 1.583788275718689, 1.5859637260437012, 1.5849268436431885, 1.5822844505310059, 1.5733262300491333, 1.5814205408096313, 1.5821635723114014, 1.5811703205108643, 1.5848153829574585, 1.5851891040802002, 1.5841697454452515, 1.5815820693969727, 1.5864825248718262, 1.5838005542755127, 1.5861462354660034, 1.5913749933242798, 1.5876463651657104, 1.5779595375061035, 1.5838913917541504, 1.5767900943756104, 1.5870850086212158, 1.5735654830932617, 1.5917108058929443, 1.5852649211883545, 1.5836987495422363, 1.5836381912231445, 1.5848097801208496, 1.583680510520935, 1.5922813415527344, 1.579456090927124, 1.5818334817886353, 1.5852086544036865, 1.5821688175201416, 1.5905110836029053, 1.576848030090332, 1.591079831123352, 1.5817784070968628, 1.5845543146133423, 1.5825210809707642, 1.5839955806732178, 1.5895601511001587, 1.585044503211975, 1.584764003753662, 1.5902552604675293, 1.5886801481246948, 1.5872527360916138, 1.5843782424926758, 1.5872044563293457, 1.575364112854004, 1.5858242511749268],