{"loss": [0.704867959022522, 0.2976266145706177, 0.2176658660173416, 0.18402919173240662, 0.16347867250442505, 0.1481226533651352, 0.1323540061712265, 0.11519303917884827, 0.10413065552711487, 0.09167104214429855, 0.08087479323148727, 0.0722542405128479, 0.06471721082925797, 0.05683610215783119, 0.051480453461408615, 0.04672492295503616, 0.04260484501719475, 0.04045853763818741, 0.037780407816171646, 0.03675154969096184, 0.03600219637155533, 0.035593047738075256, 0.03552037850022316, 0.03522971644997597, 0.03444692865014076, 0.03469419479370117, 0.03466052561998367, 0.03447209298610687, 0.03454895317554474, 0.03438308835029602, 0.034473929554224014, 0.034181367605924606, 0.033732954412698746, 0.033808011561632156, 0.033580176532268524, 0.03355466574430466, 0.03377808257937431, 0.03340284526348114, 0.03375694900751114, 0.033620353788137436, 0.0334068201482296, 0.03345578908920288, 0.03340217098593712, 0.03337615728378296, 0.03390391543507576, 0.03350318223237991, 0.03368406742811203, 0.03342399746179581, 0.03359946236014366, 0.03342992812395096, 0.03349381312727928, 0.03358340635895729, 0.03359852731227875, 0.03358224406838417, 0.03350105881690979, 0.033583518117666245, 0.03388434275984764, 0.033097438514232635, 0.03336598351597786, 0.03356743976473808, 0.033351633697748184, 0.033712442964315414, 0.03311104327440262, 0.033692121505737305, 0.03340386226773262, 0.033517882227897644], "mae": [0.840930163860321, 0.5631016492843628, 0.5122575759887695, 0.47542399168014526, 0.4465089738368988, 0.4210270643234253, 0.3957745432853699, 0.36506780982017517, 0.3437301814556122, 0.3184654712677002, 0.29490602016448975, 0.27480587363243103, 0.2558556795120239, 0.23527692258358002, 0.2193274199962616, 0.20515495538711548, 0.19112494587898254, 0.18262797594070435, 0.17334027588367462, 0.16858026385307312, 0.16596704721450806, 0.16530442237854004, 0.16519498825073242, 0.16433408856391907, 0.16230370104312897, 0.16410981118679047, 0.16403378546237946, 0.16307669878005981, 0.16410228610038757, 0.16342805325984955, 0.16437815129756927, 0.16365201771259308, 0.16238027811050415, 0.16260747611522675, 0.16207610070705414, 0.16252939403057098, 0.16266179084777832, 0.1618271768093109, 0.1625111997127533, 0.16283480823040009, 0.16212110221385956, 0.16252480447292328, 0.16278843581676483, 0.16217368841171265, 0.16314563155174255, 0.16270843148231506, 0.16306746006011963, 0.1624540239572525, 0.16310305893421173, 0.16218538582324982, 0.16315127909183502, 0.16301725804805756, 0.1633746176958084, 0.1628715544939041, 0.16263899207115173, 0.1631963849067688, 0.16368789970874786, 0.16180534660816193, 0.1628958135843277, 0.16349057853221893, 0.16293972730636597, 0.16355983912944794, 0.16174186766147614, 0.16402065753936768, 0.16302722692489624, 0.16289518773555756], "mse": [3.6084330081939697, 0.5060547590255737, 0.4201335906982422, 0.363036185503006, 0.321863055229187, 0.2882036864757538, 0.2551789879798889, 0.21883074939250946, 0.19492818415164948, 0.16905084252357483, 0.14730659127235413, 0.12962226569652557, 0.11421548575162888, 0.09752887487411499, 0.08729264885187149, 0.07736489176750183, 0.06919702142477036, 0.06620092689990997, 0.060801826417446136, 0.06021597236394882, 0.05948374792933464, 0.05944475159049034, 0.059951573610305786, 0.06087634712457657, 0.05846172943711281, 0.05914778262376785, 0.05906127393245697, 0.05903878062963486, 0.05947848781943321, 0.059212084859609604, 0.05948512256145477, 0.059012606739997864, 0.058392543345689774, 0.058524806052446365, 0.05795750394463539, 0.058260876685380936, 0.05881146341562271, 0.05782071128487587, 0.05888804793357849, 0.058370620012283325, 0.05829286947846413, 0.058227382600307465, 0.05815296247601509, 0.05810271576046944, 0.06004215404391289, 0.058427594602108, 0.0586969293653965, 0.05833718925714493, 0.058741092681884766, 0.058463454246520996, 0.058496128767728806, 0.0587262362241745, 0.05865504592657089, 0.05868120118975639, 0.058794055134058, 0.05885015428066254, 0.059245795011520386, 0.05769668146967888, 0.05853993073105812, 0.058752480894327164, 0.05835668370127678, 0.05917489901185036, 0.05801122635602951, 0.0588734932243824, 0.058572132140398026, 0.05887948349118233], "mape": [8.001991271972656, 5.337013244628906, 4.855629920959473, 4.513797283172607, 4.2451348304748535, 4.004127502441406, 3.7653486728668213, 3.473952293395996, 3.271728515625, 3.031700849533081, 2.8116674423217773, 2.622130870819092, 2.443964958190918, 2.2490739822387695, 2.1001882553100586, 1.9668128490447998, 1.837578296661377, 1.7602581977844238, 1.6742441654205322, 1.633257508277893, 1.6099330186843872, 1.6051095724105835, 1.6057467460632324, 1.597403883934021, 1.5782185792922974, 1.595703125, 1.5943540334701538, 1.585935115814209, 1.5956697463989258, 1.5889350175857544, 1.5980812311172485, 1.59107506275177, 1.5794938802719116, 1.5807634592056274, 1.576176643371582, 1.5809625387191772, 1.5816094875335693, 1.5738449096679688, 1.5803292989730835, 1.583300232887268, 1.576294183731079, 1.5805150270462036, 1.5823643207550049, 1.5771608352661133, 1.5867407321929932, 1.5821555852890015, 1.5857290029525757, 1.5797117948532104, 1.5859366655349731, 1.5777496099472046, 1.5862804651260376, 1.5857430696487427, 1.5882070064544678, 1.583822250366211, 1.5816010236740112, 1.5873231887817383, 1.5917962789535522, 1.5734409093856812, 1.5833556652069092, 1.5896645784378052, 1.5841840505599976, 1.5905359983444214, 1.572595238685608, 1.5941839218139648, 1.5851380825042725, 1.5843101739883423], "val_loss": [0.14155763387680054, 0.048240672796964645, 0.028671780601143837, 0.035726409405469894, 0.028842128813266754, 0.03352593258023262, 0.024038631469011307, 0.02984601818025112, 0.025188785046339035, 0.03184622526168823, 0.0250493586063385, 0.027023421600461006, 0.02359911985695362, 0.025632143020629883, 0.021941903978586197, 0.025241050869226456, 0.02357497811317444, 0.023490484803915024, 0.023897863924503326, 0.028673376888036728, 0.02538219653069973, 0.025328947231173515, 0.023292234167456627, 0.02273901365697384, 0.0246060099452734, 0.022824520245194435, 0.02626984938979149, 0.02506413497030735, 0.02322220616042614, 0.022664429619908333, 0.024741511791944504, 0.027399219572544098, 0.02161501720547676, 0.026742862537503242, 0.023374464362859726, 0.02125535160303116, 0.022669024765491486, 0.023569617420434952, 0.022468173876404762, 0.02383282035589218, 0.022385185584425926, 0.024891791865229607, 0.025647317990660667, 0.022050445899367332, 0.023698734119534492, 0.022305700927972794, 0.02282671071588993, 0.024585114791989326, 0.022682132199406624, 0.02542484924197197, 0.021262260153889656, 0.022142035886645317, 0.022054942324757576, 0.0222571212798357, 0.023164531216025352, 0.023137105628848076, 0.02316981367766857, 0.025311239063739777, 0.022184083238244057, 0.02250327542424202, 0.023509705439209938, 0.021562904119491577, 0.02161756344139576, 0.024972621351480484, 0.024807143956422806, 0.023165768012404442],