{"loss": [10601197.0, 15484035.0, 9942135.0, 8441135.0, 5306609.0, 3756619.0, 2310366.5, 2280016.5, 1869348.75, 1971821.875, 1725920.25, 1364636.75, 1275130.5, 1299132.375, 1206974.0, 1114866.25, 1062087.0, 998058.1875, 931368.1875, 880863.8125, 916981.625, 792718.375, 775280.5625, 762304.625, 703643.1875, 712884.875, 717405.75, 740180.375], "mae": [707.5144653320312, 516.53759765625, 516.142333984375, 496.44281005859375, 488.5771484375, 477.95257568359375, 460.9169616699219, 432.40521240234375, 413.330078125, 400.7509765625, 382.1300048828125, 363.7809143066406, 355.2206115722656, 339.3381042480469, 331.5205383300781, 318.6826477050781, 310.41839599609375, 295.2501525878906, 286.8122863769531, 275.472412109375, 271.9610290527344, 259.0912780761719, 255.99366760253906, 255.96974182128906, 247.19129943847656, 241.40696716308594, 233.32415771484375, 236.39639282226562], "mse": [10601190.0, 15484025.0, 9942118.0, 8441117.0, 5306581.5, 3756574.75, 2310310.5, 2279943.25, 1869254.625, 1971708.5, 1725788.5, 1364480.25, 1274951.75, 1298929.625, 1206747.5, 1114615.5, 1061814.125, 997762.0625, 931048.3125, 880524.6875, 916626.3125, 792345.625, 774894.25, 761904.125, 703231.125, 712461.375, 716972.25, 739732.625], "mape": [3209.056884765625, 1974.4583740234375, 1967.4002685546875, 1876.229736328125, 1881.738037109375, 1798.2821044921875, 1722.2086181640625, 1535.4102783203125, 1425.5404052734375, 1336.4176025390625, 1241.87646484375, 1152.5220947265625, 1109.6162109375, 1031.30517578125, 990.8109741210938, 969.6939086914062, 940.413330078125, 904.4910888671875, 888.0025634765625, 868.0552368164062, 845.0117797851562, 828.525146484375, 823.3128051757812, 849.7770385742188, 848.1375732421875, 806.45654296875, 756.716552734375, 779.9495849609375], "val_loss": [2635853.75, 2241180.0, 1764524.25, 1481860.875, 1350200.375, 1222520.625, 1080692.5, 980697.8125, 896165.5625, 865406.5, 822753.6875, 736654.8125, 695586.5, 698294.5625, 668750.5, 565456.6875, 599712.6875, 558915.25, 581865.0, 704774.8125, 572751.25, 677790.0625, 1032775.125, 924295.875, 1342614.5, 1382806.25, 683762.25, 1141238.75], "val_mae": [496.3973693847656, 473.8063659667969, 424.5263366699219, 390.50775146484375, 373.1048889160156, 370.8861389160156, 322.7848815917969, 301.8013610839844, 283.875, 270.63714599609375, 266.7373352050781, 241.27784729003906, 231.40408325195312, 232.58775329589844, 211.80369567871094, 194.08953857421875, 186.0264434814453, 171.22891235351562, 177.80722045898438, 202.67904663085938, 132.45999145507812, 124.80795288085938, 126.50421905517578, 108.88032531738281, 133.00242614746094, 104.309326171875, 107.75405883789062, 133.06240844726562], "val_mse": [2635845.0, 2241168.25, 1764509.25, 1481837.625, 1350166.0, 1222472.5, 1080627.125, 980614.3125, 896061.6875, 865283.125, 822606.8125, 736486.75, 695396.625, 698080.4375, 668512.1875, 565194.625, 599426.9375, 558606.25, 581534.625, 704426.8125, 572387.4375, 677410.0625, 1032381.3125, 923890.125, 1342196.625, 1382375.5, 683321.4375, 1140785.125], "val_mape": [1926.3314208984375, 1685.4903564453125, 1534.9427490234375, 1380.966064453125, 1294.088623046875, 1294.9146728515625, 974.6796875, 775.3902587890625, 741.2586059570312, 582.8984375, 600.3702392578125, 534.9905395507812, 511.169189453125, 451.4242858886719, 362.2651672363281, 421.92120361328125, 303.62799072265625, 286.4099426269531, 405.5516357421875, 240.4233856201172, 329.81036376953125, 239.15541076660156, 231.41571044921875, 261.2867736816406, 233.92672729492188, 349.6544494628906, 284.258544921875, 322.2069396972656]}