{"loss": [7266058.5, 12046193.0, 4445980.5, 4369424.0, 2273277.5, 2735069.25, 1622921.125, 1240256.875, 1237412.25, 938698.1875, 831938.0625, 694611.375, 602812.6875, 522568.75, 477446.0, 460245.5625, 408775.28125, 381380.5, 399626.28125, 360425.84375, 382987.8125, 370445.71875, 363963.90625, 331207.21875, 352308.46875, 313906.59375, 325686.28125, 293800.84375, 300087.4375, 292704.3125, 305560.71875, 293950.5625], "mae": [658.123046875, 471.640380859375, 470.32647705078125, 465.3507995605469, 457.36212158203125, 450.6001892089844, 425.9659729003906, 382.2077331542969, 352.64630126953125, 318.97314453125, 285.0252685546875, 255.85546875, 230.3196258544922, 206.9580841064453, 194.00587463378906, 178.73910522460938, 168.17724609375, 158.05914306640625, 149.71420288085938, 145.34156799316406, 138.760986328125, 136.70797729492188, 130.18309020996094, 127.42811584472656, 125.64014434814453, 121.29447937011719, 119.96705627441406, 118.32943725585938, 116.80303955078125, 115.66292572021484, 117.34519958496094, 118.0590591430664], "mse": [7266047.0, 12046174.0, 4445960.0, 4369396.5, 2273245.75, 2735026.25, 1622861.625, 1240182.25, 1237320.5, 938592.1875, 831818.375, 694477.125, 602663.125, 522405.59375, 477265.9375, 460050.28125, 408567.3125, 381160.40625, 399396.0, 360187.4375, 382742.75, 370194.84375, 363706.125, 330944.1875, 352042.0625, 313638.03125, 325417.0, 293530.1875, 299815.0, 292431.6875, 305286.3125, 293675.9375], "mape": [2883.908203125, 1766.3382568359375, 1801.0078125, 1839.7882080078125, 1856.8648681640625, 1788.34033203125, 1719.09619140625, 1484.277587890625, 1292.8834228515625, 1107.2030029296875, 938.2064208984375, 807.8637084960938, 718.5487060546875, 636.647216796875, 598.35205078125, 524.1939697265625, 505.34344482421875, 470.5995178222656, 448.0985107421875, 438.36181640625, 406.48187255859375, 412.6452331542969, 374.9165954589844, 359.40765380859375, 358.1461181640625, 333.65972900390625, 327.91851806640625, 318.9064025878906, 306.7837219238281, 302.3053894042969, 319.7483825683594, 338.3604736328125], "val_loss": [5236295.5, 3143661.75, 2409243.5, 1787081.625, 1595670.625, 1323603.875, 1134964.375, 1080265.75, 1094351.5, 1081857.5, 1223778.0, 1262252.875, 1332185.25, 1855271.125, 1267026.875, 1223000.75, 1055549.0, 1974033.0, 1192686.0, 991918.4375, 631435.75, 349813.28125, 516106.46875, 883521.25, 476342.53125, 667980.0625, 508668.15625, 897123.5625, 746679.875, 808694.4375, 794824.125, 949267.8125], "val_mae": [454.416015625, 453.16888427734375, 384.8779296875, 356.19354248046875, 331.7943115234375, 357.81427001953125, 259.23150634765625, 248.36631774902344, 222.07675170898438, 206.2447052001953, 198.53256225585938, 158.7439727783203, 132.4160919189453, 164.93238830566406, 96.65410614013672, 96.62339782714844, 130.83416748046875, 92.25345611572266, 93.05435943603516, 93.67375946044922, 63.40438461303711, 67.04315948486328, 59.670162200927734, 65.8948745727539, 69.50957489013672, 63.918792724609375, 75.68705749511719, 70.24711608886719, 64.18473815917969, 69.8189926147461, 56.9625358581543, 62.28921890258789], "val_mse": [5236285.0, 3143641.25, 2409220.5, 1787053.5, 1595632.125, 1323552.625, 1134894.625, 1080181.75, 1094252.75, 1081744.125, 1223650.875, 1262111.625, 1332029.25, 1855099.875, 1266839.375, 1222797.75, 1055334.0, 1973804.875, 1192451.625, 991676.75, 631188.0625, 349558.84375, 515845.78125, 883256.4375, 476074.25, 667711.25, 508398.03125, 896849.6875, 746406.5, 808421.3125, 794550.125, 948993.625], "val_mape": [1589.1629638671875, 1393.32568359375, 1296.85107421875, 1231.044677734375, 1120.5869140625, 1449.8199462890625, 590.4400634765625, 574.7901000976562, 511.90155029296875, 442.127197265625, 459.2502136230469, 366.9364013671875, 290.87298583984375, 170.34815979003906, 271.0512390136719, 306.4918212890625, 133.326904296875, 214.15325927734375, 403.9208984375, 226.08775329589844, 164.0930633544922, 245.97694396972656, 149.8871307373047, 315.6419372558594, 159.7804718017578, 223.88978576660156, 188.4281463623047, 207.74989318847656, 118.28021240234375, 349.1362609863281, 182.39967346191406, 176.2755889892578]}