{"loss": [10399362.0, 11733263.0, 4885480.5, 4164687.25, 2490134.75, 2444448.0, 1864534.375, 1504798.375, 1470128.625, 1150240.375, 1024092.375, 857876.5, 746643.75, 608596.1875, 540130.5625, 504559.84375, 477010.71875], "mae": [687.1222534179688, 518.9872436523438, 547.3859252929688, 545.1151123046875, 539.4689331054688, 528.4222412109375, 496.7503967285156, 447.023193359375, 420.93133544921875, 373.2449035644531, 333.6469421386719, 295.94586181640625, 263.1646423339844, 229.33209228515625, 204.6322021484375, 189.86151123046875, 174.76364135742188], "mse": [10399361.0, 11733262.0, 4885478.5, 4164685.25, 2490131.0, 2444443.0, 1864526.375, 1504789.875, 1470117.375, 1150227.0, 1024076.75, 857857.0, 746623.0625, 608571.9375, 540104.0, 504530.53125, 476980.125], "mape": [3145.01220703125, 2190.448974609375, 2444.004150390625, 2467.43359375, 2540.248046875, 2393.80908203125, 2264.37939453125, 1946.858642578125, 1767.994384765625, 1470.614990234375, 1209.82666015625, 971.9671020507812, 832.5662231445312, 718.4039306640625, 601.8153076171875, 525.9953002929688, 473.18572998046875], "val_loss": [2775536.25, 2264329.5, 1716606.875, 1494408.375, 1364301.625, 1269065.75, 1186982.625, 1203617.375, 1202296.375, 1198795.75, 1342583.875, 1474117.125, 1585355.75, 1439444.5, 1573567.375, 1968137.375, 1870133.875], "val_mae": [476.3217468261719, 494.015380859375, 398.34136962890625, 394.8772277832031, 358.86138916015625, 370.6084899902344, 301.48321533203125, 276.2387390136719, 259.3374938964844, 246.66061401367188, 236.5937042236328, 191.3556365966797, 174.05978393554688, 159.4234619140625, 104.47187042236328, 110.78585052490234, 110.42096710205078], "val_mse": [2775534.75, 2264327.25, 1716604.125, 1494404.5, 1364297.75, 1269059.625, 1186975.875, 1203606.375, 1202283.125, 1198780.5, 1342565.375, 1474097.125, 1585332.375, 1439418.625, 1573539.5, 1968105.625, 1870104.125], "val_mape": [1775.333984375, 1443.791748046875, 1427.9224853515625, 1621.111083984375, 1368.1343994140625, 1408.838623046875, 911.3858642578125, 711.9716186523438, 704.798828125, 644.085205078125, 603.25439453125, 458.990966796875, 460.0333557128906, 232.6431427001953, 279.459228515625, 247.98924255371094, 290.40557861328125]}