{"loss": [8540594.0, 4449752.0, 2690416.0, 1611555.75, 1225410.75, 908007.8125, 730115.875, 567750.25, 489345.9375, 443259.65625, 415795.9375, 436020.5, 367279.65625, 353847.0625, 415540.15625, 318925.03125, 314890.78125, 312882.78125], "mae": [579.9637451171875, 465.20196533203125, 475.7296142578125, 451.5431213378906, 411.0847473144531, 338.2516174316406, 271.1562805175781, 216.1986541748047, 187.1019744873047, 171.67385864257812, 160.38966369628906, 150.560302734375, 144.62977600097656, 134.01394653320312, 136.13084411621094, 122.3995590209961, 116.14969635009766, 112.99390411376953], "mse": [8540582.0, 4449721.5, 2690365.75, 1611470.875, 1225283.375, 907831.0, 729905.625, 567507.0625, 489077.90625, 442973.46875, 415495.84375, 435707.78125, 366958.0, 353515.25, 415200.34375, 318577.0625, 314536.09375, 312523.75], "mape": [2489.20068359375, 1919.4757080078125, 2132.32421875, 2100.66064453125, 1907.631591796875, 1429.846435546875, 1007.013916015625, 725.1649780273438, 598.7085571289062, 558.297607421875, 534.8485717773438, 499.4717102050781, 494.978515625, 457.3507080078125, 477.4606018066406, 396.7601318359375, 361.7776184082031, 333.8291320800781], "val_loss": [3270756.0, 2207042.5, 1420326.625, 1223456.75, 1263734.625, 1233036.25, 1119907.75, 886294.125, 1067911.375, 1399253.625, 2010559.375, 991808.6875, 1202683.875, 1291340.625, 1196814.25, 1614710.25, 1683461.375, 2158268.5], "val_mae": [422.435302734375, 406.81396484375, 304.3008728027344, 263.5774841308594, 244.1434783935547, 202.71316528320312, 157.50852966308594, 115.09368133544922, 99.11339569091797, 96.49312591552734, 103.0301513671875, 79.09293365478516, 81.1514892578125, 86.01698303222656, 79.31281280517578, 81.47837829589844, 81.56724548339844, 75.17098236083984], "val_mse": [3270734.5, 2207010.5, 1420262.25, 1223352.875, 1263582.625, 1232845.25, 1119679.375, 886037.8125, 1067633.625, 1398961.0, 2010250.75, 991491.0, 1202356.75, 1291006.5, 1196469.5, 1614357.625, 1683105.25, 2157909.75], "val_mape": [1426.341064453125, 1346.89013671875, 912.2138061523438, 699.6663818359375, 784.1766967773438, 567.1890869140625, 324.5889892578125, 179.05322265625, 293.56890869140625, 283.9615173339844, 308.1799621582031, 260.0668640136719, 336.6007080078125, 224.01251220703125, 281.4150085449219, 387.4490661621094, 184.0072784423828, 265.5534973144531]}