{"loss": [7756248.5, 4114907.25, 2726322.5, 1366367.25, 1110384.125, 869076.1875, 665889.875, 588612.25, 479074.4375, 490491.65625, 405856.84375, 424901.625, 398564.1875, 399387.28125, 412982.40625, 371980.75, 371396.71875], "mae": [530.4507446289062, 437.75433349609375, 357.94757080078125, 264.669189453125, 214.12261962890625, 189.6034393310547, 172.09994506835938, 161.23294067382812, 148.0286407470703, 135.48226928710938, 129.0738525390625, 124.11585235595703, 123.79412078857422, 123.96427154541016, 124.51048278808594, 122.31027221679688, 122.47378540039062], "mse": [7756232.0, 4114867.5, 2726234.25, 1366201.375, 1110130.875, 868763.0625, 665519.375, 588203.125, 478635.78125, 490030.3125, 405378.1875, 424413.5, 398067.46875, 398878.65625, 412455.96875, 371436.25, 370842.125], "mape": [2167.675537109375, 1788.3736572265625, 1287.9794921875, 713.4347534179688, 511.0661315917969, 430.61700439453125, 406.05999755859375, 366.4563903808594, 344.8103942871094, 328.8218688964844, 329.18804931640625, 309.64300537109375, 311.05255126953125, 314.21856689453125, 334.7509765625, 313.2930908203125, 315.525634765625], "val_loss": [19078150.0, 6532925.5, 1436510.625, 594576.875, 375590.125, 356861.5625, 268203.28125, 354899.5625, 275533.375, 269479.1875, 360740.0, 340291.9375, 326157.4375, 374190.15625, 390753.90625, 427759.5, 468298.53125], "val_mae": [382.9402160644531, 300.2375183105469, 247.0603790283203, 188.46768188476562, 130.02699279785156, 124.33052062988281, 94.5472640991211, 107.63836669921875, 90.25210571289062, 81.55220031738281, 69.6279296875, 68.02040100097656, 62.88222885131836, 78.5051040649414, 69.32323455810547, 66.19032287597656, 64.2480697631836], "val_mse": [19078128.0, 6532873.0, 1436389.5, 594366.25, 375303.15625, 356516.8125, 267813.125, 354475.5625, 275084.03125, 269008.78125, 360256.71875, 339800.0, 325651.125, 373675.09375, 390216.65625, 427211.65625, 467731.59375], "val_mape": [1149.389892578125, 851.6500854492188, 657.5654296875, 579.443359375, 425.6258850097656, 459.7603759765625, 290.37744140625, 240.39013671875, 329.9924011230469, 306.8188171386719, 328.5003967285156, 335.7088317871094, 210.55767822265625, 206.4836883544922, 217.4857635498047, 236.6790313720703, 311.6723327636719]}