{"loss": [5710032.0, 8441878.0, 5182713.5, 3213542.25, 2299145.25, 1491687.875, 1341918.625, 1183311.25, 978399.9375, 833049.8125, 729402.875, 615542.0, 525442.375, 467860.0, 423844.53125, 385300.875, 389139.125, 356649.28125, 383806.15625, 370242.5625, 353546.0, 348191.75, 347199.6875, 336298.65625, 315855.40625, 340437.0, 335089.65625, 333085.5, 337570.25, 335624.40625, 331767.5625, 311349.03125], "mae": [662.1328125, 473.838623046875, 469.4725036621094, 448.4067687988281, 434.76434326171875, 412.8154602050781, 387.99774169921875, 352.3127136230469, 320.4966735839844, 293.846435546875, 268.69024658203125, 237.95957946777344, 211.67361450195312, 190.8911590576172, 176.26344299316406, 162.615234375, 151.97283935546875, 143.76522827148438, 144.1477508544922, 142.16632080078125, 134.9071044921875, 133.74681091308594, 128.85760498046875, 126.52667236328125, 123.10995483398438, 127.37786102294922, 125.86903381347656, 122.51020812988281, 124.88018035888672, 121.82562255859375, 121.82511138916016, 121.43624114990234], "mse": [5710030.0, 8441876.0, 5182712.0, 3213539.0, 2299142.5, 1491682.375, 1341910.5, 1183301.0, 978386.8125, 833035.9375, 729387.25, 615524.25, 525422.9375, 467839.03125, 423820.28125, 385276.0625, 389114.25, 356622.53125, 383779.125, 370215.0625, 353517.90625, 348163.625, 347170.90625, 336268.71875, 315825.53125, 340406.1875, 335058.21875, 333053.90625, 337539.09375, 335592.59375, 331735.09375, 311316.875], "mape": [2877.500732421875, 1790.0888671875, 1811.6820068359375, 1786.870361328125, 1790.4849853515625, 1701.0302734375, 1564.4539794921875, 1360.2266845703125, 1180.281494140625, 1040.6890869140625, 937.09716796875, 792.3257446289062, 691.7032470703125, 611.9596557617188, 554.1195678710938, 513.1911010742188, 481.9910888671875, 430.4498596191406, 440.8931579589844, 444.7742614746094, 405.5123291015625, 402.0323486328125, 356.9483642578125, 339.8932800292969, 334.0541076660156, 352.78179931640625, 351.0120544433594, 314.5395202636719, 335.7966613769531, 307.8663024902344, 310.96258544921875, 312.82568359375], "val_loss": [1856805.375, 1822494.25, 1367278.25, 1115253.5, 979756.8125, 844184.3125, 759085.375, 677598.6875, 678896.375, 680929.4375, 619095.3125, 623124.3125, 536073.3125, 409695.84375, 356908.625, 336921.0625, 338600.875, 397644.1875, 451013.25, 383613.5, 468354.75, 323565.84375, 467679.40625, 367550.40625, 461399.28125, 384662.3125, 498391.59375, 542275.125, 384941.40625, 477018.4375, 404887.65625, 481485.375], "val_mae": [452.4582824707031, 431.22467041015625, 379.18707275390625, 323.50897216796875, 292.5982666015625, 310.4135437011719, 234.18629455566406, 215.63803100585938, 192.5771484375, 171.08587646484375, 162.37918090820312, 126.76338958740234, 105.16598510742188, 88.64142608642578, 89.62555694580078, 78.24649810791016, 79.65653228759766, 71.25243377685547, 67.12493133544922, 66.18024444580078, 56.957157135009766, 66.94058227539062, 59.54804992675781, 73.6268539428711, 88.8949203491211, 55.20114517211914, 64.54541015625, 50.54087448120117, 55.182212829589844, 52.24613952636719, 51.774078369140625, 56.947593688964844], "val_mse": [1856803.875, 1822493.125, 1367276.625, 1115250.75, 979751.1875, 844177.1875, 759076.8125, 677586.8125, 678883.125, 680913.5, 619078.6875, 623105.5, 536053.3125, 409673.5, 356884.59375, 336896.21875, 338574.8125, 397617.65625, 450985.59375, 383585.6875, 468326.09375, 323536.90625, 467649.40625, 367520.25, 461368.65625, 384631.53125, 498360.59375, 542243.625, 384909.53125, 476986.4375, 404855.28125, 481452.75], "val_mape": [1665.410888671875, 1404.105224609375, 1324.588623046875, 1059.598388671875, 943.7611083984375, 1198.66162109375, 543.8888549804688, 455.12738037109375, 366.7040100097656, 339.1009216308594, 313.0142822265625, 263.0319519042969, 238.75601196289062, 176.409423828125, 173.5712127685547, 324.76873779296875, 143.9355926513672, 169.15980529785156, 298.8937072753906, 264.17510986328125, 215.0242462158203, 126.66226196289062, 168.20852661132812, 319.3627014160156, 170.8762664794922, 274.6284484863281, 392.77911376953125, 229.03445434570312, 157.69580078125, 206.75852966308594, 172.144775390625, 302.6484680175781]}