{"loss": [8729160.0, 8698624.0, 6146804.5, 3445615.25, 2404095.5, 1776149.25, 1559874.875, 1280919.75, 1216358.5, 973822.0625, 870826.0625, 780743.6875, 662812.0625, 797301.0, 516542.34375, 446560.90625, 441526.84375, 469066.78125, 428454.5, 409495.875, 415835.78125, 520451.9375, 434936.71875, 375274.53125, 392912.1875], "mae": [678.8849487304688, 506.26519775390625, 530.795166015625, 507.6715087890625, 490.490234375, 447.8502197265625, 408.349853515625, 358.134033203125, 323.8040771484375, 288.8930969238281, 260.9560241699219, 234.6709442138672, 209.61106872558594, 188.6697540283203, 171.94259643554688, 154.11737060546875, 145.01748657226562, 140.8487091064453, 136.93447875976562, 134.89491271972656, 134.88360595703125, 131.43077087402344, 129.31590270996094, 125.40591430664062, 126.05348205566406], "mse": [8729145.0, 8698611.0, 6146793.0, 3445583.75, 2404053.25, 1776081.375, 1559765.5, 1280782.25, 1216190.5, 973619.4375, 870593.9375, 780485.9375, 662527.0, 796993.4375, 516212.4375, 446213.21875, 441164.25, 468691.71875, 428067.625, 409096.59375, 415425.15625, 520031.15625, 434506.4375, 374834.21875, 392464.5625], "mape": [3080.978759765625, 2087.271240234375, 2275.409423828125, 2259.098876953125, 2201.77978515625, 1915.760986328125, 1617.26220703125, 1307.121337890625, 1078.585205078125, 852.6200561523438, 685.4326782226562, 564.4352416992188, 469.4189147949219, 440.51531982421875, 394.0869445800781, 368.4523620605469, 345.3195495605469, 333.2894592285156, 325.0845642089844, 325.29681396484375, 340.13470458984375, 338.75274658203125, 304.780517578125, 290.3184814453125, 308.5048522949219], "val_loss": [2176299.75, 1999065.0, 1464996.5, 1251362.75, 1087096.0, 959598.0625, 840712.25, 758957.6875, 673780.25, 694468.375, 683728.5625, 671273.75, 565163.5, 426179.5, 420761.21875, 462384.78125, 597397.625, 521033.75, 499565.6875, 544488.9375, 522900.90625, 481038.34375, 428338.53125, 449618.09375, 445438.1875], "val_mae": [464.51654052734375, 452.5019226074219, 374.1478576660156, 350.1036376953125, 321.73089599609375, 313.2140197753906, 256.7296142578125, 231.1417999267578, 221.13253784179688, 216.75022888183594, 199.27769470214844, 162.98593139648438, 140.64292907714844, 107.48062133789062, 90.77479553222656, 98.15223693847656, 79.51761627197266, 75.98711395263672, 97.31468963623047, 70.28784942626953, 63.17546844482422, 79.55857849121094, 79.90274047851562, 83.21805572509766, 87.03172302246094], "val_mse": [2176287.75, 1999050.5, 1464975.5, 1251327.0, 1087040.875, 959512.1875, 840592.3125, 758805.0, 673596.0, 694250.4375, 683483.75, 671002.9375, 564865.0, 425859.25, 420421.875, 462029.71875, 597030.125, 520652.1875, 499173.03125, 544082.6875, 522486.6875, 480613.34375, 427902.71875, 449172.84375, 444986.8125], "val_mape": [1828.008544921875, 1416.5772705078125, 1249.4066162109375, 1213.4459228515625, 1103.07666015625, 1048.286865234375, 591.2078247070312, 410.6296691894531, 461.1932373046875, 508.00189208984375, 363.6772155761719, 308.0264587402344, 287.05718994140625, 196.1410369873047, 230.72076416015625, 304.58624267578125, 178.38180541992188, 222.2610321044922, 295.39508056640625, 216.9808807373047, 173.51779174804688, 151.98617553710938, 140.6646270751953, 217.09066772460938, 184.9022979736328]}