{"loss": [9224719.0, 4490345.5, 2558751.5, 1510731.25, 1057312.75, 752359.1875, 581818.75, 485085.4375, 430657.0, 413958.28125, 398354.8125, 396378.78125, 348075.90625, 371262.28125, 347783.09375, 342125.65625, 321369.3125, 356036.84375], "mae": [565.4437255859375, 447.58746337890625, 441.1525573730469, 408.2323303222656, 349.08544921875, 277.352783203125, 217.54383850097656, 179.19699096679688, 160.38027954101562, 149.44322204589844, 145.77435302734375, 139.1391143798828, 131.5328369140625, 129.1284637451172, 123.31746673583984, 117.42555236816406, 113.09343719482422, 113.67408752441406], "mse": [9224719.0, 4490343.0, 2558748.0, 1510721.5, 1057302.375, 752342.5, 581797.5, 485060.125, 430630.65625, 413930.1875, 398325.59375, 396348.53125, 348046.46875, 371230.0, 347750.09375, 342092.1875, 321335.875, 356003.5], "mape": [2401.421875, 1834.160400390625, 1928.547607421875, 1817.0855712890625, 1457.740478515625, 988.4672241210938, 689.39501953125, 529.709716796875, 474.3553771972656, 448.19671630859375, 471.5202941894531, 444.11309814453125, 419.2008361816406, 408.7270202636719, 377.2795104980469, 345.99737548828125, 334.6529541015625, 325.6617736816406], "val_loss": [2579610.0, 2015743.125, 1660668.0, 1480717.75, 1368868.625, 1391883.75, 899934.5, 770358.0, 1094443.375, 786999.5, 1274303.5, 1041947.75, 991575.4375, 815274.1875, 802522.9375, 1355337.625, 1958715.625, 2161528.0], "val_mae": [395.7555236816406, 375.850341796875, 283.54766845703125, 240.3502655029297, 212.9429473876953, 232.2063446044922, 121.46141052246094, 96.04010009765625, 93.25360107421875, 86.38807678222656, 91.0333480834961, 78.33026123046875, 69.65991973876953, 105.83939361572266, 67.91075897216797, 74.64546203613281, 76.97209167480469, 84.76764678955078], "val_mse": [2579607.75, 2015740.375, 1660662.125, 1480707.375, 1368854.0, 1391864.125, 899910.875, 770331.625, 1094416.5, 786971.125, 1274274.125, 1041916.375, 991544.5625, 815241.0, 802489.875, 1355304.75, 1958679.25, 2161494.25], "val_mape": [1296.988037109375, 1165.8604736328125, 805.9979248046875, 591.2835083007812, 589.7557983398438, 989.7879638671875, 211.61473083496094, 182.84925842285156, 304.26776123046875, 217.24166870117188, 245.60580444335938, 303.171630859375, 195.9033203125, 198.39239501953125, 267.57940673828125, 328.82867431640625, 223.42942810058594, 317.2477111816406]}