{"loss": [13084923.0, 10562292.0, 6401527.0, 3260740.5, 2581962.5, 1736563.875, 1195774.125, 845463.625, 995500.875, 597867.4375, 562929.6875, 474792.03125, 420136.1875, 407778.53125, 402714.5625, 446155.15625, 707018.8125, 420746.40625, 375067.34375, 414856.65625, 398773.6875, 357402.0625, 369431.3125, 529123.125, 340619.0, 379571.3125, 359325.5, 353737.28125, 346697.90625, 343764.875, 337147.5, 340589.5625, 328967.9375, 364737.59375, 346227.1875, 331789.3125, 391609.96875, 321024.75, 330771.53125, 321172.9375, 326642.5625], "mae": [598.573974609375, 481.2840576171875, 482.8940734863281, 448.4690246582031, 408.0384521484375, 360.59674072265625, 315.2059020996094, 264.4473876953125, 238.23707580566406, 206.20989990234375, 181.98220825195312, 167.3431854248047, 152.33827209472656, 140.3857421875, 136.26217651367188, 128.44322204589844, 130.1186065673828, 123.33222961425781, 124.78909301757812, 124.74889373779297, 124.97773742675781, 124.21400451660156, 125.25090789794922, 123.88129425048828, 119.8287124633789, 122.66393280029297, 124.66056823730469, 130.21218872070312, 125.97318267822266, 123.3175277709961, 122.06537628173828, 119.92839050292969, 119.28707885742188, 120.4700927734375, 118.68690490722656, 117.17291259765625, 115.40171813964844, 114.89813232421875, 116.75162506103516, 114.21417999267578, 115.15895080566406], "mse": [13084922.0, 10562290.0, 6401525.0, 3260736.0, 2581955.0, 1736548.75, 1195755.625, 845441.6875, 995474.5, 597839.5, 562898.8125, 474758.3125, 420102.78125, 407743.46875, 402678.6875, 446118.125, 706982.0, 420709.8125, 375029.0625, 414818.3125, 398735.84375, 357362.125, 369390.8125, 529082.75, 340577.65625, 379529.84375, 359283.59375, 353695.21875, 346654.96875, 343721.625, 337103.3125, 340545.09375, 328923.71875, 364692.90625, 346181.09375, 331743.75, 391563.4375, 320978.03125, 330723.5, 321125.1875, 326593.59375], "mape": [2568.973388671875, 1913.9051513671875, 2013.682373046875, 1853.6885986328125, 1624.2501220703125, 1265.7193603515625, 972.9765625, 703.175537109375, 597.8699340820312, 501.9544372558594, 449.9394226074219, 412.4678649902344, 371.4263000488281, 335.7637634277344, 327.5052185058594, 302.34814453125, 316.6850891113281, 282.5108947753906, 302.5692443847656, 319.9300231933594, 321.6528015136719, 323.7674865722656, 330.943115234375, 316.28326416015625, 300.3464050292969, 301.31109619140625, 328.87738037109375, 388.3006286621094, 368.3004455566406, 335.03662109375, 332.61260986328125, 306.0499267578125, 315.7018127441406, 315.1717224121094, 299.02105712890625, 306.99761962890625, 301.6912841796875, 288.3262023925781, 290.55072021484375, 280.44879150390625, 287.879150390625], "val_loss": [2982714.0, 2559382.0, 1737971.0, 1348632.625, 1202157.25, 1005180.0, 957882.8125, 1182151.0, 1296176.625, 1774391.625, 1544987.625, 1237318.5, 1225639.625, 820720.0, 754845.25, 716909.0, 745599.25, 465628.5625, 501339.46875, 486953.65625, 377591.8125, 357713.96875, 347224.78125, 388177.46875, 445297.375, 402615.96875, 408260.03125, 339811.0, 371804.03125, 394014.5625, 284448.59375, 292154.1875, 419823.5, 636300.3125, 677646.3125, 759501.0, 701343.5625, 689958.0625, 331520.0625, 356224.8125, 393066.5], "val_mae": [425.6229248046875, 407.8005065917969, 335.2210693359375, 294.5312805175781, 271.15863037109375, 253.9270782470703, 211.52308654785156, 184.64060974121094, 169.46786499023438, 133.00247192382812, 141.65765380859375, 99.7704849243164, 90.37577819824219, 109.75579833984375, 87.37059020996094, 97.72052764892578, 77.96005249023438, 66.41409301757812, 76.52326965332031, 67.578857421875, 64.64105987548828, 61.9119987487793, 64.26202392578125, 61.42369842529297, 76.24993133544922, 60.38595199584961, 106.99105834960938, 70.01957702636719, 75.6937026977539, 95.87883758544922, 61.91094207763672, 66.39733123779297, 71.9692153930664, 65.7513656616211, 66.87309265136719, 67.05152130126953, 62.78606414794922, 88.5946273803711, 65.59603881835938, 74.3678970336914, 58.596527099609375], "val_mse": [2982712.25, 2559380.25, 1737967.125, 1348625.875, 1202146.75, 1005162.875, 957862.5625, 1182126.75, 1296149.5, 1774359.0, 1544954.25, 1237284.75, 1225604.0, 820685.625, 754808.25, 716872.25, 745560.5, 465590.90625, 501301.75, 486915.65625, 377553.25, 357674.46875, 347184.5, 388137.21875, 445256.65625, 402574.1875, 408217.59375, 339768.28125, 371760.4375, 393971.53125, 284404.8125, 292110.09375, 419778.90625, 636255.5, 677600.0625, 759454.3125, 701296.625, 689911.375, 331472.28125, 356176.375, 393017.25], "val_mape": [1401.306396484375, 1238.2275390625, 1010.1209106445312, 840.5174560546875, 878.5811767578125, 702.7802734375, 423.58941650390625, 230.9162139892578, 365.4044189453125, 286.01373291015625, 281.4364318847656, 266.1187438964844, 246.58096313476562, 183.43565368652344, 280.48919677734375, 341.5099792480469, 215.5076904296875, 189.1072998046875, 425.7708740234375, 288.7637939453125, 205.5997772216797, 158.50172424316406, 165.70907592773438, 272.9306945800781, 174.74404907226562, 281.8302001953125, 277.5528869628906, 261.7288818359375, 222.49998474121094, 488.0030517578125, 213.83753967285156, 282.41455078125, 220.00328063964844, 246.8627166748047, 346.5342712402344, 245.0717010498047, 290.782470703125, 242.12632751464844, 186.91285705566406, 307.4760437011719, 271.69537353515625]}