{"loss": [5312571.0, 5964417.5, 5092467.0, 3532934.25, 2285969.5, 2077638.875, 1986738.625, 1663801.25, 1663748.625, 1282096.625, 1352665.875, 1129729.625, 1023919.9375, 953328.5, 905206.25, 817690.125, 734032.875, 671229.4375, 630326.25, 589272.4375, 557836.375, 523461.4375, 527894.8125, 483204.53125, 449821.75, 443896.71875, 440956.0, 403365.875, 397656.1875], "mae": [777.6272583007812, 515.6136474609375, 519.2830200195312, 500.2113342285156, 491.08551025390625, 484.27935791015625, 485.4240417480469, 463.2030334472656, 447.7265319824219, 419.9840087890625, 402.1385192871094, 379.47113037109375, 358.8582458496094, 337.773193359375, 319.9811706542969, 296.02496337890625, 273.7248229980469, 255.08274841308594, 239.59812927246094, 227.0779266357422, 214.7447052001953, 202.619873046875, 195.2494354248047, 188.5242462158203, 180.24734497070312, 175.1572265625, 172.330078125, 163.73974609375, 161.00047302246094], "mse": [5312571.0, 5964416.5, 5092466.5, 3532932.25, 2285968.0, 2077634.5, 1986735.5, 1663797.25, 1663742.5, 1282090.875, 1352656.75, 1129721.0, 1023910.9375, 953318.75, 905195.5625, 817678.8125, 734019.9375, 671215.9375, 630312.0625, 589258.0, 557819.6875, 523444.375, 527876.875, 483186.0625, 449803.09375, 443878.28125, 440937.0625, 403346.0625, 397635.6875], "mape": [3601.025146484375, 2134.136962890625, 2107.65478515625, 2102.925537109375, 2095.6513671875, 2072.31884765625, 2098.150146484375, 1998.16015625, 1906.18798828125, 1759.4478759765625, 1627.1866455078125, 1496.6993408203125, 1372.115966796875, 1267.0430908203125, 1189.8450927734375, 1067.0819091796875, 993.4254760742188, 912.6251831054688, 833.2247314453125, 776.2355346679688, 715.0234375, 661.6256103515625, 637.59130859375, 607.289794921875, 591.8442993164062, 576.6063842773438, 571.6494140625, 541.9191284179688, 532.2268676757812], "val_loss": [2574823.25, 2364263.25, 1757231.875, 1524269.375, 1439661.75, 1344788.625, 1245953.875, 1184440.25, 1116726.25, 1109511.25, 1132297.375, 1231178.625, 1463007.125, 1577729.0, 1637724.125, 1401958.125, 1036145.75, 991868.6875, 910609.875, 960046.125, 942780.3125, 1225566.0, 1583250.875, 2038963.125, 2571061.0, 2744695.25, 3416348.75, 3836687.75, 4294448.0], "val_mae": [531.1704711914062, 494.58563232421875, 432.7344665527344, 397.514892578125, 370.3715515136719, 374.2411193847656, 332.15789794921875, 308.8888854980469, 292.19085693359375, 268.7730712890625, 257.32568359375, 241.48016357421875, 227.87985229492188, 215.4796905517578, 191.35125732421875, 178.38397216796875, 145.02577209472656, 124.14836883544922, 121.37562561035156, 124.93480682373047, 120.95448303222656, 130.3376007080078, 117.53409576416016, 106.5787582397461, 149.58030700683594, 151.08914184570312, 133.28216552734375, 117.17671203613281, 107.29226684570312], "val_mse": [2574822.75, 2364262.0, 1757230.75, 1524267.375, 1439659.5, 1344785.5, 1245950.25, 1184435.25, 1116720.5, 1109504.25, 1132289.375, 1231170.125, 1462997.25, 1577720.25, 1637713.125, 1401946.125, 1036131.875, 991854.3125, 910595.0, 960031.5625, 942764.625, 1225548.5, 1583232.125, 2038945.75, 2571039.75, 2744676.25, 3416328.25, 3836670.0, 4294427.0], "val_mape": [2320.8828125, 1651.22802734375, 1710.0382080078125, 1548.692626953125, 1328.41650390625, 1347.4630126953125, 1012.8463134765625, 877.4530029296875, 881.9588012695312, 643.5086059570312, 461.9876403808594, 519.9343872070312, 469.2501525878906, 348.5094299316406, 347.8714904785156, 409.0660095214844, 215.5751953125, 217.812744140625, 377.9283142089844, 351.6190490722656, 266.25848388671875, 295.347412109375, 236.92306518554688, 243.04066467285156, 293.13018798828125, 346.4535217285156, 324.2268981933594, 267.7126770019531, 197.12278747558594]}