{"loss": [6051118.0, 6341982.5, 2735145.0, 2072014.625, 1574045.625, 1268285.5, 1023787.6875, 1044176.375, 730689.4375, 649330.25, 513526.5625, 453909.6875, 416935.0625, 375494.1875, 335177.78125, 327534.3125, 338179.6875], "mae": [650.6217041015625, 475.6895446777344, 485.26739501953125, 470.485107421875, 447.0974426269531, 404.55474853515625, 350.5979309082031, 307.5196533203125, 261.7436218261719, 226.95167541503906, 192.9085693359375, 170.24317932128906, 156.86911010742188, 144.55409240722656, 133.617919921875, 127.99630737304688, 126.4157485961914], "mse": [6051117.0, 6341980.5, 2735142.5, 2072010.75, 1574038.5, 1268278.25, 1023778.5, 1044164.25, 730675.5625, 649313.125, 513507.46875, 453889.4375, 416914.125, 375471.3125, 335154.3125, 327509.46875, 338154.09375], "mape": [2901.30126953125, 1905.0130615234375, 2055.88427734375, 2061.7216796875, 1984.1749267578125, 1712.4029541015625, 1379.318115234375, 1087.716796875, 832.7672119140625, 661.9908447265625, 547.2988891601562, 480.5356750488281, 434.3924865722656, 404.6634521484375, 383.4188232421875, 377.6360168457031, 399.6410217285156], "val_loss": [2934084.75, 2509180.0, 1900359.625, 1542237.0, 1352913.25, 1279860.375, 1256465.0, 1410509.625, 1865070.5, 1610753.875, 1655264.25, 1523861.25, 1726485.125, 2655781.75, 1886701.75, 2364234.5, 2424913.5], "val_mae": [454.9802551269531, 475.1285095214844, 367.1678771972656, 334.60601806640625, 316.47747802734375, 325.637451171875, 233.7375030517578, 207.4447021484375, 184.94651794433594, 158.31640625, 127.33975219726562, 94.5359878540039, 98.00845336914062, 88.41783905029297, 78.86168670654297, 87.19639587402344, 71.07225799560547], "val_mse": [2934083.25, 2509177.75, 1900356.625, 1542233.25, 1352907.125, 1279852.25, 1256453.375, 1410495.875, 1865055.75, 1610734.625, 1655245.0, 1523839.875, 1726464.125, 2655760.25, 1886677.375, 2364209.5, 2424886.75], "val_mape": [1698.5328369140625, 1368.585205078125, 1218.1978759765625, 1159.0401611328125, 1171.0848388671875, 1327.879150390625, 506.9255676269531, 411.5802307128906, 400.1773376464844, 379.94488525390625, 304.5776062011719, 247.34095764160156, 308.57080078125, 148.0135498046875, 236.66163635253906, 289.8302307128906, 154.16668701171875]}