{"loss": [7238755.0, 11461517.0, 6458492.0, 6471072.0, 3220160.75, 2768962.0, 1396886.0, 1699662.125, 1283745.75, 1177532.75, 1260798.75, 873211.0, 887418.875, 943532.5625, 831770.0625, 650065.0625, 595992.5, 538586.375, 515676.46875], "mae": [659.8490600585938, 483.43109130859375, 465.3814697265625, 438.3584899902344, 407.44622802734375, 369.8545837402344, 331.17889404296875, 306.7440185546875, 289.2286376953125, 272.1909484863281, 255.30636596679688, 235.99200439453125, 226.61973571777344, 218.5738983154297, 206.75857543945312, 191.43264770507812, 177.5319366455078, 167.2871856689453, 160.27044677734375], "mse": [7238754.5, 11461517.0, 6458489.0, 6471070.0, 3220156.0, 2768954.25, 1396877.875, 1699648.625, 1283730.25, 1177514.875, 1260778.375, 873186.125, 887391.375, 943503.8125, 831740.375, 650032.0, 595958.5625, 538549.8125, 515637.78125], "mape": [2810.83349609375, 1815.92724609375, 1706.127197265625, 1536.5283203125, 1415.78369140625, 1161.719482421875, 914.6949462890625, 757.2774047851562, 677.6034545898438, 608.0167846679688, 533.6435546875, 471.7680969238281, 459.9867858886719, 446.6961669921875, 439.20208740234375, 384.3985595703125, 376.9773254394531, 361.1873779296875, 368.0477600097656], "val_loss": [2672175.0, 2278526.5, 1848417.625, 1408282.75, 1148337.625, 1030282.0625, 979165.375, 1036721.4375, 896248.6875, 972687.0625, 1039884.5625, 1013581.0625, 985117.4375, 1062145.375, 1235712.5, 1113139.25, 977823.125, 951076.8125, 926660.6875], "val_mae": [440.81280517578125, 408.34521484375, 364.43316650390625, 314.566650390625, 288.03558349609375, 289.7308044433594, 225.18492126464844, 228.3495330810547, 200.89610290527344, 192.4258575439453, 187.72315979003906, 167.10675048828125, 152.8844451904297, 157.4171142578125, 135.9428253173828, 119.4492416381836, 121.32852172851562, 101.2746810913086, 91.39280700683594], "val_mse": [2672174.5, 2278524.5, 1848415.75, 1408279.875, 1148333.0, 1030274.25, 979154.5, 1036706.4375, 896231.25, 972667.0625, 1039861.625, 1013555.6875, 985088.4375, 1062115.25, 1235681.375, 1113106.375, 977787.5, 951040.125, 926622.375], "val_mape": [1573.7669677734375, 1284.5418701171875, 1206.6329345703125, 866.9833374023438, 827.185546875, 815.8508911132812, 374.61273193359375, 446.8132019042969, 365.92864990234375, 332.9539489746094, 334.9544982910156, 312.5614929199219, 287.4828186035156, 189.1956329345703, 279.3819580078125, 291.319091796875, 219.58155822753906, 270.6042785644531, 362.1665954589844]}