{"loss": [5725623.0, 7074862.5, 4705557.5, 10535865.0, 2492467.5, 5749441.0, 2281622.75, 2967334.75, 2945364.0, 2613495.5, 3122255.75, 1936338.375, 2027172.375, 1941066.375, 2170684.25, 1770495.125, 1468561.875, 1378087.75, 1312879.5, 1276966.75, 1168157.75, 1148110.625, 1070856.75, 981148.625, 948031.3125, 935922.75, 879871.875, 841013.6875, 818254.5625, 795684.25, 780299.5625, 734886.625, 719600.9375, 681148.625, 658966.75, 654893.5, 649979.3125], "mae": [856.0126953125, 553.1557006835938, 544.6993408203125, 532.0570678710938, 516.6155395507812, 507.0810546875, 491.8310241699219, 480.5224609375, 482.3778076171875, 471.08544921875, 458.986328125, 435.75152587890625, 433.03515625, 419.6714782714844, 405.3431396484375, 395.3658142089844, 383.7298278808594, 368.3233642578125, 360.6614074707031, 348.9729309082031, 340.7914733886719, 328.6120910644531, 320.2752685546875, 312.4560546875, 306.22174072265625, 302.7051086425781, 296.04266357421875, 289.9976806640625, 287.5888366699219, 284.37548828125, 281.883056640625, 272.80291748046875, 269.38616943359375, 263.3942565917969, 258.4461669921875, 260.023193359375, 256.0132751464844], "mse": [5725615.0, 7074856.0, 4705549.5, 10535859.0, 2492459.5, 5749431.0, 2281614.0, 2967323.25, 2945351.25, 2613480.5, 3122240.0, 1936318.375, 2027150.125, 1941040.625, 2170655.5, 1770464.875, 1468525.5, 1378047.375, 1312836.25, 1276919.875, 1168107.0, 1148053.5, 1070795.375, 981083.8125, 947959.625, 935844.4375, 879788.875, 840926.375, 818160.1875, 795585.6875, 780195.5, 734775.9375, 719485.3125, 681026.0625, 658838.3125, 654759.0625, 649838.25], "mape": [4055.695556640625, 2276.75732421875, 2178.9775390625, 2057.001220703125, 1980.678466796875, 1893.5318603515625, 1793.226318359375, 1671.0665283203125, 1714.1773681640625, 1655.1893310546875, 1545.145751953125, 1407.503173828125, 1362.15771484375, 1318.815673828125, 1243.657958984375, 1198.1790771484375, 1154.794677734375, 1089.120849609375, 1040.5177001953125, 1003.9619140625, 982.6687622070312, 944.874267578125, 907.3056030273438, 906.6779174804688, 905.9760131835938, 913.10595703125, 891.3782958984375, 875.44775390625, 871.1263427734375, 877.6994018554688, 873.8059692382812, 857.645751953125, 857.654052734375, 862.2159423828125, 860.73583984375, 888.552490234375, 927.3382568359375], "val_loss": [3319406.5, 3365684.75, 3544926.25, 3144067.75, 3025121.0, 2655004.25, 2666201.75, 2546829.0, 2394232.25, 2356442.5, 2311833.75, 2418262.5, 2384690.75, 2248159.5, 1949131.25, 1861269.125, 1775235.25, 1747954.25, 1768139.0, 1556685.875, 1471366.875, 1286263.5, 1063527.375, 1627630.875, 759753.3125, 756025.875, 688068.125, 780693.25, 800191.9375, 1406787.375, 918282.5, 1437039.875, 836138.25, 835168.5, 783182.875, 1359490.25, 1033721.375], "val_mae": [576.5879516601562, 533.4020385742188, 496.5875244140625, 496.165771484375, 474.4828186035156, 470.8089599609375, 444.7882995605469, 443.22161865234375, 432.5321350097656, 418.3906555175781, 390.20501708984375, 366.21673583984375, 347.2247314453125, 320.1410217285156, 299.2214050292969, 294.4320373535156, 279.5730895996094, 263.3863220214844, 266.4116516113281, 244.95762634277344, 240.72982788085938, 229.67835998535156, 206.13816833496094, 197.06150817871094, 178.4201202392578, 193.08245849609375, 154.01531982421875, 165.30526733398438, 143.55889892578125, 159.3887939453125, 145.29449462890625, 151.2625274658203, 139.0041961669922, 123.152587890625, 127.00548553466797, 134.87115478515625, 112.01763153076172], "val_mse": [3319400.0, 3365677.0, 3544917.75, 3144059.25, 3025112.75, 2654996.0, 2666190.5, 2546818.75, 2394219.0, 2356425.5, 2311814.5, 2418241.0, 2384667.25, 2248132.5, 1949099.625, 1861235.125, 1775195.625, 1747912.0, 1768094.125, 1556636.25, 1471313.25, 1286205.125, 1063463.25, 1627562.5, 759678.5625, 755945.0625, 687981.0, 780601.8125, 800094.6875, 1406685.0, 918174.4375, 1436926.375, 836018.3125, 835043.5, 783050.8125, 1359352.625, 1033576.5], "val_mape": [2508.47314453125, 1958.883544921875, 2009.7176513671875, 2098.88916015625, 1902.7584228515625, 1788.7176513671875, 1601.259033203125, 1632.3153076171875, 1624.941650390625, 1447.7012939453125, 1198.3935546875, 1086.9609375, 1026.0501708984375, 739.2185668945312, 680.7636108398438, 709.3015747070312, 585.8253784179688, 474.5726318359375, 640.7801513671875, 370.0590515136719, 382.0657043457031, 307.19232177734375, 405.035400390625, 305.9262390136719, 301.2993469238281, 459.28515625, 271.4956970214844, 383.85858154296875, 284.9751281738281, 474.4527282714844, 351.2294616699219, 468.80023193359375, 268.6918640136719, 254.82473754882812, 426.04266357421875, 364.0962219238281, 396.1103515625]}