{"loss": [4238034.0, 4742466.5, 4517746.5, 3647504.5, 2230595.5, 1973683.25, 1951795.75, 1799764.25, 1495629.0, 1338249.125, 1507111.375, 1348741.625, 1345393.875, 1160222.25, 995791.0625, 911864.25, 866122.375], "mae": [768.4939575195312, 524.3338623046875, 514.4002075195312, 487.7072448730469, 468.7903747558594, 446.7214660644531, 430.49957275390625, 402.7453918457031, 379.4326171875, 348.48358154296875, 329.9250793457031, 316.53106689453125, 306.8028564453125, 294.4846496582031, 285.0523681640625, 267.9147033691406, 255.70677185058594], "mse": [4238033.0, 4742466.0, 4517745.0, 3647502.75, 2230593.25, 1973679.75, 1951792.0, 1799758.5, 1495623.0, 1338238.75, 1507101.125, 1348728.125, 1345380.375, 1160206.25, 995772.5, 911843.875, 866101.0625], "mape": [3395.952880859375, 2122.836181640625, 2044.063720703125, 1900.626708984375, 1826.9591064453125, 1695.94482421875, 1596.81689453125, 1405.8173828125, 1256.1756591796875, 1046.267333984375, 902.4296875, 825.9223022460938, 766.3460693359375, 732.1928100585938, 716.6077880859375, 634.9711303710938, 601.3897705078125], "val_loss": [2643616.0, 2339519.5, 1632418.75, 1475336.375, 1360790.25, 1325121.0, 1275206.375, 1278383.625, 1343324.25, 1414834.0, 1491266.875, 1534329.875, 1608478.0, 1678744.125, 2034064.25, 2069135.5, 2079661.75], "val_mae": [521.541748046875, 479.7049560546875, 402.4220886230469, 375.6936950683594, 348.05584716796875, 350.791015625, 304.0823669433594, 293.5799255371094, 270.4665832519531, 259.957275390625, 249.19891357421875, 237.88656616210938, 226.66183471679688, 217.61026000976562, 212.07460021972656, 202.87216186523438, 191.40492248535156], "val_mse": [2643614.5, 2339518.5, 1632417.0, 1475334.375, 1360787.125, 1325116.75, 1275201.25, 1278376.875, 1343317.625, 1414823.625, 1491256.25, 1534317.25, 1608461.875, 1678724.625, 2034046.5, 2069113.875, 2079638.75], "val_mape": [2087.564697265625, 1621.8424072265625, 1423.1929931640625, 1346.6756591796875, 1107.98681640625, 1155.498046875, 749.1619262695312, 721.107421875, 629.9037475585938, 567.6836547851562, 430.66900634765625, 518.3109130859375, 482.5463562011719, 376.3995056152344, 405.0798645019531, 397.1788330078125, 272.14483642578125]}