{"loss": [5788664.5, 5894395.0, 5600508.5, 3951258.5, 2761403.5, 2631132.75, 2049782.5, 1994863.875, 1803069.5, 1601278.875, 1624457.125, 1643558.625, 1408431.375, 1312781.875, 1182025.375, 1051621.875, 992622.6875, 863469.375, 738619.9375, 646399.5, 590332.5625, 539678.3125, 499943.28125, 485098.75, 441196.6875, 441739.3125, 431299.96875, 404723.40625, 394427.1875, 386025.90625], "mae": [790.1159057617188, 524.64111328125, 538.109619140625, 511.8354797363281, 513.5636596679688, 508.9157409667969, 508.61749267578125, 496.62799072265625, 491.9580078125, 474.61328125, 455.570068359375, 442.6467590332031, 419.25, 390.28643798828125, 362.8309020996094, 337.1987609863281, 311.8794250488281, 283.0498046875, 253.9147491455078, 229.43833923339844, 208.76187133789062, 193.23065185546875, 182.48324584960938, 172.71047973632812, 164.64004516601562, 162.4837188720703, 158.9871063232422, 154.10450744628906, 149.25848388671875, 146.31365966796875], "mse": [5788657.0, 5894383.0, 5600497.5, 3951244.0, 2761389.5, 2631114.75, 2049760.0, 1994839.375, 1803041.375, 1601243.0, 1624414.0, 1643508.125, 1408371.375, 1312708.75, 1181943.5, 1051529.125, 992516.1875, 863348.625, 738485.375, 646249.8125, 590171.5625, 539506.375, 499759.90625, 484905.75, 440995.21875, 441530.6875, 431084.15625, 404501.375, 394198.34375, 385791.25], "mape": [3677.750244140625, 2206.569091796875, 2228.6591796875, 2081.686279296875, 2148.85205078125, 2105.4033203125, 2163.99365234375, 2105.019775390625, 2128.89501953125, 2032.645263671875, 1892.2723388671875, 1807.5108642578125, 1664.380615234375, 1479.996826171875, 1287.4307861328125, 1143.760498046875, 1021.1002197265625, 880.48388671875, 768.6115112304688, 716.1124877929688, 645.2876586914062, 582.365478515625, 553.5433349609375, 510.4537658691406, 485.3802490234375, 457.8244934082031, 453.425048828125, 439.7322082519531, 419.408935546875, 406.1404724121094], "val_loss": [2547152.75, 2566381.0, 2059125.75, 1898951.375, 1846089.25, 1758165.25, 1664213.25, 1566240.875, 1472431.5, 1443760.125, 1394170.625, 1327446.0, 1392450.75, 1495093.5, 1735597.0, 2047351.375, 2013361.0, 1722407.875, 1230583.0, 950575.8125, 1193605.375, 1241603.125, 1725332.5, 2343765.25, 2565056.25, 2624743.25, 2509251.5, 3017327.5, 3374814.25, 3469713.25], "val_mae": [541.8997802734375, 512.4412231445312, 460.0674133300781, 442.40380859375, 420.81671142578125, 412.4924621582031, 387.7621154785156, 374.03326416015625, 353.9483642578125, 335.05682373046875, 322.1684265136719, 302.756103515625, 294.98419189453125, 273.75787353515625, 259.533447265625, 245.4527130126953, 215.3218231201172, 194.3178253173828, 172.19610595703125, 117.85344696044922, 124.66548919677734, 121.10237884521484, 113.2679443359375, 142.75088500976562, 151.57643127441406, 84.7054443359375, 138.25445556640625, 127.8949203491211, 92.34127044677734, 145.26824951171875], "val_mse": [2547145.25, 2566371.0, 2059115.0, 1898937.75, 1846073.125, 1758146.875, 1664191.875, 1566215.25, 1472399.5, 1443722.625, 1394126.25, 1327392.125, 1392385.5, 1495016.625, 1735510.375, 2047252.625, 2013246.375, 1722280.125, 1230440.625, 950420.75, 1193439.125, 1241425.625, 1725145.125, 2343568.75, 2564850.25, 2624532.5, 2509033.0, 3017099.25, 3374580.5, 3469476.0], "val_mape": [2295.43359375, 1689.0174560546875, 1863.6705322265625, 1812.1395263671875, 1590.0848388671875, 1488.0501708984375, 1347.607666015625, 1245.5555419921875, 1142.1182861328125, 923.2943115234375, 765.0469970703125, 780.7994995117188, 790.0113525390625, 589.1192626953125, 578.1194458007812, 562.2990112304688, 335.21453857421875, 390.1874694824219, 557.7157592773438, 228.4124298095703, 253.39503479003906, 201.3070831298828, 179.66062927246094, 456.99658203125, 195.40908813476562, 253.81228637695312, 295.84014892578125, 190.36724853515625, 200.80982971191406, 449.89935302734375]}