{"loss": [7908338.0, 5559453.5, 2682899.25, 2392243.5, 1672063.75, 1372309.0, 1113411.75, 960090.6875, 777455.8125, 649826.1875, 536967.3125, 583533.4375, 456506.71875, 458057.03125, 394210.65625, 375658.90625, 355270.15625, 337423.34375, 318385.625, 355681.15625, 303361.46875, 284455.21875, 298207.75, 307248.0, 281442.25, 289216.28125, 282203.125, 285868.375, 259699.515625, 897153.8125, 254558.953125, 274441.59375, 267903.84375, 293683.875, 250938.640625, 264138.125, 268703.15625], "mae": [677.4122314453125, 514.436279296875, 539.0040893554688, 534.5664672851562, 511.9856262207031, 470.0922546386719, 422.63836669921875, 368.7934875488281, 312.341796875, 262.7181091308594, 222.65208435058594, 205.38775634765625, 186.7663116455078, 174.99195861816406, 162.1426544189453, 152.5065155029297, 144.8196563720703, 136.8194122314453, 130.4477996826172, 128.99179077148438, 124.24176025390625, 114.80781555175781, 120.86203002929688, 121.23214721679688, 117.82022857666016, 119.74009704589844, 119.4434814453125, 119.842529296875, 112.87268829345703, 116.20408630371094, 112.28510284423828, 112.88602447509766, 111.2410659790039, 113.86876678466797, 108.05300903320312, 110.61408996582031, 110.81868743896484], "mse": [7908319.5, 5559435.0, 2682874.25, 2392205.75, 1672004.75, 1372233.25, 1113314.0, 959969.0, 777306.9375, 649651.1875, 536771.875, 583321.375, 456283.96875, 457825.21875, 393967.6875, 375406.59375, 355010.8125, 337155.84375, 318112.375, 355401.125, 303076.71875, 284166.75, 297915.875, 306953.5, 281146.0, 288917.53125, 281903.75, 285566.84375, 259395.84375, 896848.4375, 254249.484375, 274127.28125, 267587.375, 293363.4375, 250613.515625, 263810.9375, 268372.9375], "mape": [3090.9501953125, 2226.48583984375, 2484.52294921875, 2532.251953125, 2477.813232421875, 2220.844970703125, 1965.0203857421875, 1615.65771484375, 1296.5894775390625, 1039.192138671875, 838.7272338867188, 733.9144287109375, 648.1204223632812, 596.5924072265625, 532.0355834960938, 493.8178405761719, 478.5187072753906, 457.2147521972656, 442.6742858886719, 430.7308654785156, 430.74212646484375, 369.3719177246094, 425.3863220214844, 422.5758361816406, 420.4506530761719, 433.3927307128906, 443.675537109375, 454.07330322265625, 397.79034423828125, 412.3550720214844, 414.35968017578125, 397.1853332519531, 389.35443115234375, 409.8546447753906, 371.08599853515625, 383.8159484863281, 381.8490295410156], "val_loss": [2642373.25, 2127557.25, 1639906.5, 1426174.75, 1249195.125, 1155650.75, 1245410.375, 1380474.25, 1600639.625, 1668262.0, 1895769.0, 1639580.875, 1621435.5, 1415826.75, 1239843.875, 1064182.5, 1225547.375, 1419614.25, 960210.125, 771778.8125, 872973.75, 765983.125, 911006.6875, 1126575.375, 1027171.9375, 1695770.5, 756879.5625, 1133855.875, 924407.0, 1641195.75, 1364665.375, 1347376.375, 1677877.125, 1883770.875, 2079298.625, 2541384.75, 2158343.5], "val_mae": [467.8262939453125, 484.651123046875, 386.6787414550781, 366.85369873046875, 324.8726501464844, 302.7471618652344, 265.2489318847656, 222.94647216796875, 182.71165466308594, 138.3111114501953, 130.72366333007812, 109.13101959228516, 97.45465850830078, 104.74169158935547, 89.80394744873047, 86.63957977294922, 135.98231506347656, 76.51358795166016, 100.79072570800781, 83.08124542236328, 60.4023551940918, 81.53358459472656, 67.97366333007812, 64.2921142578125, 98.69261169433594, 84.21275329589844, 87.69669342041016, 66.5204849243164, 72.29959869384766, 110.73235321044922, 61.079124450683594, 65.72715759277344, 59.186248779296875, 69.95039367675781, 61.62538528442383, 72.58393859863281, 65.64379119873047], "val_mse": [2642355.25, 2127534.25, 1639875.875, 1426125.875, 1249128.25, 1155564.375, 1245302.125, 1380337.375, 1600477.125, 1668075.75, 1895563.875, 1639362.125, 1621207.75, 1415589.5, 1239596.0, 1063926.375, 1225283.5, 1419345.125, 959933.5625, 771496.3125, 872687.5, 765693.0, 910713.0, 1126279.875, 1026874.5, 1695470.25, 756580.0, 1133553.0, 924101.375, 1640890.0, 1364353.0, 1347061.25, 1677558.875, 1883447.375, 2078970.75, 2541057.0, 2158012.5], "val_mape": [1607.0931396484375, 1615.4871826171875, 1449.522216796875, 1515.2283935546875, 1195.22998046875, 1038.8748779296875, 725.6913452148438, 516.40966796875, 433.8016357421875, 358.3458251953125, 339.6013488769531, 335.1943664550781, 231.06163024902344, 166.2620086669922, 272.43170166015625, 319.9610290527344, 163.17372131347656, 299.5274963378906, 468.2033996582031, 326.7935791015625, 237.7183380126953, 180.271728515625, 186.5128173828125, 221.34596252441406, 314.3480224609375, 448.9036865234375, 424.6967468261719, 298.88702392578125, 264.3249206542969, 626.1499633789062, 165.2563934326172, 232.8626251220703, 183.3441925048828, 258.084716796875, 283.0662536621094, 227.64950561523438, 326.54107666015625]}