{"loss": [4.755853176116943, 1.1404235363006592, 0.8028098344802856, 0.6048767566680908, 0.47488513588905334, 0.38901013135910034, 0.3215938210487366, 0.2608320116996765, 0.22846637666225433, 0.2050757259130478, 0.18877488374710083, 0.1787310689687729, 0.16958780586719513, 0.16249655187129974, 0.15668784081935883, 0.1492045819759369, 0.1442590355873108, 0.13881687819957733, 0.1363033801317215, 0.1328645944595337, 0.13004569709300995, 0.12408989667892456, 0.12271127849817276, 0.11883894354104996, 0.11499809473752975, 0.11192652583122253, 0.10872559994459152, 0.10620240122079849, 0.1053241714835167, 0.10268039256334305, 0.09847033023834229, 0.09749661386013031, 0.09671970456838608, 0.09440574795007706, 0.09205582737922668, 0.09284605830907822, 0.09075262397527695, 0.08940289914608002, 0.0884719118475914, 0.08756065368652344, 0.08539319038391113, 0.08610738068819046, 0.08440348505973816, 0.08288195729255676, 0.08277584612369537, 0.08102937042713165, 0.08171316981315613, 0.08143507689237595, 0.08134009689092636, 0.08097083121538162, 0.08167082071304321, 0.0795101672410965, 0.0805397555232048, 0.07956010103225708, 0.07993609458208084, 0.08046511560678482, 0.0801469013094902, 0.08038969337940216, 0.07916383445262909, 0.08117790520191193, 0.08057203888893127, 0.08001817017793655, 0.0800260603427887, 0.0797472894191742, 0.08050448447465897, 0.07982200384140015, 0.07956989854574203, 0.07828935235738754, 0.08015790581703186, 0.07982542365789413, 0.08014078438282013, 0.08114399015903473], "mae": [1.265710711479187, 0.6828321814537048, 0.5770543813705444, 0.5208053588867188, 0.4743654727935791, 0.43649980425834656, 0.4014163315296173, 0.36693310737609863, 0.3494158983230591, 0.3339742124080658, 0.32107043266296387, 0.3126036524772644, 0.3044390380382538, 0.2981828451156616, 0.2913950979709625, 0.28476443886756897, 0.27945297956466675, 0.2722732424736023, 0.26980459690093994, 0.26591652631759644, 0.261709064245224, 0.25547119975090027, 0.2524957060813904, 0.24763497710227966, 0.24314872920513153, 0.23873646557331085, 0.2341940551996231, 0.23026511073112488, 0.22929786145687103, 0.22523324191570282, 0.22018423676490784, 0.21868491172790527, 0.2168790102005005, 0.21318936347961426, 0.21048085391521454, 0.21011778712272644, 0.2064579725265503, 0.20478825271129608, 0.20318587124347687, 0.2014332264661789, 0.19812390208244324, 0.1992076188325882, 0.19643190503120422, 0.19427473843097687, 0.19282424449920654, 0.19006627798080444, 0.19072726368904114, 0.18982528150081635, 0.18953818082809448, 0.18969447910785675, 0.1887415498495102, 0.1858600676059723, 0.18708157539367676, 0.186020165681839, 0.1863775998353958, 0.18655283749103546, 0.18608930706977844, 0.18592949211597443, 0.18429282307624817, 0.18738655745983124, 0.18706102669239044, 0.18559157848358154, 0.18602830171585083, 0.18493086099624634, 0.1860402524471283, 0.18451586365699768, 0.18489719927310944, 0.18250302970409393, 0.18536275625228882, 0.18602031469345093, 0.18524160981178284, 0.18641573190689087], "mse": [4.292270660400391, 0.7453392148017883, 0.5309784412384033, 0.4360426664352417, 0.3641475439071655, 0.30911070108413696, 0.2640572786331177, 0.22217197716236115, 0.2010447084903717, 0.18426644802093506, 0.1714129000902176, 0.16361534595489502, 0.1557105928659439, 0.1494135558605194, 0.1442030817270279, 0.13691988587379456, 0.13228361308574677, 0.1269308477640152, 0.12449020147323608, 0.12151771038770676, 0.11859945207834244, 0.11285112798213959, 0.11118434369564056, 0.10761917382478714, 0.10397998988628387, 0.10091783851385117, 0.0977925956249237, 0.09550032764673233, 0.0945507287979126, 0.09194562584161758, 0.0879761204123497, 0.08717602491378784, 0.08623097836971283, 0.08402076363563538, 0.08191608637571335, 0.08248243480920792, 0.0804532915353775, 0.07927189022302628, 0.0782967209815979, 0.07751808315515518, 0.0754324197769165, 0.07601378113031387, 0.0746086835861206, 0.07310054451227188, 0.07289475202560425, 0.07119520008563995, 0.0720481425523758, 0.07177341729402542, 0.07168608158826828, 0.07149301469326019, 0.07179048657417297, 0.07009653747081757, 0.070907823741436, 0.07025308161973953, 0.0705561563372612, 0.07112883031368256, 0.07076936960220337, 0.07088827341794968, 0.06999406963586807, 0.0716579481959343, 0.07122141867876053, 0.07075881212949753, 0.07067569345235825, 0.07050032913684845, 0.07106172293424606, 0.07025060802698135, 0.0704212561249733, 0.06901052594184875, 0.07091183960437775, 0.07062852382659912, 0.0708053857088089, 0.0717962309718132], "mape": [11.997736930847168, 6.491513729095459, 5.493403434753418, 4.962371826171875, 4.5212202072143555, 4.161097049713135, 3.8296074867248535, 3.5035204887390137, 3.3355391025543213, 3.191406011581421, 3.07130765914917, 2.9939091205596924, 2.9157655239105225, 2.856889486312866, 2.7921524047851562, 2.7287817001342773, 2.6795902252197266, 2.612912178039551, 2.588932752609253, 2.5537025928497314, 2.5148353576660156, 2.4540927410125732, 2.4274091720581055, 2.3826048374176025, 2.3406543731689453, 2.2987632751464844, 2.256107807159424, 2.2194457054138184, 2.2106025218963623, 2.1714091300964355, 2.1246936321258545, 2.1101598739624023, 2.094080924987793, 2.059422016143799, 2.034093141555786, 2.031796932220459, 1.9971339702606201, 1.9827500581741333, 1.9665215015411377, 1.951247215270996, 1.9201678037643433, 1.9313989877700806, 1.903923511505127, 1.8840327262878418, 1.8720030784606934, 1.844970941543579, 1.8528262376785278, 1.8456153869628906, 1.8425896167755127, 1.8445619344711304, 1.8361157178878784, 1.808693766593933, 1.8206980228424072, 1.810810923576355, 1.8145819902420044, 1.816857099533081, 1.813077688217163, 1.811707854270935, 1.7960976362228394, 1.8251222372055054, 1.8233592510223389, 1.8091132640838623, 1.8126840591430664, 1.802503228187561, 1.8134580850601196, 1.7980445623397827, 1.801967978477478, 1.7798937559127808, 1.8069019317626953, 1.8125531673431396, 1.805773138999939, 1.8171004056930542], "val_loss": [0.6570260524749756, 0.4273208975791931, 0.2967904210090637, 0.2423391342163086, 0.19833871722221375, 0.11590107530355453, 0.09080185741186142, 0.06928272545337677, 0.07566951960325241, 0.05372662842273712, 0.04432632029056549, 0.060638848692178726, 0.055195294320583344, 0.055603429675102234, 0.05835014209151268, 0.05817222595214844, 0.06285236775875092, 0.040577277541160583, 0.05050657317042351, 0.04383084923028946, 0.03906998410820961, 0.044534292072057724, 0.048028863966464996, 0.04460541903972626, 0.04548165947198868, 0.06730998307466507, 0.04178799316287041, 0.07037215679883957, 0.04969650134444237, 0.04238610714673996, 0.07280132174491882, 0.08107886463403702, 0.05988582968711853, 0.055426426231861115, 0.07606010884046555, 0.04496198520064354, 0.04101381450891495, 0.04753907024860382, 0.09893079847097397, 0.039844755083322525, 0.03841745853424072, 0.037690598517656326, 0.04028350114822388, 0.03872598707675934, 0.06347137689590454, 0.03894782438874245, 0.038501493632793427, 0.038674451410770416, 0.046482909470796585, 0.04537763074040413, 0.0458528958261013, 0.04648984223604202, 0.05068632587790489, 0.04790882021188736, 0.05549605190753937, 0.04844317212700844, 0.06909192353487015, 0.046243973076343536, 0.045928966253995895, 0.05919845402240753, 0.05215020850300789, 0.051725856959819794, 0.05026225000619888, 0.06120677292346954, 0.04478001222014427, 0.04708345979452133, 0.044190265238285065, 0.0439964160323143, 0.04689747840166092, 0.04144320264458656, 0.055974580347537994, 0.0696321427822113],