{"loss": [3296007.0, 1684545.25, 1537423.25, 1415225.625, 1305147.375, 1182594.375, 1136809.875, 1014131.9375, 890471.75, 828311.3125, 761487.6875, 691600.625, 644748.6875, 641061.8125, 550488.3125, 569916.1875, 525046.9375, 528697.8125, 540650.4375, 469425.28125, 447909.34375, 432406.6875, 428169.5, 440079.875, 548231.125, 406741.46875, 382595.59375, 394469.65625, 385560.46875, 367381.0, 361134.625, 366623.5, 379260.96875, 388120.65625, 365272.6875, 367919.53125, 359151.4375, 361129.8125, 338472.1875, 343641.96875, 367064.59375, 349416.09375, 353934.28125, 339217.71875, 343967.53125, 355844.125, 349611.4375, 312844.6875], "mae": [727.6258544921875, 456.5762939453125, 424.30377197265625, 403.44354248046875, 385.1189270019531, 363.8317565917969, 355.6856689453125, 331.2402038574219, 308.51898193359375, 291.19293212890625, 272.9935302734375, 256.72698974609375, 239.67872619628906, 229.7914276123047, 210.2201385498047, 206.90769958496094, 192.5504913330078, 186.076904296875, 183.8341522216797, 172.13848876953125, 163.78399658203125, 157.47312927246094, 153.279541015625, 153.02706909179688, 151.93894958496094, 140.21694946289062, 133.38128662109375, 134.15716552734375, 132.05160522460938, 123.19981384277344, 120.49784851074219, 120.9297866821289, 122.43132781982422, 121.79762268066406, 114.76434326171875, 116.85482788085938, 115.40746307373047, 115.95844268798828, 111.57401275634766, 114.69390869140625, 117.01976776123047, 115.82815551757812, 114.64743041992188, 113.28057861328125, 116.61434936523438, 115.58636474609375, 114.42879486083984, 104.07414245605469], "mse": [3296005.5, 1684543.75, 1537421.375, 1415223.5, 1305144.25, 1182590.875, 1136806.125, 1014127.625, 890465.3125, 828305.25, 761480.5625, 691592.9375, 644740.1875, 641051.3125, 550478.3125, 569904.75, 525034.875, 528685.4375, 540638.125, 469412.03125, 447896.0625, 432393.40625, 428154.90625, 440065.375, 548216.375, 406726.96875, 382580.4375, 394453.875, 385544.53125, 367364.875, 361117.90625, 366607.21875, 379244.09375, 388103.6875, 365255.875, 367902.28125, 359133.96875, 361112.65625, 338454.5, 343624.15625, 367046.3125, 349397.875, 353916.03125, 339199.75, 343948.8125, 355825.84375, 349593.125, 312825.84375], "mape": [3115.3251953125, 1779.1185302734375, 1567.0191650390625, 1456.9085693359375, 1404.8988037109375, 1309.25634765625, 1353.01904296875, 1238.8125, 1165.8797607421875, 1091.04638671875, 1010.0549926757812, 962.2277221679688, 900.5435791015625, 834.4417724609375, 764.44482421875, 720.474609375, 641.4314575195312, 616.114501953125, 620.1204223632812, 547.0347290039062, 504.29766845703125, 503.77703857421875, 474.671875, 470.0169372558594, 476.7430725097656, 396.81689453125, 367.5687255859375, 378.147705078125, 350.5235595703125, 326.5942687988281, 302.95782470703125, 309.8988952636719, 325.95660400390625, 318.47491455078125, 292.9511413574219, 306.7593078613281, 288.894287109375, 301.30999755859375, 289.5622863769531, 308.54278564453125, 310.49676513671875, 309.4093017578125, 296.9977111816406, 313.4761657714844, 326.2055358886719, 318.9776916503906, 296.3488464355469, 242.52493286132812], "val_loss": [2510394.0, 2548007.5, 2805537.75, 3094553.5, 2988364.25, 3052927.5, 2466253.25, 2446966.25, 2472740.25, 1955216.25, 1855080.875, 1697247.125, 1533540.875, 962155.9375, 964724.125, 736250.125, 680463.9375, 606747.1875, 771688.6875, 940154.3125, 757992.1875, 608208.5, 511636.875, 525700.875, 448929.96875, 717669.75, 534722.6875, 600645.625, 441831.65625, 645384.625, 532933.75, 456750.0, 513162.8125, 621382.5, 500499.84375, 462736.375, 372785.28125, 369593.5625, 538402.5625, 480787.53125, 447714.78125, 542005.875, 530930.1875, 496130.3125, 465750.65625, 458732.875, 494141.0, 456644.3125], "val_mae": [467.73309326171875, 430.5161437988281, 382.7139587402344, 362.974365234375, 335.0673828125, 426.9114685058594, 282.8385925292969, 255.38446044921875, 234.7628936767578, 212.22222900390625, 213.4357147216797, 182.67677307128906, 152.8211669921875, 183.2740020751953, 134.47174072265625, 136.0392608642578, 174.69891357421875, 164.65599060058594, 120.13601684570312, 121.18856811523438, 163.81268310546875, 112.76985168457031, 104.0564956665039, 108.6728286743164, 100.14844512939453, 90.78012084960938, 88.66082000732422, 99.8031234741211, 98.83467864990234, 97.27251434326172, 85.85479736328125, 114.2728042602539, 75.21625518798828, 81.06133270263672, 102.56748962402344, 98.67137145996094, 97.74826049804688, 93.45903015136719, 88.74117279052734, 99.61595916748047, 82.81121063232422, 84.0075912475586, 85.22714233398438, 73.78652954101562, 83.77951049804688, 75.90601348876953, 90.06063842773438, 85.10737609863281], "val_mse": [2510391.75, 2548005.5, 2805535.25, 3094550.75, 2988362.0, 3052924.75, 2466248.75, 2446962.75, 2472736.0, 1955209.125, 1855073.75, 1697237.875, 1533531.5, 962145.25, 964713.0, 736238.25, 680452.0625, 606734.625, 771675.8125, 940141.4375, 757978.1875, 608194.75, 511622.90625, 525686.5625, 448915.25, 717654.3125, 534707.3125, 600630.3125, 441815.25, 645369.25, 532916.8125, 456732.78125, 513146.5, 621364.8125, 500483.59375, 462719.53125, 372767.75, 369576.0, 538383.875, 480770.84375, 447697.09375, 541987.5, 530912.0, 496111.65625, 465731.8125, 458714.75, 494122.40625, 456624.96875], "val_mape": [2011.216064453125, 1687.2593994140625, 1176.4266357421875, 1371.511962890625, 1091.44091796875, 2071.8388671875, 855.3761596679688, 675.3010864257812, 657.7993774414062, 478.2286682128906, 801.9407958984375, 597.9329223632812, 364.5303955078125, 725.1033325195312, 384.1823425292969, 216.87217712402344, 408.32745361328125, 817.8809204101562, 491.9250793457031, 492.4285583496094, 979.945068359375, 297.5065002441406, 377.4211120605469, 274.81732177734375, 353.19091796875, 245.905029296875, 261.7732849121094, 362.3780822753906, 260.1145935058594, 357.8673095703125, 173.77297973632812, 624.3956298828125, 248.76992797851562, 268.9643249511719, 295.475830078125, 303.59417724609375, 404.1907958984375, 200.7595672607422, 157.14654541015625, 204.7201690673828, 215.7455596923828, 187.7575225830078, 344.2758483886719, 258.4637145996094, 170.6050262451172, 168.143310546875, 333.22796630859375, 325.65777587890625]}