{"loss": [3835559.0, 2496705.75, 2031443.0, 2007904.75, 1862767.375, 1892036.75, 1743583.25, 1749840.25, 1727147.375, 1655300.75, 1629036.625], "mae": [854.2913208007812, 528.40673828125, 489.5849609375, 475.77801513671875, 464.4158630371094, 462.3829650878906, 455.4861755371094, 456.2970275878906, 456.05242919921875, 451.2320556640625, 446.7429504394531], "mse": [3835558.75, 2496705.25, 2031442.125, 2007903.625, 1862765.5, 1892035.25, 1743580.625, 1749837.875, 1727145.0, 1655297.125, 1629032.75], "mape": [4008.612060546875, 2148.652099609375, 1785.575927734375, 1628.4378662109375, 1567.4351806640625, 1515.5667724609375, 1525.2735595703125, 1533.5533447265625, 1547.605224609375, 1552.5865478515625, 1552.886474609375], "val_loss": [3612237.75, 4607081.5, 5315697.5, 5679156.0, 6116108.5, 6223341.0, 5973517.0, 5577838.5, 5803038.0, 6296206.5, 5912485.5], "val_mae": [564.2557983398438, 488.7228088378906, 469.4927673339844, 458.5813293457031, 439.1409912109375, 451.28143310546875, 427.0765380859375, 420.07550048828125, 414.5738220214844, 390.5035400390625, 380.88470458984375], "val_mse": [3612237.0, 4607081.5, 5315695.5, 5679155.5, 6116107.5, 6223340.0, 5973515.0, 5577838.0, 5803035.5, 6296203.5, 5912483.0], "val_mape": [2752.087158203125, 1985.69482421875, 1570.217041015625, 1810.9305419921875, 1533.681396484375, 1827.1971435546875, 1389.3555908203125, 1226.5350341796875, 1208.0263671875, 1221.6419677734375, 1250.9378662109375]}