{"loss": [3499602.25, 2209891.5, 1796890.625, 2748308.5, 2197327.5, 2213750.25, 1624680.75, 1618508.625, 1599443.625, 1519016.375, 1454214.625], "mae": [805.5540161132812, 515.208984375, 466.3004455566406, 455.7894592285156, 449.946533203125, 448.10430908203125, 437.2604064941406, 426.128173828125, 425.2548522949219, 412.584716796875, 399.05548095703125], "mse": [3499595.0, 2209881.75, 1796878.875, 2748293.75, 2197310.75, 2213729.75, 1624654.875, 1618480.875, 1599414.625, 1518984.5, 1454179.875], "mape": [3716.244873046875, 2059.97802734375, 1672.73828125, 1574.2242431640625, 1550.087646484375, 1530.062744140625, 1489.828369140625, 1418.9852294921875, 1418.658203125, 1352.1151123046875, 1273.0443115234375], "val_loss": [3329161.0, 3996122.5, 4112317.25, 4137085.5, 4128844.5, 4071511.75, 4207405.5, 3760222.25, 3981528.5, 4289645.0, 4549212.0], "val_mae": [539.9541625976562, 464.9628601074219, 437.1280822753906, 417.1518249511719, 402.697021484375, 400.98590087890625, 380.4376220703125, 378.00177001953125, 363.2643127441406, 347.9521789550781, 344.7809143066406], "val_mse": [3329154.0, 3996112.0, 4112303.5, 4137069.5, 4128827.0, 4071491.0, 4207377.5, 3760193.5, 3981495.5, 4289616.0, 4549170.5], "val_mape": [2542.021728515625, 1843.190185546875, 1331.28173828125, 1539.6624755859375, 1396.7537841796875, 1529.958251953125, 1145.1368408203125, 1080.19384765625, 1007.509765625, 1004.9139404296875, 1002.7108154296875]}