{"loss": [2802241.75, 1627588.375, 1497473.875, 1966260.75, 1307870.5, 1340527.875, 1458827.125, 1071011.625, 944686.25, 812293.625, 769217.875], "mae": [646.2243041992188, 461.5318603515625, 447.55194091796875, 436.7975769042969, 427.697509765625, 408.4068908691406, 402.9869079589844, 376.3990478515625, 342.4861755371094, 302.0900573730469, 269.2982177734375], "mse": [2802241.25, 1627586.75, 1497472.125, 1966257.25, 1307866.0, 1340524.0, 1458823.25, 1071007.375, 944680.0, 812286.1875, 769209.875], "mape": [2820.012451171875, 1860.7806396484375, 1804.0814208984375, 1815.5040283203125, 1821.9832763671875, 1763.0487060546875, 1755.9879150390625, 1632.356201171875, 1492.6456298828125, 1254.9835205078125, 1049.630615234375], "val_loss": [2326455.0, 2466792.5, 2468187.0, 2570229.5, 2731772.0, 2745598.0, 2658481.0, 3100930.0, 3215126.0, 3341818.5, 2619990.5], "val_mae": [454.7559814453125, 405.1959228515625, 377.65972900390625, 386.8736877441406, 334.72711181640625, 343.5809326171875, 289.3000793457031, 272.72314453125, 248.162109375, 209.04232788085938, 183.3928680419922], "val_mse": [2326453.75, 2466790.25, 2468185.0, 2570226.75, 2731768.5, 2745592.5, 2658477.25, 3100923.75, 3215120.0, 3341809.75, 2619981.25], "val_mape": [1858.2568359375, 1447.4512939453125, 1284.2066650390625, 1626.061767578125, 1148.9014892578125, 1353.3067626953125, 964.9627075195312, 802.7208862304688, 856.4176025390625, 709.1905517578125, 693.4409790039062]}