{"loss": [4238712.5, 2091936.0, 1885751.875, 1857771.375, 1816384.25, 1710679.25, 1643839.0, 2518450.0, 1521580.75, 1482613.625, 1458282.75, 1645244.375, 1343217.125, 1322930.375, 1322295.25, 1230646.5, 1205053.25, 1115918.25, 1095855.875, 2888558.5, 995673.625, 962977.875, 935629.125, 884134.25, 866758.8125, 843272.5625, 983899.375, 805626.0625, 2549409.5, 765227.4375, 713872.9375, 690529.25, 752855.5, 694203.125, 689672.625, 658017.0625, 652988.875, 1194127.0, 621376.375, 644374.375, 630426.3125, 615588.3125, 579954.1875, 541573.5625, 561951.0, 558303.875, 960026.5625, 525527.25, 538431.125, 497662.78125, 860782.1875, 487073.78125, 515688.8125, 507301.125, 497682.5625, 572552.0625, 509688.34375, 465967.53125, 500228.125, 473321.34375, 512770.875, 464122.59375, 717991.0625, 477300.59375, 511342.03125, 457036.3125, 520143.125, 456938.5, 499659.84375, 464676.90625, 446793.0, 467468.3125, 427067.0, 508179.4375, 456647.0625, 456646.46875, 428166.875, 446553.0, 458422.28125, 434696.25], "mae": [898.982177734375, 547.9515380859375, 483.211181640625, 463.01220703125, 454.3219299316406, 438.1492614746094, 426.5072937011719, 428.43646240234375, 415.5437316894531, 406.5534362792969, 399.6806640625, 396.7261047363281, 380.1293029785156, 377.8653869628906, 370.6932067871094, 353.85595703125, 344.8908386230469, 328.224365234375, 326.1772766113281, 327.18060302734375, 303.5281066894531, 296.0294494628906, 291.6010437011719, 278.0411376953125, 273.40936279296875, 268.2841491699219, 267.5994873046875, 261.2551574707031, 260.28607177734375, 246.531494140625, 238.2730255126953, 233.27972412109375, 239.52944946289062, 233.3876953125, 225.64292907714844, 219.85800170898438, 219.12681579589844, 220.53372192382812, 215.27081298828125, 211.39178466796875, 211.02516174316406, 202.79136657714844, 198.37876892089844, 187.936767578125, 188.05081176757812, 184.85903930664062, 186.3245391845703, 181.204345703125, 180.46632385253906, 172.68247985839844, 176.91188049316406, 168.77017211914062, 172.23703002929688, 168.4550018310547, 166.53329467773438, 165.019775390625, 168.45889282226562, 162.5455322265625, 161.84466552734375, 157.42434692382812, 166.6850128173828, 155.6311492919922, 157.1992645263672, 156.05401611328125, 158.6556854248047, 158.12527465820312, 154.43817138671875, 152.72315979003906, 157.1042938232422, 152.2861328125, 152.4143829345703, 151.9800262451172, 149.09922790527344, 150.01437377929688, 147.57582092285156, 154.27638244628906, 148.78500366210938, 149.86892700195312, 146.0948944091797, 146.0169677734375], "mse": [4238704.5, 2091927.0, 1885741.125, 1857761.375, 1816371.75, 1710665.5, 1643824.25, 2518433.75, 1521559.625, 1482590.375, 1458256.0, 1645215.25, 1343184.0, 1322894.75, 1322257.375, 1230605.25, 1205007.875, 1115868.75, 1095800.875, 2888500.5, 995608.75, 962906.3125, 935553.3125, 884052.0, 866672.625, 843180.4375, 983801.0625, 805522.6875, 2549299.75, 765111.625, 713751.5, 690403.25, 752723.5, 694066.625, 689531.0625, 657870.5, 652837.125, 1193969.75, 621214.625, 644208.375, 630257.6875, 615414.625, 579776.5, 541391.0, 561764.125, 558113.25, 959831.375, 525327.5, 538226.6875, 497453.84375, 860571.5, 486857.625, 515470.09375, 507079.125, 497457.78125, 572324.9375, 509458.125, 465733.96875, 499992.59375, 473083.28125, 512531.90625, 463881.9375, 717748.6875, 477057.53125, 511095.90625, 456789.15625, 519893.875, 456688.84375, 499409.71875, 464424.46875, 446539.65625, 467213.46875, 426810.6875, 507922.3125, 456388.65625, 456386.375, 427906.21875, 446291.0625, 458160.65625, 434432.1875], "mape": [3957.666015625, 2366.953369140625, 1840.8863525390625, 1635.40673828125, 1589.626953125, 1487.033447265625, 1422.430419921875, 1419.7626953125, 1363.496826171875, 1305.876708984375, 1256.68359375, 1266.238037109375, 1233.608642578125, 1195.61376953125, 1123.486328125, 1085.8294677734375, 1013.3416137695312, 956.8338623046875, 967.861328125, 991.189697265625, 896.8755493164062, 866.782958984375, 818.0028076171875, 801.6475219726562, 834.9327392578125, 770.2557983398438, 775.7947387695312, 798.6793212890625, 813.819580078125, 668.9767456054688, 664.9439697265625, 637.3379516601562, 722.0836181640625, 711.73388671875, 654.3897705078125, 628.0910034179688, 658.2409057617188, 699.0240478515625, 678.9749755859375, 644.1490478515625, 661.5665893554688, 615.7327270507812, 609.9707641601562, 538.2620239257812, 559.6722412109375, 530.4014892578125, 572.7796020507812, 531.003173828125, 515.9453735351562, 478.372802734375, 533.529052734375, 473.604736328125, 495.9022216796875, 461.2430725097656, 456.66754150390625, 453.37493896484375, 485.4954833984375, 434.2749938964844, 434.8960876464844, 409.4578552246094, 482.0478210449219, 395.0303649902344, 424.47503662109375, 400.0401306152344, 415.2500305175781, 439.0509033203125, 378.45599365234375, 395.2214050292969, 403.73651123046875, 393.74945068359375, 373.6488342285156, 354.5537414550781, 346.6826477050781, 359.4097595214844, 349.51007080078125, 394.5338134765625, 352.01708984375, 350.6075744628906, 341.6421203613281, 335.60601806640625], "val_loss": [3164739.75, 3657102.75, 3738101.5, 3819996.75, 3992771.5, 3849055.0, 3290817.75, 2954995.0, 3109226.75, 2945208.75, 2754413.5, 2603316.25, 2711125.5, 3079041.5, 2457188.5, 2461961.25, 2355471.75, 2573875.0, 3105198.75, 2854248.0, 2574924.25, 2816018.0, 2486134.0, 2220997.5, 2114204.0, 2378901.0, 2282412.75, 1695367.0, 1590754.125, 1371097.875, 1523159.625, 1538285.25, 1521866.375, 1471861.5, 1370489.0, 1357213.625, 1057177.75, 1020674.125, 1140090.375, 1102340.875, 1124790.75, 1093619.875, 951952.5625, 808217.5625, 1097735.5, 1043399.25, 935606.4375, 753983.8125, 788204.5, 823110.9375, 612219.875, 847637.0, 602706.375, 765910.125, 666805.625, 872869.9375, 692988.375, 692379.6875, 623867.6875, 591883.9375, 569586.4375, 636559.0625, 666819.6875, 663729.5625, 704187.0, 705873.6875, 572782.9375, 599898.1875, 651861.875, 527194.1875, 666780.25, 553598.9375, 639212.1875, 668703.9375, 756168.1875, 573370.9375, 625163.8125, 571240.6875, 653742.25, 592182.25], "val_mae": [586.6046752929688, 474.38262939453125, 438.9657897949219, 423.5976257324219, 411.0617980957031, 407.25286865234375, 376.2397766113281, 363.7621765136719, 361.5246887207031, 344.7115173339844, 333.47320556640625, 325.4727478027344, 310.89996337890625, 303.40093994140625, 308.6531982421875, 275.41253662109375, 262.1535339355469, 273.7689208984375, 247.48841857910156, 233.29229736328125, 236.7783966064453, 216.59837341308594, 199.488525390625, 191.7436065673828, 183.31002807617188, 204.10601806640625, 186.5092010498047, 174.623779296875, 152.94229125976562, 176.64051818847656, 145.56076049804688, 188.611083984375, 133.4353790283203, 122.4690933227539, 116.80863189697266, 154.82186889648438, 118.6930160522461, 115.33187103271484, 120.73722839355469, 114.50114440917969, 108.11519622802734, 103.17131805419922, 98.28925323486328, 87.88630676269531, 105.34016418457031, 84.34774017333984, 102.01273345947266, 98.24330139160156, 103.33686828613281, 88.57637786865234, 98.1672592163086, 83.18000030517578, 84.64543151855469, 93.95458221435547, 108.25349426269531, 84.7055435180664, 82.41709899902344, 96.66194152832031, 75.91511535644531, 77.23481750488281, 83.75163269042969, 64.72318267822266, 74.70695495605469, 97.53010559082031, 92.56010437011719, 74.32305908203125, 64.20963287353516, 88.14573669433594, 79.43968200683594, 91.94520568847656, 91.74015808105469, 77.61823272705078, 66.0002212524414, 71.95555114746094, 73.7975845336914, 69.10115051269531, 66.50814056396484, 68.54183197021484, 72.24584197998047, 77.09028625488281],