{"loss": [2719710.25, 1619210.625, 1483919.875, 1342723.0, 1213208.875, 1109050.25, 951794.5625, 837522.0, 752816.3125, 682201.125, 653812.6875, 616230.8125, 568071.1875, 1013881.25, 538055.625, 509478.09375, 506548.3125, 488483.15625, 675302.75, 544653.0625, 470943.3125, 426845.03125, 548909.5625, 447571.0, 425986.9375, 413346.125, 661378.4375, 453549.78125, 441023.1875, 414549.40625, 409322.40625, 411372.78125, 1001645.3125, 416565.65625, 404307.40625, 385958.0, 522143.4375, 1267692.25, 371831.6875, 438614.21875, 355264.59375, 382961.1875, 384558.09375, 347103.875, 405758.46875, 366976.46875, 385526.03125, 357477.8125], "mae": [639.6492919921875, 459.4567565917969, 438.6105041503906, 418.7011413574219, 396.2562561035156, 363.2294921875, 332.43841552734375, 304.7495422363281, 270.6758728027344, 243.23570251464844, 226.1983184814453, 209.92140197753906, 195.69871520996094, 194.8673553466797, 181.86175537109375, 173.4484100341797, 166.18043518066406, 159.97369384765625, 169.72943115234375, 159.04568481445312, 154.8026885986328, 151.11978149414062, 155.97926330566406, 147.75735473632812, 147.13719177246094, 142.13064575195312, 143.57257080078125, 142.7388153076172, 136.9115447998047, 135.54354858398438, 137.30455017089844, 135.69375610351562, 134.73611450195312, 131.86178588867188, 130.06044006347656, 123.83936309814453, 130.0238494873047, 133.7572784423828, 123.49610900878906, 133.58798217773438, 117.91084289550781, 124.07131958007812, 123.85863494873047, 118.8557357788086, 119.78507232666016, 120.71774291992188, 121.30192565917969, 117.41869354248047], "mse": [2719696.5, 1619189.125, 1483896.5, 1342694.5, 1213169.375, 1109000.5, 951731.625, 837446.625, 752729.4375, 682104.1875, 653707.1875, 616118.5, 567952.625, 1013756.375, 537926.0625, 509342.75, 506408.09375, 488337.53125, 675153.9375, 544504.75, 470791.78125, 426689.9375, 548751.0625, 447408.625, 425819.6875, 413174.65625, 661203.0625, 453371.625, 440842.09375, 414366.3125, 409134.78125, 411180.75, 1001449.5, 416366.75, 404107.71875, 385756.375, 521940.5, 1267486.875, 371619.46875, 438402.4375, 355051.375, 382747.3125, 384346.21875, 346888.4375, 405541.59375, 366759.1875, 385307.21875, 357259.25], "mape": [2765.556396484375, 1852.2115478515625, 1746.4837646484375, 1655.0223388671875, 1598.7064208984375, 1487.5059814453125, 1338.192626953125, 1220.5108642578125, 1053.99560546875, 871.743408203125, 763.4767456054688, 681.8855590820312, 614.407470703125, 622.2550659179688, 535.8306274414062, 488.4515075683594, 453.53912353515625, 426.2106018066406, 501.33807373046875, 461.7351989746094, 422.3033752441406, 417.2300109863281, 408.9601135253906, 405.36334228515625, 421.085205078125, 417.34197998046875, 416.7510986328125, 387.5765380859375, 362.0552062988281, 360.47308349609375, 417.72991943359375, 423.9205017089844, 372.35693359375, 394.57623291015625, 374.14666748046875, 341.81304931640625, 378.3637390136719, 451.917236328125, 368.0909118652344, 434.6387939453125, 328.3819885253906, 363.3310546875, 370.5666809082031, 326.9727478027344, 338.8794250488281, 337.5824279785156, 335.4844665527344, 321.7060852050781], "val_loss": [2918139.25, 3366162.25, 3488429.75, 3716324.5, 3536696.5, 3638054.25, 3782500.5, 3403896.0, 3215276.25, 3158869.75, 2277083.0, 2340535.75, 2272643.0, 1713658.5, 1708168.375, 1702936.875, 1745757.75, 1700865.25, 1815092.5, 2144784.75, 1538562.25, 1735184.875, 1133702.125, 1889348.125, 1720501.375, 1394643.75, 1541273.25, 1226836.125, 1388714.375, 971837.75, 1011458.6875, 902965.0625, 671876.375, 1085819.875, 1043534.5625, 1064949.75, 662867.4375, 457771.875, 854617.625, 800633.125, 685483.8125, 720142.5625, 705082.375, 622091.6875, 622672.0625, 688870.3125, 582890.1875, 614367.9375], "val_mae": [442.743896484375, 434.7845153808594, 366.9759216308594, 343.1310119628906, 293.16064453125, 401.3865966796875, 242.75978088378906, 206.88336181640625, 177.38287353515625, 155.66574096679688, 151.6919708251953, 152.40240478515625, 150.1116943359375, 172.2627410888672, 139.69581604003906, 131.65919494628906, 134.9486541748047, 180.65615844726562, 113.6969985961914, 107.35228729248047, 116.5787582397461, 127.33351135253906, 105.65656280517578, 99.96053314208984, 103.76248168945312, 105.89984893798828, 111.96116638183594, 120.93721008300781, 100.7149658203125, 100.18704223632812, 104.47425079345703, 116.49209594726562, 85.34127044677734, 106.49017333984375, 97.60528564453125, 107.98450469970703, 106.51868438720703, 94.5569076538086, 109.17926025390625, 115.46571350097656, 89.90619659423828, 94.66204833984375, 96.83848571777344, 91.08712768554688, 100.1883773803711, 91.09366607666016, 92.94449615478516, 90.8380355834961], "val_mse": [2918120.25, 3366141.75, 3488402.0, 3716291.5, 3536653.0, 3638000.0, 3782434.25, 3403819.75, 3215191.5, 3158781.75, 2276983.0, 2340434.25, 2272533.0, 1713537.25, 1708045.125, 1702808.125, 1745610.125, 1700720.375, 1814948.25, 2144644.25, 1538411.25, 1735022.75, 1133535.625, 1889188.375, 1720344.875, 1394475.625, 1541078.875, 1226668.5, 1388512.625, 971649.125, 1011268.0, 902771.4375, 671675.0625, 1085620.125, 1043329.25, 1064743.25, 662661.6875, 457559.96875, 854406.1875, 800418.5625, 685268.3125, 719927.6875, 704864.4375, 621873.5, 622450.0625, 688646.6875, 582676.1875, 614145.1875], "val_mape": [1694.1810302734375, 1738.531982421875, 1083.1710205078125, 1206.0780029296875, 884.8233642578125, 2207.726806640625, 895.3377685546875, 608.89013671875, 497.47857666015625, 375.262939453125, 407.2137756347656, 328.1384582519531, 627.9429321289062, 742.5032348632812, 360.2945861816406, 330.8077087402344, 238.55308532714844, 830.3563842773438, 404.1422119140625, 354.76080322265625, 429.2015075683594, 299.796875, 434.2972717285156, 225.44007873535156, 314.21759033203125, 247.82298278808594, 327.1586608886719, 423.51568603515625, 299.53094482421875, 470.8204040527344, 361.9201965332031, 254.56072998046875, 273.23504638671875, 384.1792297363281, 347.06646728515625, 511.03857421875, 466.8401794433594, 215.51963806152344, 234.7345428466797, 250.8487548828125, 337.2567138671875, 303.6117858886719, 290.7864990234375, 370.27264404296875, 178.56546020507812, 364.50213623046875, 329.08416748046875, 352.54986572265625]}