{"loss": [3111031.25, 1920995.75, 1544831.5, 1375752.75, 1328892.5, 1161242.75, 1120245.75, 963000.75, 934497.25, 808544.5, 780678.75, 733367.75, 693594.5625, 794686.75, 590401.5625, 592308.5, 544201.75, 495306.34375, 733762.0, 507763.1875, 587234.0, 480060.15625, 493634.03125, 503945.21875, 593778.625, 437500.78125, 445038.125, 440378.15625, 525868.875, 950934.25, 415508.96875, 435428.84375, 463853.625, 429554.09375, 420639.9375, 460484.1875, 405649.125, 439139.71875, 412337.46875, 404336.1875, 420366.4375, 401835.40625, 407599.78125, 415054.25, 413797.34375, 394738.75, 408585.6875, 400393.90625, 413083.34375, 401946.4375, 396052.4375, 391223.46875, 396368.1875, 378400.03125, 406746.59375], "mae": [660.2659301757812, 481.7923889160156, 449.7125549316406, 417.2029724121094, 397.1564025878906, 360.8642883300781, 340.66546630859375, 300.4151916503906, 275.6820983886719, 256.7285461425781, 243.03953552246094, 223.9219207763672, 213.66531372070312, 201.58657836914062, 186.462646484375, 184.2770233154297, 174.1458282470703, 160.19439697265625, 172.52578735351562, 158.07318115234375, 156.93292236328125, 151.18695068359375, 151.75775146484375, 152.36753845214844, 151.1048583984375, 137.9270782470703, 137.46755981445312, 138.35260009765625, 139.03526306152344, 139.68809509277344, 132.6433868408203, 135.43539428710938, 138.3085174560547, 131.4206085205078, 130.9188232421875, 135.56333923339844, 132.5523223876953, 134.8151092529297, 128.8236541748047, 130.05857849121094, 131.558837890625, 128.7598114013672, 128.5039825439453, 129.2921142578125, 130.51089477539062, 127.8649673461914, 129.9239501953125, 131.24252319335938, 128.1202850341797, 128.09967041015625, 126.59072875976562, 128.70960998535156, 126.34175109863281, 124.78030395507812, 129.6805419921875], "mse": [3111016.75, 1920977.75, 1544806.375, 1375723.875, 1328854.0, 1161196.25, 1120190.125, 962932.75, 934418.75, 808453.0625, 780574.875, 733255.5625, 693473.375, 794558.875, 590267.1875, 592166.75, 544052.5625, 495150.84375, 733601.0, 507599.6875, 587067.0, 479887.0, 493455.78125, 503763.125, 593594.1875, 437311.8125, 444845.90625, 440183.9375, 525672.9375, 950734.75, 415307.65625, 435225.625, 463648.9375, 429349.125, 420434.09375, 460276.4375, 405439.1875, 438928.90625, 412126.28125, 404125.875, 420155.875, 401623.40625, 407386.34375, 414841.25, 413582.0, 394520.59375, 408365.78125, 400172.9375, 412859.625, 401721.34375, 395826.1875, 390994.34375, 396137.34375, 378167.09375, 406512.875], "mape": [2858.0302734375, 1955.2698974609375, 1775.7392578125, 1604.5406494140625, 1475.1790771484375, 1271.107177734375, 1149.4180908203125, 939.2411499023438, 831.2706909179688, 715.9033203125, 653.0905151367188, 600.78466796875, 578.91162109375, 564.4042358398438, 475.3174743652344, 474.72125244140625, 448.8134460449219, 387.7732849121094, 514.4322509765625, 445.3457336425781, 424.79864501953125, 415.4449462890625, 418.6100769042969, 458.1844787597656, 462.7257385253906, 393.7677307128906, 343.982421875, 369.22210693359375, 374.5540466308594, 387.9308166503906, 358.9721984863281, 367.66253662109375, 370.2477111816406, 343.0790100097656, 334.35113525390625, 359.8004455566406, 349.6390380859375, 352.2864685058594, 327.2257385253906, 336.86083984375, 333.5479736328125, 323.16961669921875, 336.2402038574219, 322.47711181640625, 331.1026611328125, 327.98992919921875, 334.6288146972656, 358.7191162109375, 323.5138854980469, 319.7663879394531, 332.4267883300781, 335.7964172363281, 321.7754821777344, 317.31304931640625, 336.5914001464844], "val_loss": [2558919.25, 2643559.0, 2527418.0, 2702277.75, 2240196.75, 2599740.0, 2375416.5, 2282483.25, 2133913.0, 2083678.5, 2297728.0, 1725678.5, 1481908.625, 2100677.25, 1235462.5, 1097786.75, 984935.8125, 838259.875, 1186540.25, 982077.125, 857135.875, 613828.0625, 620386.375, 490466.6875, 690232.625, 575402.875, 594495.5, 473851.875, 417251.28125, 501091.25, 415960.25, 450502.3125, 397574.59375, 469935.6875, 430813.09375, 678885.1875, 395261.21875, 375980.96875, 469114.875, 430617.71875, 375189.28125, 452066.40625, 445268.53125, 466301.625, 327095.625, 433859.125, 444761.6875, 429875.28125, 603143.0, 482398.8125, 530425.6875, 492998.5625, 534531.1875, 446528.6875, 559629.125], "val_mae": [451.409423828125, 402.8358154296875, 365.3968811035156, 336.4449462890625, 301.82464599609375, 317.11016845703125, 249.58154296875, 233.31320190429688, 210.60768127441406, 185.3799285888672, 165.29708862304688, 179.76026916503906, 154.53326416015625, 160.57420349121094, 141.38638305664062, 130.65130615234375, 142.42977905273438, 161.68569946289062, 111.11518096923828, 106.81814575195312, 107.42019653320312, 111.46501922607422, 89.69303131103516, 113.54972839355469, 83.42005920410156, 82.66529083251953, 87.35588836669922, 87.15564727783203, 89.77362823486328, 102.22538757324219, 96.68431854248047, 112.84033203125, 78.53287506103516, 92.40088653564453, 81.41719055175781, 119.67097473144531, 82.80813598632812, 80.79446411132812, 120.75774383544922, 118.4637680053711, 86.62433624267578, 96.50776672363281, 88.13055419921875, 79.04011535644531, 77.87297821044922, 82.58758544921875, 126.55281066894531, 83.64582061767578, 91.69788360595703, 78.39051055908203, 115.81668090820312, 80.06874084472656, 91.12754821777344, 85.36993408203125, 85.75749206542969], "val_mse": [2558901.75, 2643539.0, 2527393.5, 2702251.25, 2240158.5, 2599678.25, 2375361.75, 2282415.75, 2133806.0, 2083586.0, 2297627.5, 1725568.125, 1481758.75, 2100555.5, 1235329.625, 1097639.625, 984776.4375, 838094.375, 1186383.625, 981902.375, 856958.625, 613646.375, 620201.375, 490278.84375, 690038.5, 575205.875, 594299.75, 473661.9375, 417059.09375, 500888.46875, 415755.46875, 450297.375, 397373.0625, 469736.1875, 430610.1875, 678676.8125, 395046.03125, 375772.8125, 468900.21875, 430405.625, 374981.46875, 451854.375, 445053.53125, 466084.875, 326879.0625, 433645.28125, 444546.46875, 429651.21875, 602920.875, 482173.25, 530198.4375, 492766.5, 534298.0, 446300.71875, 559397.0], "val_mape": [1914.0364990234375, 1496.3463134765625, 1126.03857421875, 1178.2568359375, 936.2540283203125, 1248.3612060546875, 698.6074829101562, 540.7278442382812, 482.3349304199219, 400.99322509765625, 393.0685729980469, 465.78515625, 432.1186828613281, 597.8515014648438, 205.78155517578125, 236.12002563476562, 299.04901123046875, 451.4217529296875, 437.79693603515625, 265.6529846191406, 477.1462707519531, 212.53590393066406, 335.83575439453125, 294.8414611816406, 181.30245971679688, 215.25624084472656, 449.3334045410156, 404.55133056640625, 229.26229858398438, 504.8747863769531, 212.01206970214844, 375.8892822265625, 321.1960144042969, 360.2469482421875, 298.82989501953125, 473.4136047363281, 329.0438232421875, 226.19284057617188, 226.85903930664062, 226.52877807617188, 336.03564453125, 285.1830749511719, 301.7743225097656, 302.1606140136719, 228.852294921875, 202.6237335205078, 337.0443420410156, 392.7455749511719, 424.4927673339844, 340.2594299316406, 194.3892822265625, 305.3376770019531, 329.4634704589844, 349.3416748046875, 304.5335998535156]}