{"loss": [4420400.5, 2044652.625, 1893375.0, 1738498.375, 1664261.625, 1591788.75, 1561678.75, 1484036.875, 1447770.875, 1459576.0, 1370697.75, 1335046.625, 1226561.5, 1182200.5, 1144211.5, 1103531.125, 993364.0625, 947250.8125, 890138.25, 848809.4375, 784495.6875, 754277.5, 713388.6875, 679859.75, 641786.75, 609210.125, 860744.3125, 566012.375, 566813.875, 523920.59375, 509487.96875, 496602.21875, 505404.0, 497389.40625, 466482.59375, 1472250.0, 476561.125, 446541.0, 413585.4375, 489858.59375, 416724.0, 401382.0625, 388464.03125, 393604.03125, 370363.8125, 408414.03125, 389700.4375, 363137.0625, 343031.625, 362001.21875, 408915.96875, 356204.03125, 376252.53125, 380465.5, 364971.40625, 345666.4375, 391264.9375, 352173.625, 325096.625, 332755.46875, 349750.125, 351864.4375, 322441.8125, 353579.34375, 360815.40625, 364986.21875, 313525.53125, 333514.375, 366450.25], "mae": [950.5117797851562, 543.2123413085938, 489.1163024902344, 467.7139587402344, 461.6524658203125, 450.7568359375, 446.5228271484375, 440.2779235839844, 426.9779357910156, 430.615478515625, 421.4884948730469, 413.3063659667969, 395.580322265625, 383.6670837402344, 374.00006103515625, 362.7154846191406, 343.14093017578125, 323.9920349121094, 313.797119140625, 300.9763488769531, 281.8880615234375, 272.7381591796875, 260.2406921386719, 251.1183319091797, 234.84768676757812, 221.83316040039062, 219.1699676513672, 206.46762084960938, 202.02389526367188, 193.1763916015625, 189.11328125, 180.18646240234375, 179.99813842773438, 176.3781280517578, 165.7379608154297, 167.24041748046875, 167.7352752685547, 160.01449584960938, 154.0337371826172, 159.22698974609375, 149.7858428955078, 146.28643798828125, 146.95098876953125, 145.27098083496094, 139.40811157226562, 147.5873260498047, 135.3551788330078, 143.00106811523438, 134.89698791503906, 139.34288024902344, 142.45993041992188, 136.33094787597656, 136.26490783691406, 135.55490112304688, 135.34471130371094, 131.68894958496094, 136.86138916015625, 138.043212890625, 128.76686096191406, 127.41748809814453, 137.45040893554688, 127.84209442138672, 125.6389389038086, 127.35187530517578, 133.81753540039062, 134.65599060058594, 118.66888427734375, 125.36827087402344, 129.00936889648438], "mse": [4420400.0, 2044651.25, 1893372.5, 1738496.75, 1664259.875, 1591786.5, 1561676.5, 1484034.75, 1447768.125, 1459573.25, 1370694.5, 1335043.125, 1226558.0, 1182195.5, 1144206.0, 1103525.25, 993357.9375, 947244.4375, 890130.375, 848801.0, 784487.5, 754267.0, 713378.875, 679849.1875, 641775.6875, 609198.625, 860732.0625, 565999.5625, 566801.5625, 523907.5, 509474.75, 496588.8125, 505390.09375, 497375.28125, 466468.28125, 1472235.375, 476546.15625, 446525.71875, 413569.96875, 489842.875, 416708.03125, 401365.875, 388447.40625, 393587.125, 370346.875, 408396.84375, 389683.0625, 363119.375, 343013.59375, 361982.96875, 408897.71875, 356185.375, 376233.84375, 380447.0625, 364952.21875, 345647.3125, 391245.25, 352154.15625, 325076.65625, 332735.6875, 349729.8125, 351843.84375, 322421.40625, 353558.71875, 360794.8125, 364965.28125, 313504.5625, 333493.03125, 366428.875], "mape": [4325.72021484375, 2465.621337890625, 1979.392333984375, 1802.414306640625, 1765.2747802734375, 1680.98779296875, 1695.4014892578125, 1671.7442626953125, 1614.8560791015625, 1589.8447265625, 1608.7109375, 1580.4241943359375, 1519.0679931640625, 1434.2161865234375, 1412.297119140625, 1377.5074462890625, 1327.2933349609375, 1219.194091796875, 1181.64697265625, 1147.026611328125, 1035.3829345703125, 1016.6843872070312, 930.3024291992188, 905.8438110351562, 788.0252075195312, 749.792236328125, 739.3408203125, 648.9302978515625, 640.8974609375, 593.9598388671875, 576.7240600585938, 523.0537109375, 538.829345703125, 514.7037963867188, 480.9680480957031, 514.0140380859375, 490.0343322753906, 460.9436950683594, 460.6037902832031, 485.19830322265625, 422.4399719238281, 427.3451232910156, 447.5329284667969, 441.60565185546875, 410.1475830078125, 461.43060302734375, 385.91925048828125, 485.28704833984375, 421.88201904296875, 446.08111572265625, 454.85198974609375, 423.528564453125, 420.203125, 400.889892578125, 418.4618225097656, 386.0853271484375, 416.373291015625, 468.41693115234375, 382.5035095214844, 360.0934143066406, 452.16766357421875, 358.09417724609375, 351.4991455078125, 353.5087890625, 409.2317810058594, 418.0780029296875, 309.97918701171875, 356.3226623535156, 359.6675109863281], "val_loss": [3698992.75, 3978952.0, 3816106.0, 3942435.5, 3927899.25, 3760007.5, 3261837.5, 3664065.5, 3478102.0, 3307215.25, 3357733.5, 3241092.0, 2943749.0, 2938707.0, 2588974.0, 2273012.75, 2682664.25, 2113170.75, 2208972.25, 1936709.5, 1655753.0, 1641751.375, 1663250.5, 1800854.25, 1688418.125, 1449577.25, 1259718.0, 1460040.875, 1473914.625, 1132672.375, 1295766.25, 1589372.875, 1122307.375, 1322961.875, 1355469.75, 1298676.125, 1423893.125, 1159882.875, 1348793.125, 1023697.875, 1087000.75, 1134121.75, 1067592.0, 1248194.5, 961121.625, 1005677.5, 853728.5625, 840943.5, 805501.0, 684173.1875, 711133.625, 760880.875, 722531.0, 774088.125, 654201.875, 750084.3125, 689999.75, 673481.8125, 603124.3125, 686847.5, 797714.0625, 1007407.0, 959429.5625, 1039004.75, 713669.6875, 807541.5625, 724530.6875, 854413.6875, 854988.8125], "val_mae": [623.5098266601562, 491.2378234863281, 449.4548645019531, 433.2647399902344, 431.5206298828125, 442.19921875, 393.7048034667969, 389.1563415527344, 366.92999267578125, 377.23394775390625, 378.1402893066406, 337.99713134765625, 312.4671936035156, 303.9283142089844, 328.841796875, 263.5184020996094, 256.9071044921875, 248.4705810546875, 221.35580444335938, 201.188232421875, 248.94300842285156, 190.94935607910156, 156.22589111328125, 168.89572143554688, 142.59942626953125, 191.02236938476562, 130.65890502929688, 124.3313217163086, 120.86851501464844, 115.31413269042969, 106.99209594726562, 167.1483612060547, 106.63822174072266, 89.53982543945312, 101.25789642333984, 172.30860900878906, 100.73330688476562, 95.19957733154297, 122.66153717041016, 103.32928466796875, 83.99256896972656, 85.71171569824219, 75.59123229980469, 82.01309204101562, 76.48047637939453, 91.92413330078125, 111.89134216308594, 69.02900695800781, 79.20092010498047, 76.86842346191406, 79.32980346679688, 86.97502899169922, 74.65401458740234, 88.24366760253906, 78.95123291015625, 68.44429016113281, 94.806640625, 81.54058074951172, 114.65360260009766, 88.26378631591797, 77.87712097167969, 91.24871063232422, 71.78326416015625, 119.44173431396484, 95.24901580810547, 62.273101806640625, 104.34393310546875, 81.18219757080078, 74.23883056640625], "val_mse": [3698991.0, 3978949.75, 3816104.25, 3942434.0, 3927897.25, 3760005.75, 3261836.0, 3664063.0, 3478099.75, 3307212.25, 3357730.0, 3241089.0, 2943745.5, 2938702.75, 2588966.25, 2273006.0, 2682657.75, 2113163.25, 2208965.5, 1936700.75, 1655744.125, 1641740.625, 1663240.0, 1800842.0, 1688406.75, 1449567.875, 1259704.375, 1460028.875, 1473900.125, 1132658.375, 1295754.5, 1589360.5, 1122292.0, 1322947.25, 1355454.25, 1298661.25, 1423878.25, 1159867.375, 1348777.875, 1023682.625, 1086983.875, 1134106.0, 1067574.5, 1248179.0, 961104.875, 1005659.0625, 853710.5625, 840925.75, 805483.0625, 684154.25, 711115.375, 760861.6875, 722512.0625, 774070.625, 654181.8125, 750064.5, 689980.5, 673462.0625, 603104.3125, 686827.125, 797694.125, 1007385.375, 959408.625, 1038983.9375, 713649.125, 807521.0, 724509.75, 854392.6875, 854966.5],