{"loss": [4648524.0, 2067942.875, 1793916.25, 1676772.375, 1664896.875, 1602242.25, 1723914.25, 1546221.625, 1469545.75, 1527008.0, 1479392.625], "mae": [960.3199462890625, 546.55078125, 477.9151611328125, 444.8544006347656, 440.742431640625, 426.8514709472656, 427.98199462890625, 417.3171081542969, 406.5284118652344, 415.5555114746094, 407.228759765625], "mse": [4648523.5, 2067941.75, 1793915.375, 1676771.0, 1664895.75, 1602240.375, 1723912.5, 1546220.0, 1469544.25, 1527006.0, 1479390.0], "mape": [4388.0107421875, 2486.53662109375, 1891.2720947265625, 1589.86279296875, 1527.2872314453125, 1419.8602294921875, 1474.5966796875, 1402.486328125, 1371.7041015625, 1399.4072265625, 1386.201171875], "val_loss": [3501918.75, 3936217.25, 4033194.5, 4522993.0, 4490973.0, 4481263.5, 4127752.75, 4421024.0, 4661613.0, 4576289.0, 4234898.5], "val_mae": [620.1958618164062, 500.2208251953125, 450.5042419433594, 437.5563659667969, 422.945556640625, 426.63232421875, 403.4291687011719, 396.9289855957031, 396.3084716796875, 385.67437744140625, 375.0798034667969], "val_mse": [3501917.5, 3936216.0, 4033194.0, 4522991.5, 4490972.0, 4481261.0, 4127751.0, 4421022.0, 4661610.0, 4576287.0, 4234898.0], "val_mape": [3232.57666015625, 2181.41015625, 1616.742431640625, 1721.8712158203125, 1571.0013427734375, 1617.305908203125, 1403.312744140625, 1399.015380859375, 1286.8408203125, 1325.80517578125, 1267.688720703125]}