{"loss": [3376623.0, 1731142.625, 1559845.75, 1484533.125, 2103652.5, 2761669.75, 1263607.25, 1253436.5, 1135172.25, 1081623.5, 994009.125, 899601.1875, 799524.4375, 795428.5, 681727.5, 641817.5, 606566.1875], "mae": [738.7110595703125, 469.143310546875, 436.3374328613281, 422.17364501953125, 419.855712890625, 418.0104064941406, 404.9415283203125, 393.5307312011719, 382.5516357421875, 372.2845458984375, 352.2694396972656, 335.6455078125, 307.40869140625, 294.14154052734375, 262.5137023925781, 243.18728637695312, 223.21823120117188], "mse": [3376612.75, 1731126.125, 1559828.5, 1484512.375, 2103629.0, 2761637.0, 1263571.625, 1253393.875, 1135123.0, 1081566.75, 993943.5625, 899524.875, 799439.5, 795334.1875, 681624.3125, 641705.375, 606445.75], "mape": [3217.4208984375, 1866.9783935546875, 1642.7967529296875, 1542.5523681640625, 1586.4339599609375, 1640.5433349609375, 1621.603515625, 1603.939697265625, 1587.4996337890625, 1536.9088134765625, 1436.2723388671875, 1387.2054443359375, 1273.1278076171875, 1194.032470703125, 1044.374755859375, 917.2005615234375, 803.6881103515625], "val_loss": [3003257.25, 3016178.5, 3124512.5, 3320762.0, 3062212.25, 2764103.25, 2637984.75, 2857383.0, 3077009.5, 3069206.75, 3337752.75, 3059440.25, 3187101.25, 2955887.25, 3151083.25, 3624360.75, 3048848.25], "val_mae": [493.5411376953125, 431.2752685546875, 404.045166015625, 389.220703125, 371.3254089355469, 395.54248046875, 333.78399658203125, 316.1226501464844, 297.60125732421875, 282.9799499511719, 267.5604248046875, 249.32676696777344, 220.41920471191406, 210.05189514160156, 173.5572967529297, 161.5943603515625, 155.2184600830078], "val_mse": [3003244.25, 3016164.5, 3124497.0, 3320738.5, 3062187.25, 2764069.75, 2637943.75, 2857335.25, 3076954.0, 3069141.5, 3337687.5, 3059357.25, 3187010.5, 2955785.75, 3150976.5, 3624248.75, 3048724.5], "val_mape": [2246.8583984375, 1577.7412109375, 1175.140869140625, 1449.6722412109375, 1323.507080078125, 1667.482421875, 1128.0672607421875, 1034.314453125, 936.5277099609375, 772.8914794921875, 880.892822265625, 765.6073608398438, 528.7304077148438, 678.2716674804688, 475.2994079589844, 351.5370178222656, 493.0965270996094]}