{"loss": [4408224.5, 2030904.875, 1746899.5, 1645159.875, 1587135.75, 1501472.125, 1538517.625, 1451137.625, 1517342.75, 1418638.625, 1354154.25], "mae": [936.5862426757812, 536.434326171875, 473.8541564941406, 455.41796875, 446.519775390625, 433.36138916015625, 439.823974609375, 434.30670166015625, 435.01214599609375, 441.8741455078125, 440.736572265625], "mse": [4408216.0, 2030891.125, 1746884.0, 1645143.625, 1587116.625, 1501451.5, 1538496.625, 1451116.125, 1517317.75, 1418613.25, 1354126.375], "mape": [4300.04248046875, 2475.102783203125, 1936.2911376953125, 1758.1650390625, 1678.947021484375, 1612.015380859375, 1678.4443359375, 1663.233154296875, 1730.0777587890625, 1782.285888671875, 1819.4619140625], "val_loss": [4191663.25, 4972731.0, 5045207.5, 5291737.5, 5476802.5, 5798591.5, 5625189.0, 5749994.0, 5214365.5, 5368589.5, 5547759.0], "val_mae": [629.4510498046875, 487.35723876953125, 450.5433654785156, 433.3316650390625, 430.8202819824219, 414.62225341796875, 406.6900634765625, 402.3590393066406, 383.5318603515625, 380.5932312011719, 383.19000244140625], "val_mse": [4191652.25, 4972714.0, 5045191.0, 5291718.0, 5476783.5, 5798572.0, 5625170.0, 5749973.0, 5214341.0, 5368562.0, 5547731.5], "val_mape": [3362.642333984375, 2007.5521240234375, 1633.06494140625, 1644.023681640625, 1627.25634765625, 1476.3201904296875, 1430.35693359375, 1477.591552734375, 1255.9886474609375, 1255.748046875, 1426.8876953125]}