{"loss": [2941834.25, 3245644.0, 2226911.0, 2134865.25, 1723853.125, 1803485.5, 1082564.125, 1066554.125, 834490.375, 792345.4375, 674833.4375, 623209.3125, 623571.75, 577023.0, 593369.1875, 508507.21875, 464053.25, 503099.78125, 452432.1875, 463983.34375, 413438.78125, 410939.59375], "mae": [626.1939697265625, 483.7316589355469, 487.0871887207031, 480.66943359375, 437.060302734375, 374.1906433105469, 323.7418518066406, 282.27130126953125, 246.86155700683594, 221.59280395507812, 204.00404357910156, 186.42575073242188, 181.00755310058594, 170.5035858154297, 164.7157440185547, 158.54617309570312, 148.65689086914062, 149.85052490234375, 139.08151245117188, 138.56039428710938, 134.2323760986328, 133.60829162597656], "mse": [2941833.0, 3245643.25, 2226910.25, 2134862.0, 1723849.5, 1803479.5, 1082554.375, 1066543.375, 834475.8125, 792331.4375, 674816.6875, 623190.6875, 623551.875, 577003.875, 593349.0, 508484.96875, 464030.59375, 503077.09375, 452407.6875, 463957.5625, 413413.71875, 410913.96875], "mape": [2811.7880859375, 1879.935302734375, 2005.3851318359375, 2014.93115234375, 1755.8607177734375, 1377.5909423828125, 1027.9632568359375, 821.3656616210938, 659.4688720703125, 543.2512817382812, 480.4667053222656, 427.6806640625, 427.4576416015625, 402.9888610839844, 389.2958068847656, 377.810302734375, 361.38873291015625, 378.9331970214844, 341.3524475097656, 355.6423034667969, 328.2687683105469, 335.7630310058594], "val_loss": [14067345.0, 15132079.0, 14349358.0, 14385057.0, 9426051.0, 5698678.5, 2832591.25, 1016431.625, 645523.0, 585370.1875, 594200.4375, 498569.5625, 679057.875, 843859.4375, 673818.0, 1353189.625, 1292191.625, 1075104.0, 783251.0625, 1267587.375, 849495.8125, 1177262.875], "val_mae": [455.7012634277344, 417.3760681152344, 391.9837951660156, 345.1032409667969, 297.2333984375, 279.04541015625, 230.9496307373047, 202.13018798828125, 164.73342895507812, 148.27349853515625, 121.88221740722656, 116.38662719726562, 122.21387481689453, 109.16361999511719, 108.47457122802734, 91.63619232177734, 83.04360961914062, 82.17018127441406, 85.90924072265625, 78.27388763427734, 98.43973541259766, 90.6719970703125], "val_mse": [14067344.0, 15132079.0, 14349354.0, 14385054.0, 9426046.0, 5698671.0, 2832581.0, 1016417.5625, 645509.375, 585348.5, 594183.5, 498550.59375, 679039.25, 843840.375, 673800.125, 1353171.75, 1292171.125, 1075078.625, 783223.1875, 1267558.625, 849472.3125, 1177239.875], "val_mape": [1484.575439453125, 1353.716796875, 1159.5889892578125, 1029.608642578125, 720.2398071289062, 746.2752685546875, 671.3071899414062, 511.3739013671875, 298.9534606933594, 361.1849670410156, 196.79075622558594, 238.7843017578125, 508.24346923828125, 516.9254760742188, 275.8104248046875, 379.1381530761719, 340.711669921875, 305.4390869140625, 348.86334228515625, 212.33547973632812, 309.5705261230469, 255.361083984375]}