{"loss": [4449191.0, 1958532.0, 1730007.0, 1655278.75, 1595433.0, 1480837.0, 1626513.75, 1400117.375, 1311690.375, 1299167.875, 1236365.375], "mae": [912.025390625, 524.6353149414062, 465.47821044921875, 444.0227966308594, 437.1856689453125, 420.6398620605469, 416.20623779296875, 406.3246154785156, 390.0482177734375, 386.6813049316406, 376.407958984375], "mse": [4449182.0, 1958519.0, 1729991.0, 1655261.5, 1595411.125, 1480815.125, 1626490.625, 1400091.0, 1311661.0, 1299137.125, 1236330.375], "mape": [3913.1875, 2276.682373046875, 1824.2001953125, 1648.81005859375, 1602.72265625, 1527.1650390625, 1484.5909423828125, 1477.3685302734375, 1408.1912841796875, 1360.521728515625, 1331.5302734375], "val_loss": [3794346.75, 3831653.75, 3898125.0, 3947099.5, 4250988.0, 4304953.0, 3803296.25, 3933736.75, 3968549.0, 4205899.5, 4038949.5], "val_mae": [593.145263671875, 468.14691162109375, 424.6482238769531, 407.5113525390625, 389.35870361328125, 396.89202880859375, 366.24444580078125, 357.4158935546875, 336.7421875, 320.8044738769531, 339.523193359375], "val_mse": [3794332.0, 3831636.75, 3898110.0, 3947079.0, 4250966.0, 4304931.5, 3803273.25, 3933712.0, 3968517.75, 4205863.5, 4038912.5], "val_mape": [3041.21630859375, 1921.925048828125, 1464.653564453125, 1514.20849609375, 1373.3150634765625, 1499.3004150390625, 1207.757080078125, 1265.593994140625, 937.4544067382812, 936.9469604492188, 1239.0496826171875]}