{"loss": [3221464.0, 1836637.875, 1663634.5, 1728373.5, 1559372.25, 1429176.125, 1343475.625, 1270750.5, 1153506.125, 1051721.875, 977983.5], "mae": [733.999755859375, 473.5528564453125, 444.2029724121094, 433.31256103515625, 422.37591552734375, 403.0864562988281, 385.7062072753906, 364.9342346191406, 338.31689453125, 318.88201904296875, 300.8194885253906], "mse": [3221463.0, 1836636.375, 1663633.0, 1728372.0, 1559370.75, 1429174.0, 1343472.0, 1270746.625, 1153501.875, 1051716.875, 977978.125], "mape": [3232.414306640625, 1870.69775390625, 1641.635986328125, 1564.520263671875, 1502.0509033203125, 1379.6866455078125, 1292.45556640625, 1172.5518798828125, 1048.6483154296875, 959.9921264648438, 896.073486328125], "val_loss": [2390657.25, 2704649.5, 3104286.25, 3400556.5, 3779935.75, 4216251.5, 3922881.0, 3637678.0, 3783886.5, 3441058.75, 3399337.0], "val_mae": [487.60919189453125, 426.3042907714844, 401.55389404296875, 394.5439147949219, 375.88409423828125, 384.0604248046875, 344.8393249511719, 307.4409484863281, 282.78466796875, 257.0244445800781, 251.75039672851562], "val_mse": [2390656.5, 2704648.25, 3104284.75, 3400555.5, 3779934.0, 4216249.5, 3922876.25, 3637674.5, 3783882.75, 3441055.25, 3399332.0], "val_mape": [2034.9884033203125, 1658.5355224609375, 1323.63916015625, 1483.7447509765625, 1327.437744140625, 1489.7510986328125, 1137.33056640625, 718.1870727539062, 712.0377807617188, 584.426025390625, 743.114501953125]}