{"loss": [5587038.5, 2559845.5, 2112896.25, 2051797.75, 2010129.25, 1829631.875, 1765389.25, 1742523.75, 1751288.875, 1969031.875, 1707699.25], "mae": [1087.8282470703125, 701.58203125, 550.6112060546875, 509.63494873046875, 487.46893310546875, 462.7391357421875, 451.3354187011719, 445.6472473144531, 443.30810546875, 441.80267333984375, 442.1002502441406], "mse": [5587038.5, 2559845.25, 2112895.75, 2051797.125, 2010128.125, 1829631.125, 1765388.125, 1742522.25, 1751288.125, 1969030.875, 1707698.5], "mape": [4583.15869140625, 3599.595458984375, 2446.455810546875, 1998.6485595703125, 1817.3773193359375, 1662.82275390625, 1542.708251953125, 1477.6939697265625, 1421.70263671875, 1447.7183837890625, 1423.2657470703125], "val_loss": [3687299.0, 4602336.5, 5019548.0, 5854672.5, 5973992.5, 5523447.0, 5551132.5, 5585866.0, 5384271.5, 5177606.0, 5134405.5], "val_mae": [847.3737182617188, 584.6436157226562, 513.4351806640625, 483.69732666015625, 466.9590759277344, 454.99542236328125, 442.8480224609375, 435.7738037109375, 431.2200927734375, 427.7230224609375, 422.6600341796875], "val_mse": [3687298.5, 4602336.0, 5019547.0, 5854672.5, 5973991.5, 5523445.5, 5551131.0, 5585866.0, 5384270.5, 5177605.5, 5134404.0], "val_mape": [4863.95703125, 2895.9560546875, 2136.260009765625, 1993.5367431640625, 1919.4290771484375, 1834.6092529296875, 1558.2039794921875, 1609.49853515625, 1550.1688232421875, 1504.035400390625, 1485.7244873046875]}