{"loss": [4293184.5, 2080363.625, 1867248.125, 1784145.625, 1785135.5, 1665428.125, 1557762.625, 1509448.5, 1478218.0, 1375029.125, 1342937.0], "mae": [881.5184326171875, 534.905029296875, 475.225341796875, 453.0002746582031, 438.9093933105469, 425.2010498046875, 405.98297119140625, 397.43194580078125, 386.2955627441406, 371.3268737792969, 357.0228271484375], "mse": [4293184.0, 2080362.5, 1867246.75, 1784144.0, 1785134.625, 1665426.375, 1557760.75, 1509447.125, 1478215.5, 1375026.875, 1342933.5], "mape": [3692.87060546875, 2228.058837890625, 1735.117919921875, 1536.4945068359375, 1476.454833984375, 1361.6279296875, 1258.9952392578125, 1194.4007568359375, 1138.7342529296875, 1055.482421875, 971.73583984375], "val_loss": [2849142.0, 3236620.0, 3299038.5, 3940257.5, 4458738.0, 4688254.0, 4776767.5, 4452770.0, 4286173.0, 4173884.0, 3932539.5], "val_mae": [578.3493041992188, 457.8950500488281, 427.15960693359375, 410.54058837890625, 392.710205078125, 391.6324768066406, 363.295166015625, 347.4820861816406, 333.5411682128906, 320.3406982421875, 305.4964599609375], "val_mse": [2849140.5, 3236618.5, 3299037.5, 3940256.0, 4458736.5, 4688253.0, 4776766.0, 4452767.0, 4286171.0, 4173879.25, 3932536.25], "val_mape": [2737.44091796875, 1801.8846435546875, 1487.1396484375, 1593.445556640625, 1390.193115234375, 1462.01953125, 1080.2625732421875, 1036.053955078125, 845.2490844726562, 869.405517578125, 829.4729614257812]}