{"loss": [5676704.5, 2556897.75, 2089965.875, 2118949.5, 1973084.75, 1886899.5, 1764768.375, 1740178.625, 1741304.25, 1738041.0, 1684914.875], "mae": [1102.7589111328125, 701.4832763671875, 554.4901733398438, 511.36920166015625, 486.2630310058594, 468.6130065917969, 457.4960632324219, 450.65625, 450.1277770996094, 447.0372619628906, 443.3125], "mse": [5676704.0, 2556897.25, 2089965.125, 2118948.75, 1973083.5, 1886898.625, 1764767.25, 1740177.75, 1741303.125, 1738039.5, 1684913.625], "mape": [4638.21875, 3611.64208984375, 2450.64697265625, 1990.2620849609375, 1824.796142578125, 1712.8426513671875, 1593.252197265625, 1521.4638671875, 1460.916015625, 1475.1802978515625, 1429.9296875], "val_loss": [3620678.25, 4420525.0, 5001232.5, 5429867.0, 5769479.0, 5961980.5, 6449907.0, 6647329.0, 6418560.0, 6444244.5, 6800085.5], "val_mae": [872.74072265625, 587.44873046875, 508.0947265625, 479.76666259765625, 460.7875671386719, 453.0779724121094, 438.80169677734375, 433.3501892089844, 430.4142761230469, 418.4067687988281, 418.9820861816406], "val_mse": [3620677.5, 4420524.5, 5001232.0, 5429865.5, 5769478.5, 5961979.5, 6449906.0, 6647327.5, 6418558.0, 6444244.0, 6800085.5], "val_mape": [5127.84130859375, 2901.327392578125, 2115.321533203125, 1970.6649169921875, 1809.9749755859375, 1836.270263671875, 1554.41650390625, 1595.3304443359375, 1513.0389404296875, 1409.1898193359375, 1445.4766845703125]}