{"loss": [4548887.0, 2018489.0, 1726225.0, 1632067.375, 1596203.25, 1503508.25, 1471234.75, 1480133.75, 1384421.75, 1382847.75, 1311051.375], "mae": [970.7438354492188, 552.9320678710938, 481.1219482421875, 457.3868103027344, 455.48358154296875, 448.9347229003906, 448.5320739746094, 445.7862243652344, 444.1910095214844, 447.9535217285156, 441.51690673828125], "mse": [4548879.0, 2018475.875, 1726210.125, 1632051.25, 1596186.0, 1503489.5, 1471215.125, 1480111.75, 1384398.0, 1382822.375, 1311024.125], "mape": [4464.6123046875, 2585.60546875, 1962.2996826171875, 1783.3809814453125, 1775.753662109375, 1786.84912109375, 1767.649169921875, 1796.885986328125, 1847.4705810546875, 1876.792236328125, 1867.31005859375], "val_loss": [3610451.0, 4133538.0, 4344958.5, 4689549.0, 4517586.0, 4789968.5, 4914622.0, 5002552.0, 4706064.5, 4635832.5, 4594166.5], "val_mae": [647.9080810546875, 494.7070007324219, 448.4351501464844, 443.5804748535156, 432.3617858886719, 435.7424011230469, 400.3436279296875, 401.86309814453125, 377.7331237792969, 363.66815185546875, 354.9711608886719], "val_mse": [3610439.25, 4133520.5, 4344942.0, 4689533.5, 4517568.5, 4789951.5, 4914603.0, 5002529.5, 4706037.5, 4635807.0, 4594138.0], "val_mape": [3490.772216796875, 2107.861083984375, 1598.191162109375, 1756.6536865234375, 1706.33642578125, 1782.2001953125, 1419.281005859375, 1557.1146240234375, 1217.3914794921875, 1207.5975341796875, 1226.1190185546875]}