{"loss": [3595825.0, 2064553.125, 2305619.25, 1917698.875, 1783934.875, 1757938.125, 1715749.25, 1569631.75, 1547374.75, 1501719.25, 2598653.25], "mae": [817.375732421875, 512.898681640625, 478.8109130859375, 463.33868408203125, 452.80682373046875, 444.43121337890625, 438.2437438964844, 422.9945373535156, 414.28887939453125, 405.2419738769531, 388.7828674316406], "mse": [3595820.25, 2064545.125, 2305609.5, 1917688.125, 1783920.625, 1757921.0, 1715729.875, 1569605.875, 1547341.5, 1501680.875, 2598607.0], "mape": [3746.785888671875, 1998.7001953125, 1729.3221435546875, 1591.299072265625, 1524.605224609375, 1469.0924072265625, 1426.5107421875, 1363.0203857421875, 1312.985107421875, 1273.916748046875, 1206.675537109375], "val_loss": [3112557.5, 3644890.0, 3572181.0, 4304571.0, 4705321.5, 5234097.5, 4498801.5, 4468089.0, 4566084.0, 5025185.0, 4694561.0], "val_mae": [537.5841674804688, 462.1748352050781, 452.4740295410156, 428.9621276855469, 400.55682373046875, 403.0396423339844, 386.4387512207031, 375.9388732910156, 350.74530029296875, 327.4037170410156, 327.71661376953125], "val_mse": [3112549.5, 3644881.25, 3572172.75, 4304560.0, 4705306.0, 5234081.5, 4498779.5, 4468061.0, 4566055.5, 5025144.0, 4694518.5], "val_mape": [2398.04833984375, 1822.7706298828125, 1462.2669677734375, 1661.554443359375, 1306.25927734375, 1465.302734375, 1205.8470458984375, 989.8191528320312, 901.2472534179688, 820.8301391601562, 930.8291625976562]}