{"loss": [4240705.5, 2095876.5, 1809635.375, 1750803.75, 1764893.0, 1685915.75, 1603985.375, 1595716.0, 1512937.625, 1536414.625, 1425754.625, 1345626.0, 1285954.875, 1262909.75, 1194062.375, 1302343.25, 1057931.0, 995990.8125, 945049.1875, 896229.5625, 838856.125, 1190087.5, 792335.0625, 815835.375, 745943.1875, 710509.625, 679462.25, 653700.625, 619917.4375, 598151.6875, 583830.6875, 581070.5625, 557071.0625, 543258.9375, 562504.0, 552758.1875, 491003.1875, 505294.375, 490800.125, 498894.1875, 493245.65625, 1055473.875, 503209.21875, 470833.84375, 471404.59375, 445144.03125, 489414.65625, 478501.0625], "mae": [932.9794311523438, 556.1541137695312, 479.1383056640625, 460.7342529296875, 459.27532958984375, 462.21044921875, 459.5779724121094, 461.2585144042969, 456.5849609375, 454.2735900878906, 449.2898864746094, 436.9615478515625, 426.98956298828125, 416.4956359863281, 400.5754089355469, 386.0666198730469, 372.2887268066406, 354.6993408203125, 344.04949951171875, 328.9180603027344, 313.31689453125, 301.55560302734375, 287.9002380371094, 283.1808166503906, 272.5782470703125, 265.8263244628906, 258.4087829589844, 249.28135681152344, 240.11422729492188, 229.5103302001953, 220.16238403320312, 216.0966339111328, 211.62721252441406, 201.2272491455078, 204.49484252929688, 197.2153778076172, 188.52764892578125, 184.00392150878906, 181.17715454101562, 178.36441040039062, 175.658935546875, 179.84373474121094, 175.79127502441406, 166.6138916015625, 163.2551727294922, 163.2401123046875, 163.44186401367188, 164.2153778076172], "mse": [4240705.0, 2095875.875, 1809634.625, 1750802.875, 1764891.375, 1685914.0, 1603983.25, 1595713.75, 1512936.25, 1536412.5, 1425752.125, 1345623.25, 1285952.5, 1262907.0, 1194058.625, 1302337.875, 1057926.875, 995985.0625, 945043.25, 896223.375, 838849.5, 1190080.5, 792326.625, 815827.5, 745935.0625, 710500.375, 679452.8125, 653690.5, 619907.3125, 598140.75, 583819.625, 581060.0, 557059.8125, 543246.875, 562491.8125, 552745.5, 490990.625, 505281.1875, 490786.0, 498880.21875, 493232.25, 1055459.625, 503194.875, 470818.59375, 471389.375, 445128.875, 489398.8125, 478484.59375], "mape": [4334.94189453125, 2531.23193359375, 1877.5313720703125, 1656.021728515625, 1687.751220703125, 1707.17041015625, 1753.3592529296875, 1770.8309326171875, 1782.354248046875, 1817.9234619140625, 1795.18505859375, 1746.4132080078125, 1749.1990966796875, 1681.238037109375, 1591.5748291015625, 1555.636962890625, 1475.178955078125, 1391.147216796875, 1366.6580810546875, 1306.36376953125, 1246.412109375, 1186.152099609375, 1099.9122314453125, 1079.215576171875, 1042.9261474609375, 987.5652465820312, 928.507568359375, 932.8958740234375, 857.997802734375, 790.3255615234375, 787.9049682617188, 720.3828735351562, 719.65185546875, 663.9701538085938, 694.9692993164062, 638.161376953125, 624.691162109375, 596.0508422851562, 613.629150390625, 583.7896728515625, 562.7951049804688, 565.8665771484375, 570.06005859375, 503.5616455078125, 492.2557373046875, 519.85546875, 491.63470458984375, 521.3015747070312], "val_loss": [3260922.75, 3431401.75, 3269673.75, 3277502.75, 3380611.25, 3332413.5, 3332176.0, 3494922.25, 3484066.75, 3517001.75, 3102560.0, 3016296.75, 2931963.5, 3024056.25, 2671078.5, 2435272.75, 2427769.5, 2234722.75, 2216093.0, 1942612.625, 1536996.125, 1778162.25, 1247386.5, 1187328.0, 1389665.375, 1524865.125, 1360352.25, 1107130.0, 1099578.25, 946026.3125, 1339056.125, 1097694.125, 1351243.25, 1255131.875, 1210995.875, 1311238.25, 1040489.0625, 676235.5, 1012128.1875, 728263.5625, 1132192.375, 1244363.375, 1501396.125, 1639726.125, 1481622.875, 1103643.125, 1214076.875, 899526.8125], "val_mae": [633.324462890625, 500.8621826171875, 458.0501708984375, 448.36199951171875, 432.490966796875, 438.2456970214844, 409.84942626953125, 399.15234375, 387.57537841796875, 372.7970275878906, 363.7594299316406, 358.07135009765625, 325.52783203125, 323.1282958984375, 292.6785583496094, 272.3670654296875, 260.8032531738281, 258.1295166015625, 246.02528381347656, 216.58006286621094, 202.5023956298828, 182.0440673828125, 171.7333221435547, 166.18612670898438, 159.88919067382812, 181.14544677734375, 157.3938751220703, 185.8059844970703, 129.7361297607422, 139.89703369140625, 125.83306121826172, 181.68980407714844, 119.92910766601562, 112.5769271850586, 124.09902954101562, 166.12730407714844, 107.08281707763672, 122.12154388427734, 122.65483093261719, 105.98592376708984, 105.6857681274414, 108.16090393066406, 98.12553405761719, 92.5493392944336, 92.25379180908203, 96.12430572509766, 123.7128677368164, 89.71204376220703], "val_mse": [3260922.25, 3431401.25, 3269673.0, 3277501.5, 3380609.5, 3332411.25, 3332174.0, 3494920.25, 3484065.0, 3516998.75, 3102557.5, 3016294.0, 2931959.5, 3024053.0, 2671073.75, 2435269.0, 2427765.25, 2234717.5, 2216086.5, 1942606.625, 1536988.625, 1778154.625, 1247377.75, 1187319.625, 1389655.75, 1524855.125, 1360342.75, 1107119.625, 1099567.625, 946013.9375, 1339045.875, 1097683.875, 1351232.125, 1255118.75, 1210984.125, 1311223.625, 1040476.5625, 676221.875, 1012113.8125, 728249.375, 1132178.375, 1244351.125, 1501383.0, 1639710.5, 1481608.375, 1103627.0, 1214060.5, 899510.0], "val_mape": [3419.2314453125, 2263.870361328125, 1654.14453125, 1792.8955078125, 1582.679931640625, 1820.8240966796875, 1424.8314208984375, 1337.166259765625, 1241.87890625, 1214.93408203125, 1199.2154541015625, 1249.10546875, 830.2831420898438, 1082.5850830078125, 814.4010009765625, 729.8135986328125, 767.9524536132812, 728.8109130859375, 849.0309448242188, 574.1435546875, 510.3592834472656, 498.8276672363281, 529.722412109375, 469.1192321777344, 350.5171813964844, 668.6446533203125, 558.7700805664062, 467.9720764160156, 359.2738037109375, 543.7096557617188, 325.3119812011719, 1034.2989501953125, 314.91094970703125, 360.4583740234375, 453.47491455078125, 909.8818969726562, 419.88873291015625, 305.0918884277344, 277.7674865722656, 316.3939208984375, 443.9947204589844, 270.51214599609375, 266.9964599609375, 277.7392272949219, 204.64744567871094, 235.4263153076172, 528.9891967773438, 218.5221710205078]}