{"loss": [4386493.5, 1958272.5, 1703495.75, 1621867.875, 1571147.625, 1458196.875, 2039501.0, 1368343.0, 1357855.75, 1307492.375, 1238597.75, 1227953.875, 1111840.875, 1130782.125, 1007642.1875, 958340.6875, 858566.0625], "mae": [936.2742309570312, 530.4910278320312, 470.99749755859375, 449.90692138671875, 443.13555908203125, 433.4182434082031, 435.98138427734375, 429.6021423339844, 424.8482360839844, 422.2506103515625, 412.7044982910156, 406.8668212890625, 394.2730712890625, 388.4830017089844, 372.83056640625, 356.8623352050781, 336.9578552246094], "mse": [4386492.5, 1958270.0, 1703493.5, 1621866.125, 1571145.375, 1458194.625, 2039498.625, 1368340.125, 1357852.375, 1307489.375, 1238594.25, 1227950.375, 1111836.25, 1130777.375, 1007637.3125, 958335.5625, 858559.375], "mape": [4236.68701171875, 2420.519287109375, 1928.9390869140625, 1738.587646484375, 1692.6607666015625, 1688.873779296875, 1717.4654541015625, 1731.0693359375, 1753.232177734375, 1704.9940185546875, 1692.4000244140625, 1709.1439208984375, 1709.2777099609375, 1668.4967041015625, 1629.9617919921875, 1563.480224609375, 1493.3719482421875], "val_loss": [4156133.0, 4305431.0, 4417402.0, 4617436.5, 4303905.0, 4455262.0, 3750983.0, 4233954.0, 4153278.5, 4421718.0, 4061496.25, 3778331.75, 3832904.75, 3914068.25, 3785645.25, 4301675.5, 4174061.25], "val_mae": [625.7578125, 497.2528991699219, 434.33477783203125, 419.7061462402344, 422.08233642578125, 424.7357177734375, 383.9124450683594, 379.9555969238281, 362.35845947265625, 347.7219543457031, 370.19012451171875, 328.41668701171875, 310.89385986328125, 305.0174560546875, 308.5216369628906, 270.35345458984375, 250.6237335205078], "val_mse": [4156131.0, 4305429.0, 4417401.0, 4617435.0, 4303902.5, 4455259.5, 3750980.5, 4233952.0, 4153276.25, 4421715.5, 4061494.0, 3778328.25, 3832899.5, 3914064.0, 3785640.0, 4301669.0, 4174052.75], "val_mape": [3387.4931640625, 2175.5419921875, 1504.2833251953125, 1561.2003173828125, 1694.2783203125, 1724.027099609375, 1381.8389892578125, 1426.3145751953125, 1139.41015625, 1138.3929443359375, 1458.7508544921875, 1133.8414306640625, 866.3154296875, 1095.598388671875, 1048.436279296875, 959.6597290039062, 817.444091796875]}