{"loss": [4179401.75, 1824090.375, 1666760.375, 1567947.25, 1571594.125, 1446668.625, 1430641.0, 1383827.25, 1305034.375, 1277871.125, 1224162.75], "mae": [880.1123657226562, 493.8215026855469, 447.65228271484375, 423.4374694824219, 421.54718017578125, 405.3130187988281, 402.6694641113281, 399.4705505371094, 382.5188293457031, 380.90606689453125, 372.572998046875], "mse": [4179400.75, 1824088.75, 1666758.25, 1567945.25, 1571592.625, 1446667.25, 1430638.875, 1383824.375, 1305031.25, 1277867.625, 1224159.625], "mape": [3855.59228515625, 2085.840576171875, 1701.222412109375, 1510.22607421875, 1503.2769775390625, 1422.0035400390625, 1399.18701171875, 1402.764404296875, 1348.7991943359375, 1345.8658447265625, 1291.56884765625], "val_loss": [3869375.25, 4186476.75, 4181300.25, 4678657.0, 4756662.5, 5279950.5, 5327619.5, 5931640.5, 6201569.5, 5635747.0, 5539004.0], "val_mae": [562.0415649414062, 456.0065002441406, 430.2680358886719, 416.8782653808594, 405.84710693359375, 421.2114562988281, 381.6258239746094, 376.0957336425781, 361.346435546875, 356.7872009277344, 355.7641906738281], "val_mse": [3869373.5, 4186475.25, 4181298.0, 4678654.0, 4756659.5, 5279947.0, 5327616.5, 5931638.5, 6201567.0, 5635743.5, 5539000.0], "val_mape": [2832.381103515625, 1704.1151123046875, 1425.3004150390625, 1545.7254638671875, 1486.3203125, 1618.661376953125, 1290.62255859375, 1333.043212890625, 1071.876220703125, 1160.763916015625, 1255.090087890625]}