{"loss": [4311108.0, 2127108.5, 1940450.875, 2087968.875, 1806001.0, 1729179.625, 1680728.375, 1639827.375, 1624658.0, 1574310.875, 1535594.875], "mae": [940.8607177734375, 557.754638671875, 489.62652587890625, 474.3706970214844, 457.6915588378906, 447.10931396484375, 439.6790466308594, 433.8838195800781, 428.1675109863281, 424.6500244140625, 414.7803649902344], "mse": [4311101.0, 2127099.75, 1940441.5, 2087957.5, 1805988.125, 1729167.25, 1680713.0, 1639809.75, 1624638.625, 1574285.625, 1535568.375], "mape": [4321.8505859375, 2468.443115234375, 1841.604736328125, 1690.9208984375, 1588.823974609375, 1481.9708251953125, 1463.60791015625, 1403.935791015625, 1381.6806640625, 1362.126708984375, 1309.1654052734375], "val_loss": [3633753.75, 4485078.5, 4342122.0, 4659837.0, 4651225.0, 4943917.5, 4808511.0, 4756858.5, 4937681.0, 4680138.0, 4689896.0], "val_mae": [636.7571411132812, 491.3578186035156, 455.5056457519531, 440.3892517089844, 424.61297607421875, 427.7805480957031, 405.2367858886719, 398.3437805175781, 387.9996337890625, 377.1294250488281, 367.53375244140625], "val_mse": [3633746.0, 4485067.5, 4342113.5, 4659826.5, 4651214.5, 4943902.5, 4808496.0, 4756840.5, 4937658.5, 4680113.0, 4689868.0], "val_mape": [3337.17431640625, 2111.6484375, 1634.19970703125, 1668.2232666015625, 1569.455322265625, 1652.490966796875, 1310.8680419921875, 1244.79296875, 1191.6910400390625, 1153.1287841796875, 1179.724609375]}