{"loss": [4102251.25, 1940585.5, 1761050.25, 1685488.75, 1644245.5, 1619059.375, 1589446.375, 1573686.25, 1489373.875, 1499104.375, 1435925.25], "mae": [885.923583984375, 526.3501586914062, 467.21612548828125, 445.6848449707031, 436.9424133300781, 433.4977722167969, 427.227294921875, 426.6784362792969, 418.7716979980469, 418.89556884765625, 411.3779602050781], "mse": [4102245.25, 1940577.125, 1761039.125, 1685476.125, 1644231.25, 1619045.0, 1589429.375, 1573668.875, 1489353.75, 1499084.75, 1435903.75], "mape": [3956.961181640625, 2283.718505859375, 1800.6943359375, 1573.81103515625, 1515.461181640625, 1481.2850341796875, 1471.0147705078125, 1476.985107421875, 1444.5523681640625, 1469.1854248046875, 1444.9637451171875], "val_loss": [3745416.75, 5287939.0, 5904576.5, 6720928.0, 6657907.5, 6487659.0, 6354968.5, 6671904.5, 6510059.0, 7061428.5, 6618377.0], "val_mae": [579.6812133789062, 472.4918212890625, 448.2297668457031, 435.6540832519531, 421.4462585449219, 419.255615234375, 400.4526672363281, 397.4372863769531, 382.8543701171875, 377.7385559082031, 380.7521057128906], "val_mse": [3745407.5, 5287929.0, 5904564.5, 6720916.0, 6657894.0, 6487646.0, 6354950.5, 6671888.0, 6510040.5, 7061401.0, 6618351.5], "val_mape": [2966.44921875, 1989.6363525390625, 1625.2784423828125, 1684.4390869140625, 1486.5067138671875, 1599.1339111328125, 1302.590576171875, 1335.6414794921875, 1173.6414794921875, 1243.3670654296875, 1361.17724609375]}