{"loss": [5362136.0, 2206596.75, 1874696.75, 1769890.0, 1679525.875, 1628290.5, 1578346.625, 1535484.375, 1495645.375, 1443610.875, 1446628.75, 1385034.125, 1358176.625], "mae": [1025.88232421875, 623.1488037109375, 513.5379028320312, 483.6058654785156, 468.1221618652344, 453.82305908203125, 448.3756103515625, 440.454833984375, 436.8691711425781, 426.542724609375, 424.27374267578125, 411.4461975097656, 404.09259033203125], "mse": [5362130.5, 2206588.25, 1874686.5, 1769877.75, 1679512.625, 1628276.375, 1578332.0, 1535468.375, 1495628.25, 1443591.875, 1446607.625, 1385010.25, 1358150.125], "mape": [4146.23291015625, 3087.34814453125, 2218.620361328125, 1912.828125, 1822.9014892578125, 1752.134765625, 1696.7801513671875, 1642.382080078125, 1601.9241943359375, 1585.1741943359375, 1520.6575927734375, 1458.37255859375, 1446.3607177734375], "val_loss": [3343618.75, 2861741.0, 2766580.0, 2885502.25, 3018724.0, 2906198.0, 2809178.5, 3047462.75, 2929533.25, 2944958.75, 3082954.25, 3064088.75, 3167014.0], "val_mae": [748.2774047851562, 528.7156372070312, 467.578857421875, 445.1741943359375, 428.8664245605469, 412.5718994140625, 403.881103515625, 394.5789794921875, 382.9912414550781, 369.14501953125, 361.9041442871094, 345.0926208496094, 338.1770935058594], "val_mse": [3343610.75, 2861730.75, 2766571.0, 2885491.5, 3018711.25, 2906185.5, 2809164.75, 3047448.25, 2929515.75, 2944936.5, 3082931.0, 3064062.5, 3166985.5], "val_mape": [4125.35986328125, 2470.136962890625, 1813.3851318359375, 1770.6695556640625, 1683.6094970703125, 1555.42724609375, 1441.475341796875, 1415.9703369140625, 1306.432861328125, 1170.15087890625, 1198.915771484375, 1079.600341796875, 909.9217529296875]}