{"loss": [2872071.0, 1677884.625, 1577677.375, 1398730.25, 1365811.0, 1220437.25, 1093028.375, 1008147.375, 883081.875, 844091.3125, 774365.125, 766572.5625, 735005.75, 741628.375, 631118.1875, 631571.875, 594906.5, 604809.6875, 1032004.5, 564248.375, 570847.1875, 490747.25, 536812.1875, 524613.8125, 509508.5, 489156.9375, 464262.46875, 470840.4375, 458100.34375, 454400.375, 426817.53125, 418743.71875, 462606.4375, 685533.1875, 455522.4375, 450231.78125, 450939.625, 453177.875, 428786.53125, 464634.59375, 420885.15625, 438217.40625, 431060.84375, 440043.875, 414712.125, 420760.46875, 429420.5, 646316.8125, 389913.09375, 530968.4375, 408923.8125, 395737.59375, 385780.3125], "mae": [666.830078125, 482.8661193847656, 458.6932067871094, 430.6872253417969, 411.0771179199219, 372.8266296386719, 341.2966613769531, 312.0752258300781, 275.7034606933594, 260.6796875, 239.24769592285156, 231.87362670898438, 218.85789489746094, 212.5272216796875, 199.9501953125, 196.85374450683594, 177.7080841064453, 181.55084228515625, 181.46897888183594, 172.85076904296875, 169.80909729003906, 156.9576416015625, 160.94033813476562, 157.94618225097656, 152.80291748046875, 147.0606231689453, 141.09950256347656, 145.43887329101562, 141.69668579101562, 141.21490478515625, 139.91941833496094, 135.64193725585938, 138.68179321289062, 136.76075744628906, 137.13583374023438, 137.04002380371094, 141.79269409179688, 139.8196258544922, 134.80763244628906, 140.08694458007812, 136.32278442382812, 136.87782287597656, 133.1868438720703, 135.90858459472656, 132.69859313964844, 135.49957275390625, 135.25039672851562, 134.6607666015625, 127.65141296386719, 131.0939483642578, 128.91600036621094, 130.05409240722656, 124.99658203125], "mse": [2872070.75, 1677882.875, 1577674.75, 1398727.5, 1365807.375, 1220432.875, 1093022.0, 1008140.8125, 883074.125, 844082.875, 774354.875, 766563.1875, 734995.625, 741616.5625, 631106.125, 631557.875, 594893.5625, 604796.0625, 1031990.5, 564234.0, 570832.5, 490732.34375, 536796.5625, 524599.125, 509492.4375, 489140.25, 464245.6875, 470823.375, 458082.8125, 454383.125, 426800.25, 418726.5625, 462588.25, 685515.0, 455504.40625, 450213.75, 450922.34375, 453159.71875, 428768.5, 464616.1875, 420866.75, 438198.375, 431042.1875, 440024.71875, 414693.25, 420741.4375, 429401.90625, 646297.625, 389893.78125, 530948.75, 408904.0, 395717.15625, 385760.0625], "mape": [2922.975830078125, 1999.9232177734375, 1859.337890625, 1709.877685546875, 1587.1527099609375, 1358.0152587890625, 1193.08203125, 1024.4031982421875, 864.4633178710938, 772.4204711914062, 680.2689819335938, 675.37890625, 608.8441162109375, 599.2606811523438, 530.85693359375, 539.0118408203125, 456.9940490722656, 469.6912841796875, 469.1925354003906, 464.3707275390625, 431.0791015625, 391.0780029296875, 398.9200439453125, 424.1858215332031, 387.10760498046875, 386.4720458984375, 354.1643371582031, 389.28643798828125, 389.1407470703125, 390.63775634765625, 374.8974609375, 366.42047119140625, 379.73846435546875, 371.855712890625, 355.65130615234375, 361.7597961425781, 400.6596374511719, 393.868896484375, 348.59722900390625, 392.3927001953125, 353.9403381347656, 376.029296875, 371.5308532714844, 373.7528076171875, 350.0830383300781, 357.1166076660156, 371.119384765625, 352.9845886230469, 332.575439453125, 337.1619567871094, 357.8310852050781, 342.51605224609375, 308.0897216796875], "val_loss": [2823707.5, 2636884.0, 2374020.0, 2267059.5, 1711476.75, 1728012.25, 1672608.0, 1555578.875, 1339806.625, 1873737.125, 1131581.875, 1633870.25, 1281076.125, 1937471.625, 1355925.75, 1496836.375, 1374010.0, 1379948.125, 1467020.25, 1565321.5, 1121345.625, 1245685.125, 1041560.0625, 898876.6875, 842190.8125, 759261.8125, 890809.1875, 882336.5625, 752195.5625, 569645.0, 711164.625, 691222.5625, 643449.9375, 907653.75, 550176.5625, 613502.375, 410531.8125, 376432.5, 516722.5625, 427988.125, 460369.53125, 402747.03125, 327576.15625, 439838.0, 488764.875, 403403.90625, 428366.875, 424689.21875, 463135.5625, 401218.25, 457594.90625, 415853.6875, 536283.625], "val_mae": [447.3826904296875, 393.4906921386719, 384.49786376953125, 334.59576416015625, 308.6795349121094, 288.6170959472656, 256.8115234375, 236.36585998535156, 200.7018280029297, 180.61807250976562, 153.18865966796875, 144.13412475585938, 153.3262481689453, 159.240966796875, 153.5924835205078, 160.84628295898438, 120.49375915527344, 158.8892059326172, 118.93566131591797, 119.54145812988281, 106.79983520507812, 107.60664367675781, 124.12925720214844, 90.41563415527344, 86.74103546142578, 90.80386352539062, 85.84143829345703, 108.51543426513672, 101.09858703613281, 89.91151428222656, 98.43192291259766, 99.82299041748047, 95.57311248779297, 104.88445281982422, 80.42642211914062, 111.14311218261719, 97.32142639160156, 95.96964263916016, 107.84745025634766, 96.55711364746094, 97.41163635253906, 94.36317443847656, 80.65666961669922, 76.40312957763672, 99.80290985107422, 86.60051727294922, 105.0245590209961, 74.18885040283203, 94.26206970214844, 89.87124633789062, 105.33329772949219, 86.78433227539062, 89.8390121459961], "val_mse": [2823705.75, 2636882.0, 2374017.5, 2267056.75, 1711473.5, 1728006.625, 1672602.0, 1555572.875, 1339795.0, 1873728.625, 1131572.125, 1633859.875, 1281064.125, 1937461.875, 1355913.875, 1496825.25, 1373996.25, 1379934.375, 1467008.25, 1565304.75, 1121333.0, 1245670.75, 1041545.625, 898862.1875, 842175.5625, 759247.5, 890789.8125, 882319.25, 752178.875, 569629.375, 711148.375, 691205.125, 643430.375, 907637.5, 550159.0, 613485.5, 410516.125, 376414.09375, 516705.125, 427969.90625, 460349.3125, 402728.625, 327556.71875, 439820.53125, 488746.3125, 403385.625, 428345.71875, 424669.46875, 463110.96875, 401200.0, 457572.03125, 415836.09375, 536264.4375], "val_mape": [1872.1085205078125, 1433.602783203125, 1201.3851318359375, 1141.586181640625, 941.3054809570312, 970.9777221679688, 860.8058471679688, 568.6005249023438, 504.08367919921875, 542.263916015625, 460.1869812011719, 351.6605224609375, 544.9387817382812, 615.9918212890625, 266.22259521484375, 216.3656005859375, 337.7681884765625, 340.6285095214844, 513.4471435546875, 450.2519836425781, 291.3572692871094, 263.81610107421875, 585.0945434570312, 230.4292755126953, 233.3595428466797, 274.22601318359375, 268.5885009765625, 475.0377502441406, 222.14083862304688, 399.6522216796875, 242.88308715820312, 360.78704833984375, 363.82720947265625, 475.19464111328125, 298.83782958984375, 492.38238525390625, 380.20806884765625, 247.42169189453125, 249.63308715820312, 203.56655883789062, 320.6602478027344, 248.17572021484375, 277.1121826171875, 364.00408935546875, 238.69688415527344, 300.2516174316406, 403.5369567871094, 333.75970458984375, 388.92694091796875, 479.3367004394531, 198.98297119140625, 399.8218688964844, 439.7127685546875]}