{"loss": [3491840.25, 1872854.25, 1684245.625, 1589962.0, 1539592.125, 1454113.75, 1582234.125, 1284357.75, 1221918.5, 1181965.625, 1116489.375, 1018338.4375, 954732.0625, 898240.4375, 798436.5, 745173.4375, 715697.4375, 707773.375, 816279.6875, 630682.8125, 595057.875, 556492.0625, 533682.125, 513049.84375, 494136.4375, 491513.5625, 485496.1875, 1460848.875, 488797.15625, 438123.1875, 432764.15625, 463226.375, 393575.5625, 411773.1875, 416494.25, 403297.3125, 417106.09375, 433001.25, 395865.5625, 400570.875, 392152.09375, 394004.46875, 1465724.625, 363065.8125, 397370.34375, 365330.3125, 366211.625], "mae": [764.1296997070312, 487.8760681152344, 456.3354187011719, 432.7859802246094, 425.7713317871094, 414.4190368652344, 411.2384033203125, 389.8911437988281, 377.4443054199219, 368.04083251953125, 352.77313232421875, 329.40399169921875, 311.8681945800781, 297.5802917480469, 271.7663879394531, 257.8973388671875, 247.07518005371094, 234.2512969970703, 232.92727661132812, 214.6825408935547, 205.57533264160156, 195.5476837158203, 185.32606506347656, 180.3768310546875, 172.93260192871094, 165.5557861328125, 166.1684112548828, 170.41213989257812, 162.947265625, 155.0006866455078, 150.9687042236328, 147.57559204101562, 142.00384521484375, 143.58395385742188, 141.68165588378906, 137.57400512695312, 138.0272674560547, 141.21148681640625, 133.6667938232422, 133.5924835205078, 134.818603515625, 131.294677734375, 143.75045776367188, 131.81390380859375, 131.3353271484375, 131.51258850097656, 130.0278778076172], "mse": [3491839.0, 1872852.75, 1684243.5, 1589960.125, 1539589.0, 1454111.625, 1582230.125, 1284354.5, 1221915.0, 1181960.5, 1116484.625, 1018333.1875, 954725.25, 898232.3125, 798428.8125, 745164.25, 715687.4375, 707763.125, 816269.125, 630671.625, 595046.6875, 556480.0, 533669.6875, 513036.40625, 494123.6875, 491500.9375, 485482.59375, 1460835.875, 488783.71875, 438108.75, 432749.6875, 463211.875, 393560.25, 411757.53125, 416478.3125, 403281.53125, 417089.71875, 432984.71875, 395848.90625, 400554.125, 392135.53125, 393987.46875, 1465706.0, 363048.25, 397352.90625, 365312.09375, 366194.03125], "mape": [3378.3681640625, 1967.0447998046875, 1719.007080078125, 1579.4666748046875, 1562.220458984375, 1486.4207763671875, 1523.9544677734375, 1431.63916015625, 1394.510498046875, 1336.900634765625, 1276.4473876953125, 1175.43359375, 1121.828125, 1036.6158447265625, 939.8681640625, 870.8883666992188, 829.839111328125, 735.6818237304688, 786.2537841796875, 649.845703125, 602.2548828125, 589.6647338867188, 529.0484619140625, 523.2807006835938, 473.45184326171875, 467.82177734375, 482.271728515625, 529.1051025390625, 478.082275390625, 438.9957275390625, 431.2588195800781, 413.8245544433594, 400.3111572265625, 408.9530029296875, 400.12030029296875, 395.4898681640625, 393.22711181640625, 389.6260681152344, 349.26409912109375, 354.21978759765625, 347.928955078125, 348.6615295410156, 444.1251220703125, 370.2911376953125, 342.39111328125, 374.1718444824219, 350.504638671875], "val_loss": [3042518.75, 3128660.75, 3133591.0, 3021681.75, 3191135.25, 3267696.5, 2952509.75, 3021922.5, 3318880.0, 3370818.0, 3304766.75, 3021936.0, 2642616.0, 2451015.5, 2395803.0, 2023922.625, 1837140.5, 1957285.25, 1982201.0, 1759261.625, 1200721.625, 1461028.75, 1018269.1875, 913064.375, 906617.3125, 995512.0625, 1070162.625, 742791.875, 768806.6875, 828699.6875, 1220061.375, 768905.0625, 939445.125, 931921.125, 868582.625, 1045539.25, 599028.3125, 692413.6875, 998298.0625, 627075.0625, 818138.375, 726664.4375, 695958.9375, 1421691.25, 803939.5625, 771614.1875, 663370.5], "val_mae": [500.7789001464844, 445.7701721191406, 415.4093322753906, 391.4062194824219, 371.48907470703125, 418.7554016113281, 338.59820556640625, 323.7988586425781, 306.8351135253906, 285.2774658203125, 299.668212890625, 248.0301513671875, 226.2747039794922, 219.12538146972656, 202.4624481201172, 196.95713806152344, 174.1159210205078, 195.01487731933594, 144.12982177734375, 137.59222412109375, 184.36444091796875, 134.3306884765625, 121.69680786132812, 113.88442993164062, 109.28771209716797, 128.12643432617188, 99.2270736694336, 97.78386688232422, 82.72624206542969, 83.97332000732422, 86.35437774658203, 134.55731201171875, 71.60543060302734, 87.2398452758789, 82.18986511230469, 97.57872009277344, 82.41907501220703, 80.87725830078125, 117.21148681640625, 130.43528747558594, 72.67353820800781, 85.93775939941406, 74.04820251464844, 89.15729522705078, 74.10037994384766, 70.48887634277344, 95.95704650878906], "val_mse": [3042517.5, 3128659.5, 3133587.5, 3021679.0, 3191132.75, 3267693.25, 2952506.25, 3021919.25, 3318876.5, 3370812.5, 3304761.0, 3021929.75, 2642611.0, 2451007.25, 2395793.5, 2023912.25, 1837131.0, 1957274.75, 1982189.875, 1759250.375, 1200710.375, 1461016.625, 1018257.25, 913051.3125, 906604.4375, 995499.5, 1070149.25, 742778.5, 768791.6875, 828684.875, 1220048.0, 768890.25, 939429.75, 931906.3125, 868565.9375, 1045522.0, 599011.5, 692397.75, 998280.8125, 627058.0625, 818121.875, 726647.75, 695942.0625, 1421672.875, 803920.0, 771595.9375, 663353.25], "val_mape": [2231.438720703125, 1754.923828125, 1264.96142578125, 1433.237548828125, 1232.3756103515625, 1826.1888427734375, 1066.542724609375, 1005.7861328125, 908.9158935546875, 794.9207763671875, 1023.6587524414062, 711.3941650390625, 507.0508117675781, 778.1859741210938, 584.9620361328125, 327.1404724121094, 475.1528625488281, 980.9797973632812, 489.0976867675781, 403.6084289550781, 1013.9743041992188, 459.5916748046875, 351.86871337890625, 239.05722045898438, 206.0615234375, 453.62274169921875, 215.7192840576172, 340.2662658691406, 225.39877319335938, 272.7686462402344, 252.94796752929688, 714.5200805664062, 169.62759399414062, 235.31796264648438, 292.4296569824219, 243.32281494140625, 337.1999206542969, 221.7911834716797, 132.3262481689453, 176.89662170410156, 230.4701385498047, 159.143798828125, 228.7509002685547, 318.10748291015625, 192.958740234375, 142.67564392089844, 495.6943359375]}