{"loss": [4064324.0, 1937898.125, 1776424.0, 1709487.0, 1597066.75, 1794174.0, 1555654.875, 1549412.125, 1499470.5, 1494004.25, 1550594.125], "mae": [877.7061157226562, 520.5031127929688, 461.8514709472656, 448.4290466308594, 436.2548828125, 441.27130126953125, 431.14312744140625, 428.9188232421875, 421.37744140625, 420.4207763671875, 412.201904296875], "mse": [4064324.0, 1937896.75, 1776422.625, 1709485.625, 1597065.625, 1794172.5, 1555653.75, 1549410.25, 1499468.75, 1494002.125, 1550591.125], "mape": [3901.598388671875, 2244.230712890625, 1774.933837890625, 1633.8023681640625, 1549.9259033203125, 1581.5623779296875, 1535.1502685546875, 1512.739013671875, 1480.4613037109375, 1476.9102783203125, 1429.1519775390625], "val_loss": [3155293.0, 4429500.0, 4633360.0, 5590643.5, 5964061.0, 5750482.5, 6049863.0, 6416131.0, 6561756.0, 7063960.0, 6121547.0], "val_mae": [573.0, 466.00897216796875, 441.4021911621094, 430.6907958984375, 418.9013366699219, 423.1711730957031, 397.484130859375, 391.1497497558594, 378.6186828613281, 371.24114990234375, 364.10430908203125], "val_mse": [3155292.5, 4429499.0, 4633359.0, 5590642.0, 5964060.0, 5750481.5, 6049861.0, 6416128.0, 6561753.0, 7063958.0, 6121543.5], "val_mape": [2864.120849609375, 1944.751953125, 1534.197021484375, 1669.284912109375, 1495.63525390625, 1671.385498046875, 1265.7041015625, 1292.3016357421875, 1116.279296875, 1156.7659912109375, 1135.730224609375]}