{"loss": [4184482.5, 1969514.625, 1788074.0, 1687489.625, 1628012.875, 1558964.25, 1472417.75, 1417146.75, 1372215.875, 1304477.75, 1275157.25], "mae": [912.8681640625, 536.9031372070312, 471.89556884765625, 453.4652404785156, 442.5289611816406, 433.1280517578125, 421.0870361328125, 410.5007629394531, 399.8106384277344, 386.9189147949219, 380.15594482421875], "mse": [4184477.25, 1969505.875, 1788062.375, 1687477.625, 1627997.5, 1558947.0, 1472398.625, 1417125.25, 1372189.375, 1304446.0, 1275121.375], "mape": [4155.2978515625, 2387.809326171875, 1837.6175537109375, 1670.6209716796875, 1602.497802734375, 1526.9639892578125, 1495.8956298828125, 1443.8497314453125, 1393.1671142578125, 1335.463134765625, 1290.2479248046875], "val_loss": [3092397.5, 3901865.5, 4177582.75, 4946251.5, 5231062.0, 5867327.5, 5728493.5, 6143644.5, 6157622.5, 6610087.5, 5933074.5], "val_mae": [609.718994140625, 469.54486083984375, 442.9300537109375, 423.56622314453125, 405.1129150390625, 418.9902648925781, 369.45025634765625, 357.3718566894531, 338.109130859375, 325.93377685546875, 316.3702087402344], "val_mse": [3092389.5, 3901855.5, 4177568.25, 4946241.5, 5231047.0, 5867312.5, 5728476.5, 6143625.5, 6157594.5, 6610057.0, 5933036.0], "val_mape": [3200.56494140625, 1961.1107177734375, 1583.3448486328125, 1631.20849609375, 1457.43212890625, 1686.9852294921875, 1141.941650390625, 1046.6749267578125, 943.528076171875, 864.2176513671875, 900.0699462890625]}