{"loss": [3645082.75, 1937206.625, 1701424.625, 1785249.875, 1583171.25, 1563313.0, 1485414.875, 1456967.875, 1355420.375, 1339403.875, 1273144.25], "mae": [779.0045776367188, 492.10791015625, 451.91754150390625, 436.0576477050781, 427.7822570800781, 426.7604064941406, 417.4102783203125, 406.873779296875, 399.36407470703125, 398.2549133300781, 385.7975769042969], "mse": [3645073.25, 1937192.25, 1701409.625, 1785234.625, 1583153.125, 1563292.125, 1485391.875, 1456939.875, 1355390.625, 1339367.875, 1273105.5], "mape": [3488.917236328125, 1994.37548828125, 1660.7325439453125, 1541.28125, 1494.7200927734375, 1495.810791015625, 1452.1695556640625, 1451.364990234375, 1438.0455322265625, 1432.0086669921875, 1388.9359130859375], "val_loss": [3828675.0, 4094266.25, 4421461.0, 4534558.5, 4764325.5, 4729873.5, 4446857.0, 4399839.5, 5020792.0, 5745927.0, 5070390.5], "val_mae": [523.4506225585938, 454.91522216796875, 427.6121826171875, 418.1737365722656, 397.66473388671875, 422.4404602050781, 372.68853759765625, 374.1331787109375, 350.0284118652344, 330.297119140625, 325.06939697265625], "val_mse": [3828663.75, 4094253.0, 4421443.5, 4534539.0, 4764306.0, 4729851.0, 4446830.0, 4399815.0, 5020758.0, 5745893.5, 5070352.0], "val_mape": [2393.5693359375, 1768.8953857421875, 1352.36865234375, 1599.42041015625, 1380.3070068359375, 1670.9571533203125, 1209.0716552734375, 1255.2027587890625, 1097.6907958984375, 1010.5985107421875, 977.1201782226562]}