{"loss": [3401835.5, 1832359.75, 1666480.25, 1597566.875, 1526483.5, 1423186.875, 1472804.25, 1253943.75, 1138378.875, 1029012.8125, 958166.5], "mae": [756.7704467773438, 476.2963562011719, 432.37542724609375, 412.9038391113281, 397.6504821777344, 382.08111572265625, 369.7296447753906, 345.1033020019531, 328.02105712890625, 306.6289978027344, 290.1316223144531], "mse": [3401830.25, 1832349.125, 1666467.5, 1597552.75, 1526468.375, 1423170.125, 1472782.25, 1253918.875, 1138350.0, 1028976.9375, 958124.9375], "mape": [3301.38525390625, 1856.3702392578125, 1509.046630859375, 1344.62158203125, 1264.8743896484375, 1171.9261474609375, 1130.920166015625, 1036.9151611328125, 963.593505859375, 878.2379150390625, 826.0800170898438], "val_loss": [3182829.25, 4128294.25, 4736731.0, 5094457.5, 5328285.0, 6365871.5, 5324813.0, 5490640.5, 4513912.5, 4682081.5, 3805421.0], "val_mae": [497.3495788574219, 432.7212829589844, 405.2318115234375, 396.15216064453125, 375.2507629394531, 378.52398681640625, 334.3290710449219, 306.880126953125, 279.07183837890625, 251.83497619628906, 244.09088134765625], "val_mse": [3182819.0, 4128282.5, 4736719.0, 5094447.0, 5328270.5, 6365851.5, 5324791.5, 5490614.0, 4513879.5, 4682046.0, 3805384.5], "val_mape": [2200.187255859375, 1711.52099609375, 1338.5286865234375, 1463.8148193359375, 1300.2117919921875, 1431.1156005859375, 983.7852783203125, 797.552978515625, 661.9664916992188, 578.9017944335938, 527.4989013671875]}