{"loss": [3486361.75, 1868329.25, 1656394.625, 1571966.75, 1519690.625, 1462151.375, 1377906.0, 1276819.875, 1204503.625, 1164327.25, 1076758.625, 983440.375, 882904.3125, 831241.875, 741523.6875, 729681.0625, 640906.625, 708602.25, 548067.1875, 552815.6875, 527385.0, 531610.25, 492494.8125, 471964.0625, 1776480.875, 436069.6875, 794183.375, 414286.96875, 934697.5, 393213.40625, 413945.125, 995479.6875, 411596.875], "mae": [762.4564819335938, 481.2872009277344, 434.6583557128906, 412.9795227050781, 403.8524475097656, 390.0394592285156, 376.0333251953125, 360.13232421875, 343.28985595703125, 332.0689697265625, 315.9986572265625, 295.0247497558594, 274.7958068847656, 264.25848388671875, 239.77430725097656, 235.38441467285156, 218.87628173828125, 209.5945587158203, 199.74716186523438, 185.91006469726562, 179.7872314453125, 175.5604248046875, 169.54725646972656, 163.13133239746094, 171.62612915039062, 152.62001037597656, 154.15765380859375, 147.27474975585938, 148.96746826171875, 140.8042449951172, 138.5678253173828, 144.22996520996094, 141.72967529296875], "mse": [3486360.5, 1868328.25, 1656392.375, 1571964.75, 1519688.875, 1462149.625, 1377902.625, 1276816.75, 1204500.625, 1164323.125, 1076754.25, 983435.0625, 882899.0, 831235.6875, 741516.9375, 729672.875, 640897.125, 708592.625, 548058.4375, 552805.4375, 527373.5625, 531598.3125, 492482.875, 471951.46875, 1776467.625, 436057.375, 794170.0, 414273.125, 934683.625, 393198.53125, 413930.1875, 995464.75, 411581.5], "mape": [3338.291015625, 1927.8726806640625, 1555.831298828125, 1373.510009765625, 1309.895751953125, 1220.66015625, 1165.8475341796875, 1129.997314453125, 1060.8201904296875, 1006.155029296875, 946.98583984375, 865.0565795898438, 811.3120727539062, 769.1282958984375, 690.9268188476562, 698.2725830078125, 654.913818359375, 619.91015625, 640.6994018554688, 567.7144165039062, 530.1959838867188, 560.4949340820312, 526.6871948242188, 509.1327209472656, 589.5487060546875, 437.46649169921875, 486.53955078125, 441.5791931152344, 452.7618713378906, 390.65069580078125, 395.0639343261719, 411.1517639160156, 405.8564453125], "val_loss": [3110837.0, 3527265.75, 3753610.25, 4248233.5, 4400099.0, 4136681.75, 3847450.0, 3466644.25, 3804119.5, 3083553.25, 3493701.5, 2634987.75, 2587864.0, 2371628.75, 1572624.875, 1243889.25, 899158.4375, 749969.3125, 790750.1875, 532312.125, 502625.40625, 495187.125, 440173.46875, 497415.71875, 452579.03125, 520698.8125, 629588.5, 594713.5, 622745.9375, 608177.4375, 596811.9375, 524437.0, 493203.40625], "val_mae": [500.72967529296875, 443.57061767578125, 415.83026123046875, 403.7375183105469, 378.4864807128906, 397.872314453125, 344.2646484375, 327.0431823730469, 304.8941650390625, 276.5138244628906, 262.6960144042969, 238.33790588378906, 225.4229278564453, 208.23350524902344, 185.9631805419922, 180.37184143066406, 138.04095458984375, 159.131103515625, 127.16275024414062, 105.91416931152344, 126.8293685913086, 101.3166275024414, 93.58036804199219, 105.67273712158203, 93.62832641601562, 105.85973358154297, 86.3338623046875, 87.76673126220703, 77.0925064086914, 94.96109008789062, 86.305419921875, 107.85543823242188, 79.62046813964844], "val_mse": [3110836.0, 3527264.0, 3753609.25, 4248232.0, 4400097.5, 4136679.75, 3847447.5, 3466641.5, 3804115.0, 3083550.5, 3493697.25, 2634982.75, 2587859.0, 2371622.5, 1572618.0, 1243881.75, 899149.8125, 749959.6875, 790740.5, 532300.875, 502614.21875, 495175.0, 440160.71875, 497403.0625, 452566.34375, 520685.75, 629574.0, 594699.1875, 622731.8125, 608163.125, 596796.0625, 524421.375, 493187.28125], "val_mape": [2299.58056640625, 1686.3599853515625, 1292.38525390625, 1519.9532470703125, 1237.7672119140625, 1509.61474609375, 1068.1077880859375, 942.1990966796875, 843.6544189453125, 623.637939453125, 746.8108520507812, 584.9498291015625, 419.9676208496094, 585.138916015625, 399.0347595214844, 242.8001251220703, 350.3384704589844, 599.5087890625, 468.6274719238281, 242.75833129882812, 543.5235595703125, 177.12490844726562, 248.62179565429688, 263.67742919921875, 192.816650390625, 413.6893615722656, 303.9949035644531, 305.0791320800781, 146.2630157470703, 359.7353210449219, 248.3214874267578, 546.6065673828125, 225.22911071777344]}