{"loss": [5498990.0, 2432487.0, 2063061.0, 1878717.75, 1893483.0, 1786274.125, 1704278.75, 1716840.25, 1631318.375, 1592885.5, 1611296.5], "mae": [1126.8597412109375, 704.861328125, 549.2938842773438, 496.7212829589844, 472.94451904296875, 459.466064453125, 455.18853759765625, 451.3045654296875, 454.260009765625, 452.3416442871094, 461.8443908691406], "mse": [5498985.0, 2432478.5, 2063051.75, 1878707.125, 1893473.0, 1786262.875, 1704266.25, 1716824.625, 1631298.875, 1592863.625, 1611274.0], "mape": [5038.9248046875, 3778.16064453125, 2537.098388671875, 2024.2064208984375, 1812.1634521484375, 1690.3704833984375, 1644.7957763671875, 1619.75537109375, 1626.8006591796875, 1660.040771484375, 1696.135498046875], "val_loss": [3997924.5, 4801776.0, 5739514.0, 6646593.0, 7007263.0, 6802521.5, 7053419.5, 7658118.5, 7597839.0, 7773704.5, 7678355.0], "val_mae": [900.021484375, 600.7394409179688, 529.5687866210938, 491.1498718261719, 472.418701171875, 463.36767578125, 451.310791015625, 452.34356689453125, 436.5802917480469, 434.111328125, 429.831298828125], "val_mse": [3997915.75, 4801768.5, 5739505.0, 6646582.0, 7007252.0, 6802509.5, 7053404.0, 7658098.5, 7597817.0, 7773686.5, 7678331.5], "val_mape": [5333.349609375, 3000.646240234375, 2317.125, 2050.591796875, 1916.4688720703125, 1850.1998291015625, 1654.8104248046875, 1770.812744140625, 1577.0172119140625, 1540.6002197265625, 1567.4901123046875]}