{"loss": [2764875.25, 1650978.25, 1483277.75, 1330331.0, 1250161.75, 1313063.5, 2690423.25, 931138.625, 845203.375, 775185.625, 739065.9375, 654113.25, 662652.3125, 619532.125, 597444.4375, 617564.375, 610327.625, 569769.4375, 536141.1875, 2549018.0, 530917.125], "mae": [663.8070068359375, 477.66632080078125, 455.0468444824219, 431.46929931640625, 414.2427062988281, 380.6819763183594, 371.05706787109375, 329.9152526855469, 304.11041259765625, 277.5956726074219, 248.37400817871094, 227.11561584472656, 211.6331787109375, 201.44444274902344, 192.96212768554688, 184.35205078125, 180.0482635498047, 176.58828735351562, 171.5477752685547, 173.68252563476562, 164.46507263183594], "mse": [2764859.25, 1650955.125, 1483253.125, 1330300.0, 1250119.0, 1313008.125, 2690356.5, 931060.75, 845115.875, 775089.4375, 738958.8125, 653996.4375, 662527.25, 619401.9375, 597306.6875, 617417.8125, 610177.25, 569614.875, 535982.5625, 2548852.5, 530749.625], "mape": [2959.093017578125, 2007.720947265625, 1887.801513671875, 1797.44775390625, 1800.32177734375, 1678.1168212890625, 1640.38330078125, 1399.9722900390625, 1274.3544921875, 1118.00634765625, 944.0177612304688, 789.6239013671875, 692.3558349609375, 634.8409423828125, 569.6676025390625, 493.6889953613281, 512.2096557617188, 486.9748229980469, 454.76702880859375, 492.10992431640625, 428.3612365722656], "val_loss": [2109340.5, 2085426.25, 2022655.125, 2014067.0, 1659153.75, 1624835.0, 1427336.75, 1475679.25, 1387709.125, 1484909.75, 1304692.0, 1312754.125, 1453489.375, 1843105.375, 1654420.125, 1406455.5, 1561425.125, 1686693.75, 2313355.25, 2091377.625, 1703329.375], "val_mae": [439.3411560058594, 460.0187683105469, 368.9955139160156, 336.2109069824219, 292.69091796875, 310.46490478515625, 254.8133087158203, 247.33096313476562, 211.97955322265625, 189.32949829101562, 164.3171844482422, 155.52566528320312, 159.08863830566406, 172.69769287109375, 141.27560424804688, 144.93055725097656, 122.48699951171875, 141.03138732910156, 121.89823913574219, 127.21414947509766, 143.53262329101562], "val_mse": [2109324.0, 2085404.75, 2022627.5, 2014030.75, 1659106.5, 1624773.75, 1427259.125, 1475601.625, 1387620.5, 1484809.25, 1304574.875, 1312637.25, 1453360.375, 1842975.5, 1654278.75, 1406310.125, 1561267.5, 1686535.25, 2313189.5, 2091197.25, 1703153.0], "val_mape": [1693.39208984375, 2032.0750732421875, 1179.3629150390625, 1189.688720703125, 939.1289672851562, 1419.737548828125, 964.68896484375, 742.4067993164062, 788.2913208007812, 581.98974609375, 531.159423828125, 514.062744140625, 531.1533203125, 725.5328979492188, 544.2423095703125, 355.8557434082031, 383.8941345214844, 298.3481140136719, 557.294189453125, 379.181640625, 692.8057861328125]}