{"loss": [2870589.0, 1710461.375, 1618786.375, 1568121.0, 1516305.875, 1300833.375, 1205671.375, 1085732.75, 966791.0, 847793.375, 837936.625, 758776.0625, 706301.5, 734201.375, 636923.5, 1024082.875, 595530.75, 579784.6875, 578241.5625, 534369.625, 532063.1875, 533700.8125, 496145.75, 515756.65625, 488236.65625, 492048.15625, 468091.21875, 479946.25, 471954.78125, 1873432.875, 436974.09375, 446895.53125, 431723.59375, 440423.59375, 881869.0, 452802.5, 405279.75, 446161.65625, 912154.5625, 456718.71875, 413287.6875, 432205.90625, 440379.59375, 413921.34375, 428662.75], "mae": [666.454833984375, 466.7865295410156, 446.4891052246094, 433.350830078125, 425.6859130859375, 397.0947570800781, 378.35809326171875, 346.80731201171875, 309.7591552734375, 285.4456481933594, 265.47552490234375, 251.0546112060547, 235.33560180664062, 225.6154327392578, 210.08314514160156, 215.6811981201172, 202.01968383789062, 190.1438751220703, 191.68150329589844, 179.23255920410156, 171.8711395263672, 168.5037384033203, 161.83505249023438, 164.51638793945312, 163.12921142578125, 154.8639373779297, 150.98086547851562, 156.85951232910156, 150.3486328125, 154.37196350097656, 146.50894165039062, 145.39097595214844, 149.5304718017578, 144.32675170898438, 147.35208129882812, 146.7459716796875, 138.25791931152344, 142.08892822265625, 138.71080017089844, 144.71237182617188, 138.14776611328125, 138.87057495117188, 141.83953857421875, 139.18075561523438, 141.84271240234375], "mse": [2870577.5, 1710442.75, 1618768.25, 1568095.875, 1516272.75, 1300795.5, 1205623.25, 1085677.875, 966722.0625, 847716.5, 837848.3125, 758677.0, 706195.5, 734089.6875, 636807.3125, 1023959.4375, 595403.5625, 579654.0625, 578105.375, 534230.875, 531918.8125, 533551.25, 495991.40625, 515599.46875, 488076.3125, 491884.28125, 467925.25, 479779.28125, 471785.90625, 1873260.625, 436798.46875, 446717.4375, 431543.8125, 440242.46875, 881687.4375, 452614.78125, 405090.71875, 445971.78125, 911963.9375, 456527.0625, 413093.53125, 432009.625, 440180.21875, 413721.46875, 428459.625], "mape": [2887.153564453125, 1814.8084716796875, 1675.51708984375, 1653.8541259765625, 1640.69921875, 1507.635498046875, 1412.6339111328125, 1256.827392578125, 1099.5076904296875, 990.6310424804688, 897.536865234375, 867.619140625, 761.4279174804688, 712.8638305664062, 622.4280395507812, 697.7715454101562, 608.443115234375, 544.9100952148438, 555.3482055664062, 519.4888916015625, 485.087158203125, 462.8619079589844, 453.5278015136719, 505.9652099609375, 495.8525390625, 440.2486267089844, 447.912109375, 485.98291015625, 455.1925048828125, 527.4346923828125, 456.4527282714844, 443.04766845703125, 468.57501220703125, 429.4533386230469, 451.7668762207031, 438.88580322265625, 391.2613525390625, 417.980712890625, 409.57989501953125, 443.8458557128906, 393.3167419433594, 398.013916015625, 419.6823425292969, 407.8376770019531, 419.20233154296875], "val_loss": [2806501.0, 3159158.5, 3223889.25, 3198970.25, 2624407.0, 2499754.0, 2945242.25, 2845096.75, 2568450.75, 2381002.0, 1836338.125, 2338629.75, 2147533.5, 2850318.5, 1447114.875, 1417326.0, 1421314.875, 1104198.625, 1092258.875, 1265342.25, 1307237.25, 1738109.5, 920781.5, 867430.125, 1017874.625, 981780.8125, 996136.5625, 880643.25, 1119799.75, 816844.6875, 1054189.875, 775588.125, 657264.25, 1018276.875, 541071.875, 817455.0, 578392.0625, 665864.0625, 664291.0625, 745635.9375, 914261.3125, 655915.1875, 808368.8125, 719749.6875, 655392.125], "val_mae": [450.9555969238281, 418.3219909667969, 378.3507385253906, 366.36383056640625, 335.03125, 386.2271728515625, 286.5115661621094, 259.6095275878906, 219.75027465820312, 185.409912109375, 170.14248657226562, 155.0261688232422, 143.7742156982422, 167.9928436279297, 143.09832763671875, 191.29513549804688, 132.51527404785156, 181.3908233642578, 112.14835357666016, 111.93505859375, 122.84391784667969, 120.49050903320312, 100.85212707519531, 94.79175567626953, 92.01227569580078, 105.52247619628906, 84.00670623779297, 108.28630828857422, 85.97811126708984, 95.53764343261719, 92.717529296875, 109.3705062866211, 84.7740249633789, 88.44048309326172, 88.77680969238281, 108.50199127197266, 94.34733581542969, 84.33260345458984, 102.82721710205078, 117.50129699707031, 94.95928955078125, 88.9708023071289, 98.57379913330078, 88.14665222167969, 95.2999267578125], "val_mse": [2806485.25, 3159137.25, 3223871.0, 3198944.0, 2624374.5, 2499710.75, 2945190.0, 2845039.75, 2568376.0, 2380921.25, 1836242.625, 2338527.5, 2147427.75, 2850215.75, 1447005.75, 1417182.125, 1421185.875, 1104065.25, 1092117.375, 1265208.375, 1307103.125, 1737964.125, 920616.125, 867264.1875, 1017708.0625, 981609.625, 995960.0625, 880467.5625, 1119624.75, 816665.125, 1054008.0, 775409.25, 657079.125, 1018090.6875, 540886.0625, 817274.375, 578201.5625, 665668.3125, 664096.1875, 745436.4375, 914062.5625, 655712.3125, 808164.875, 719542.125, 655182.9375], "val_mape": [1894.357666015625, 1522.6925048828125, 1136.600341796875, 1380.4786376953125, 1102.849609375, 1767.1207275390625, 1007.7120971679688, 668.201171875, 619.0446166992188, 553.8485107421875, 467.3799743652344, 456.04669189453125, 478.04498291015625, 544.2937622070312, 193.3031005859375, 263.49908447265625, 335.9322814941406, 632.8666381835938, 375.5917663574219, 453.2307434082031, 490.04803466796875, 196.4569091796875, 415.03466796875, 283.95526123046875, 194.59666442871094, 458.7490234375, 309.227294921875, 414.6516418457031, 255.7480926513672, 463.7071228027344, 312.0100402832031, 607.4352416992188, 365.8425598144531, 327.2840881347656, 297.4115295410156, 448.50579833984375, 298.0621032714844, 206.8538818359375, 215.37135314941406, 190.2489776611328, 313.6798400878906, 285.4967956542969, 263.6533508300781, 339.1243896484375, 193.7589874267578]}