{"loss": [4277865.5, 2148438.25, 1918235.625, 1866769.125, 1795078.375, 1850255.625, 1668441.25, 1650795.125, 1599118.5, 1599010.125, 1541988.0], "mae": [896.7333984375, 550.0614624023438, 489.54071044921875, 467.21484375, 455.1416015625, 447.3400573730469, 434.8774108886719, 429.45196533203125, 422.86492919921875, 419.0751647949219, 408.9415283203125], "mse": [4277865.0, 2148437.5, 1918234.75, 1866768.25, 1795077.375, 1850254.75, 1668439.875, 1650793.875, 1599116.375, 1599008.125, 1541986.375], "mape": [3895.6904296875, 2366.234619140625, 1881.4862060546875, 1654.863525390625, 1569.616455078125, 1502.02734375, 1454.438232421875, 1374.830810546875, 1347.8033447265625, 1318.357177734375, 1259.0184326171875], "val_loss": [2699711.0, 2962788.5, 3211792.25, 3773786.0, 4206135.0, 4177356.0, 4113241.25, 4259188.0, 4362516.5, 4617570.0, 3998459.5], "val_mae": [589.9655151367188, 480.2315368652344, 447.77508544921875, 431.5030822753906, 425.9012145996094, 428.49749755859375, 402.0357360839844, 394.1961975097656, 387.9845886230469, 369.91363525390625, 374.9623107910156], "val_mse": [2699710.0, 2962787.75, 3211790.75, 3773785.5, 4206134.0, 4177355.0, 4113239.75, 4259187.0, 4362514.0, 4617568.0, 3998457.25], "val_mape": [2922.218017578125, 2025.2598876953125, 1572.2684326171875, 1645.091064453125, 1602.3369140625, 1725.766357421875, 1296.3299560546875, 1284.20068359375, 1179.4041748046875, 1091.9217529296875, 1249.5601806640625]}