{"loss": [5592012.5, 2509408.25, 2009097.125, 1944892.5, 1817894.125, 1725955.5, 1690726.625, 1641765.625, 1629136.25, 1627386.125, 1568876.5], "mae": [1074.191650390625, 663.1798706054688, 539.6109008789062, 495.8527526855469, 466.3703918457031, 442.09539794921875, 436.0469970703125, 426.9053649902344, 426.7269592285156, 422.7489013671875, 414.3069763183594], "mse": [5592007.5, 2509399.25, 2009086.875, 1944883.25, 1817883.125, 1725945.5, 1690713.75, 1641753.75, 1629123.5, 1627372.625, 1568859.375], "mape": [4412.80419921875, 3234.421875, 2336.361328125, 1903.2294921875, 1655.7808837890625, 1501.917724609375, 1460.422119140625, 1378.4501953125, 1339.1563720703125, 1346.3052978515625, 1268.1356201171875], "val_loss": [4061626.25, 5962449.5, 7261752.5, 8839532.0, 10427336.0, 10584663.0, 10141962.0, 10633329.0, 10611376.0, 10248791.0, 10458212.0], "val_mae": [791.8944091796875, 565.981689453125, 506.3111572265625, 472.6817932128906, 451.49932861328125, 432.7828674316406, 419.7071228027344, 411.5244445800781, 402.1748046875, 397.9355773925781, 395.9572448730469], "val_mse": [4061620.5, 5962443.5, 7261747.0, 8839521.0, 10427328.0, 10584651.0, 10141952.0, 10633321.0, 10611362.0, 10248784.0, 10458199.0], "val_mape": [4296.14501953125, 2796.763427734375, 2085.49462890625, 1875.7391357421875, 1773.6895751953125, 1644.6395263671875, 1395.1922607421875, 1398.504638671875, 1341.1839599609375, 1303.1539306640625, 1357.088623046875]}