{"loss": [5513126.5, 2385982.0, 1985101.875, 1823287.5, 1815316.875, 1689597.875, 1707615.25, 1630017.375, 1599497.125, 1571600.0, 1579806.25], "mae": [1083.47607421875, 673.6204833984375, 548.5681762695312, 489.21820068359375, 467.13568115234375, 454.20269775390625, 450.8869934082031, 445.7615966796875, 444.609619140625, 441.49517822265625, 445.86309814453125], "mse": [5513126.5, 2385981.0, 1985101.125, 1823286.0, 1815315.875, 1689596.125, 1707614.0, 1630016.125, 1599495.875, 1571598.0, 1579805.0], "mape": [4584.5595703125, 3468.3876953125, 2517.080078125, 1920.4405517578125, 1738.543212890625, 1673.4666748046875, 1647.6207275390625, 1591.7215576171875, 1567.4224853515625, 1567.4967041015625, 1573.1427001953125], "val_loss": [3683406.0, 3987434.25, 4212610.0, 4793850.0, 5043186.0, 5009804.5, 5040310.5, 5825796.0, 5817323.0, 6008914.0, 6383071.0], "val_mae": [830.930908203125, 586.8015747070312, 514.5416870117188, 471.42608642578125, 456.9617004394531, 442.2787780761719, 434.5359191894531, 425.3791809082031, 418.5108642578125, 415.6864013671875, 427.5733642578125], "val_mse": [3683404.75, 3987433.75, 4212609.5, 4793849.0, 5043185.0, 5009804.0, 5040309.5, 5825794.5, 5817320.5, 6008912.0, 6383069.5], "val_mape": [4728.3642578125, 2903.923828125, 2169.091064453125, 1911.853515625, 1889.3172607421875, 1696.137939453125, 1581.3824462890625, 1558.7161865234375, 1450.948974609375, 1427.028564453125, 1574.5567626953125]}