{"loss": [3311312.25, 1736897.625, 1649312.125, 1504367.625, 1955499.375, 2533691.25, 1319344.25, 1224165.75, 1219193.875, 1147881.75, 1049439.125, 964069.0, 865762.5625, 805899.8125, 713982.3125, 656920.8125, 875965.875, 611802.0, 578273.375, 544002.3125, 546961.75, 546641.5625, 490601.9375, 508442.59375, 454849.625, 511157.09375, 459421.3125, 439125.5, 450451.15625, 428594.59375, 459763.21875, 428029.1875, 418550.84375, 433031.8125, 407988.96875, 398131.125, 419028.625, 403912.71875, 359772.125, 406366.34375, 850871.125, 364679.5, 377211.03125, 352564.46875, 344693.1875, 7504913.5, 356582.5, 339058.46875, 351149.0, 344626.625, 310785.59375, 330343.125, 317406.71875, 313968.03125, 337997.5625, 297563.5, 360772.6875, 292263.03125, 313902.875, 306934.9375, 320316.65625], "mae": [764.0881958007812, 483.7126159667969, 457.04705810546875, 444.0960998535156, 448.02569580078125, 451.4073486328125, 440.70440673828125, 420.0877990722656, 417.007568359375, 402.46624755859375, 386.2618408203125, 364.9237060546875, 339.50091552734375, 318.2322082519531, 284.6637268066406, 260.8721618652344, 246.0431671142578, 224.69107055664062, 216.40228271484375, 196.79107666015625, 192.8771209716797, 181.82839965820312, 172.9183349609375, 171.5166778564453, 164.80616760253906, 162.37709045410156, 159.00506591796875, 150.84912109375, 150.75840759277344, 150.42662048339844, 148.31361389160156, 146.64291381835938, 140.77377319335938, 140.56365966796875, 137.43675231933594, 136.22491455078125, 136.4173126220703, 133.03933715820312, 124.92630004882812, 131.99847412109375, 127.20478820800781, 124.16835021972656, 126.6608657836914, 124.40267181396484, 119.06575775146484, 136.74853515625, 120.4775161743164, 119.0817642211914, 120.59429168701172, 118.38322448730469, 112.43643188476562, 114.15230560302734, 113.94371032714844, 111.52123260498047, 112.98807525634766, 106.84061431884766, 115.46075439453125, 108.97895812988281, 110.59026336669922, 108.84540557861328, 108.59728240966797], "mse": [3311311.5, 1736895.875, 1649310.25, 1504365.5, 1955497.0, 2533688.0, 1319341.125, 1224161.75, 1219190.625, 1147877.375, 1049433.5, 964062.4375, 865756.125, 805891.75, 713973.0, 656912.25, 875955.875, 611792.125, 578261.5, 543990.3125, 546949.0, 546627.9375, 490587.96875, 508428.5, 454834.75, 511141.625, 459406.0625, 439110.1875, 450434.90625, 428578.625, 459746.09375, 428011.78125, 418533.5625, 433014.53125, 407971.1875, 398113.25, 419010.53125, 403894.375, 359753.84375, 406347.875, 850853.1875, 364661.03125, 377191.46875, 352545.15625, 344673.1875, 7504893.0, 356561.5, 339037.1875, 351128.09375, 344606.34375, 310764.59375, 330321.15625, 317385.0, 313946.15625, 337975.53125, 297540.96875, 360749.78125, 292239.78125, 313880.0, 306911.5625, 320293.09375], "mape": [3499.590087890625, 2011.536376953125, 1812.2232666015625, 1757.5540771484375, 1836.76123046875, 1915.693359375, 1899.3447265625, 1803.8489990234375, 1859.9144287109375, 1764.2052001953125, 1726.254150390625, 1645.5257568359375, 1533.699951171875, 1409.650390625, 1225.426513671875, 1082.011962890625, 959.8125, 818.1286010742188, 770.798828125, 635.8046875, 592.4561767578125, 547.6963500976562, 508.81878662109375, 483.7119140625, 445.21783447265625, 456.30389404296875, 437.4885559082031, 373.4195861816406, 376.7406921386719, 389.6175842285156, 384.1744689941406, 358.9234619140625, 336.9305114746094, 326.9951171875, 340.5997619628906, 345.70330810546875, 332.0599365234375, 337.26116943359375, 308.7657470703125, 339.7735290527344, 297.6243896484375, 318.7517395019531, 350.1286315917969, 337.859375, 313.671630859375, 476.29022216796875, 312.75958251953125, 348.306640625, 352.4574890136719, 332.7966613769531, 313.3591613769531, 317.6844787597656, 321.2623291015625, 318.16302490234375, 293.58209228515625, 294.4810485839844, 340.8614501953125, 322.0751647949219, 308.18377685546875, 304.8475646972656, 299.9239807128906], "val_loss": [2558798.75, 2589498.0, 2557054.75, 2750836.25, 2505939.5, 2603442.25, 2660094.25, 2859257.0, 2969828.75, 2872949.25, 3032998.25, 2937237.75, 2840697.75, 2471492.5, 2520319.0, 2930488.75, 2460990.5, 2758308.25, 2914463.0, 3165857.5, 2934443.75, 2596886.5, 2408392.25, 2663783.75, 2613720.0, 2523805.75, 2273814.75, 1843378.5, 2253209.5, 2130874.5, 2427329.25, 1781172.875, 2333939.0, 2007639.75, 2346006.5, 1909206.0, 1132985.25, 1041740.5625, 1464040.75, 952651.5625, 1148189.25, 1012918.3125, 668131.75, 927088.0, 985815.6875, 1262115.375, 1046969.0, 714081.4375, 591406.4375, 621093.4375, 509904.46875, 829360.6875, 967065.0, 866943.0625, 680172.8125, 617378.6875, 801616.9375, 671078.1875, 686967.9375, 653553.75, 718187.875], "val_mae": [508.4128723144531, 438.8438720703125, 411.2822570800781, 394.7521667480469, 374.34417724609375, 430.0299072265625, 341.208251953125, 328.4442443847656, 306.369873046875, 289.916259765625, 315.0229797363281, 258.9762268066406, 229.67941284179688, 216.2405548095703, 174.78114318847656, 165.31028747558594, 160.30465698242188, 182.94227600097656, 139.6265869140625, 136.58192443847656, 144.3143768310547, 125.11784362792969, 120.06544494628906, 114.6926498413086, 123.09679412841797, 109.5139389038086, 113.78706359863281, 111.16607666015625, 101.09461212158203, 121.35054016113281, 96.74934387207031, 119.41925048828125, 92.23944854736328, 90.97589111328125, 133.36712646484375, 105.17823028564453, 97.65707397460938, 94.64874267578125, 118.62213134765625, 126.8467025756836, 81.78018951416016, 91.02413177490234, 84.65339660644531, 82.38095092773438, 86.37940979003906, 105.69474029541016, 105.35783386230469, 77.73811340332031, 76.34102630615234, 70.9390869140625, 81.83924102783203, 74.7803955078125, 94.82787322998047, 92.68224334716797, 78.37712860107422, 71.88442993164062, 75.89883422851562, 71.36076354980469, 72.96986389160156, 110.03498077392578, 75.9344711303711], "val_mse": [2558797.25, 2589495.75, 2557052.5, 2750834.0, 2505937.5, 2603439.75, 2660091.25, 2859252.25, 2969824.5, 2872944.25, 3032992.25, 2937232.0, 2840691.0, 2471483.75, 2520309.5, 2930479.75, 2460981.0, 2758297.25, 2914451.25, 3165847.0, 2934431.0, 2596874.25, 2408377.75, 2663768.25, 2613702.75, 2523791.5, 2273799.5, 1843362.5, 2253195.5, 2130858.5, 2427311.75, 1781154.875, 2333920.75, 2007624.0, 2345988.5, 1909190.875, 1132966.0, 1041720.9375, 1464022.0, 952632.3125, 1148171.625, 1012898.5625, 668111.25, 927068.5, 985796.1875, 1262096.25, 1046946.5, 714060.625, 591384.0625, 621072.9375, 509883.6875, 829338.9375, 967043.8125, 866921.375, 680151.1875, 617356.0625, 801593.8125, 671055.5, 686944.0, 653531.25, 718162.5], "val_mape": [2418.725341796875, 1659.252685546875, 1279.4927978515625, 1522.907958984375, 1355.955322265625, 1967.7506103515625, 1169.43212890625, 1128.70361328125, 896.856689453125, 830.2490844726562, 1315.587646484375, 870.86865234375, 598.5143432617188, 738.740478515625, 520.412353515625, 367.2440185546875, 437.0606689453125, 885.8495483398438, 497.1695556640625, 454.90704345703125, 609.095703125, 281.9723205566406, 431.15765380859375, 237.63027954101562, 294.46112060546875, 311.3060302734375, 438.0032043457031, 390.7006530761719, 227.37521362304688, 449.2170715332031, 283.230224609375, 351.2435302734375, 285.8785400390625, 280.8883361816406, 438.392822265625, 331.8495178222656, 367.0273742675781, 222.17001342773438, 193.76805114746094, 167.4982147216797, 205.9660186767578, 190.68966674804688, 286.35675048828125, 318.89569091796875, 167.1103973388672, 245.71649169921875, 564.5804443359375, 253.0635986328125, 253.2019805908203, 256.5569152832031, 218.61936950683594, 207.02069091796875, 338.0849914550781, 421.33465576171875, 335.32208251953125, 269.78875732421875, 305.53436279296875, 224.2184600830078, 318.66790771484375, 526.5021362304688, 252.3861083984375]}