{"loss": [5460721.5, 2185600.75, 1878086.375, 1761941.125, 1718375.875, 1607905.375, 1597168.125, 1569219.75, 1546185.5, 1490343.25, 1504766.375], "mae": [1046.12841796875, 612.4585571289062, 502.09075927734375, 461.47711181640625, 441.4880065917969, 423.1376953125, 420.82720947265625, 415.68890380859375, 415.2891845703125, 406.971435546875, 409.8511657714844], "mse": [5460721.0, 2185599.75, 1878085.125, 1761940.125, 1718375.0, 1607904.0, 1597167.25, 1569218.5, 1546184.125, 1490342.0, 1504764.375], "mape": [4278.015625, 2999.8115234375, 2100.5439453125, 1686.605712890625, 1543.603759765625, 1427.2060546875, 1395.486572265625, 1367.3773193359375, 1352.3223876953125, 1350.1224365234375, 1313.5362548828125], "val_loss": [3550032.25, 3997231.25, 4208160.0, 4712214.0, 5008344.5, 5115733.5, 5185614.5, 5633454.5, 5413794.5, 5734845.0, 6133376.0], "val_mae": [763.5390625, 527.9187622070312, 475.6112365722656, 447.12396240234375, 432.25408935546875, 424.6917724609375, 412.55255126953125, 402.3116760253906, 397.4803466796875, 388.54400634765625, 381.807373046875], "val_mse": [3550031.75, 3997230.75, 4208159.0, 4712213.5, 5008343.5, 5115732.5, 5185614.0, 5633453.5, 5413793.0, 5734842.5, 6133375.0], "val_mape": [4214.994140625, 2441.43603515625, 1798.5430908203125, 1687.551513671875, 1652.650390625, 1602.1546630859375, 1399.0877685546875, 1380.9898681640625, 1345.0142822265625, 1223.0545654296875, 1265.0657958984375]}