{"loss": [3276339.75, 1799371.75, 1611321.75, 1534517.25, 1435691.625, 1322278.875, 1292544.625, 1164535.125, 1095217.0, 955725.5, 889614.5], "mae": [738.5404663085938, 501.1539611816406, 463.52764892578125, 447.9803771972656, 433.8562927246094, 410.4519958496094, 395.7435607910156, 378.0416259765625, 350.91143798828125, 318.06634521484375, 291.8524169921875], "mse": [3276329.75, 1799358.875, 1611304.5, 1534496.5, 1435666.875, 1322250.875, 1292510.75, 1164493.125, 1095166.375, 955667.4375, 889549.0625], "mape": [3222.70166015625, 2113.14404296875, 1830.9873046875, 1739.26611328125, 1692.36669921875, 1576.427734375, 1539.0511474609375, 1453.2591552734375, 1336.3291015625, 1140.135498046875, 1020.0767822265625], "val_loss": [2338746.25, 3010749.5, 3415222.0, 4025236.5, 4282266.5, 4815692.0, 4066893.5, 3980485.0, 3986763.75, 4089927.0, 3401794.5], "val_mae": [481.3544616699219, 437.73516845703125, 390.0459289550781, 376.1921691894531, 341.90997314453125, 378.4237060546875, 294.4344482421875, 278.1182556152344, 246.6911163330078, 220.4150848388672, 205.94309997558594], "val_mse": [2338735.0, 3010735.25, 3415204.75, 4025214.75, 4282241.0, 4815663.0, 4066861.5, 3980441.5, 3986712.25, 4089869.25, 3401728.25], "val_mape": [2112.668701171875, 1792.156982421875, 1163.8714599609375, 1440.995849609375, 1123.473388671875, 1617.3369140625, 918.71630859375, 666.6762084960938, 621.9614868164062, 582.10693359375, 582.4938354492188]}