{"loss": [3634653.25, 1944724.75, 1678452.5, 1675906.375, 1535409.125, 1473043.375, 1563223.375, 1334722.875, 1279523.5, 1234431.375, 1246089.25], "mae": [753.9592895507812, 481.7357482910156, 447.96868896484375, 435.23651123046875, 429.3755187988281, 418.9563293457031, 415.08380126953125, 397.9143371582031, 384.572265625, 377.16680908203125, 360.4839172363281], "mse": [3634642.75, 1944709.125, 1678434.75, 1675886.125, 1535386.75, 1473021.0, 1563199.625, 1334694.25, 1279490.75, 1234395.125, 1246045.625], "mape": [3307.167724609375, 1909.92822265625, 1671.874267578125, 1578.852294921875, 1557.758544921875, 1511.479248046875, 1518.7752685546875, 1452.88232421875, 1384.4007568359375, 1339.1048583984375, 1277.970947265625], "val_loss": [2749182.25, 3036505.0, 3139768.5, 3271983.25, 3332916.0, 3474947.5, 3168034.5, 3214376.0, 3893854.5, 4077064.5, 3803796.75], "val_mae": [487.87359619140625, 439.99810791015625, 415.6832580566406, 402.5975341796875, 380.56561279296875, 406.58319091796875, 355.146240234375, 346.89404296875, 319.4521789550781, 296.5738525390625, 281.4408264160156], "val_mse": [2749168.75, 3036491.25, 3139751.5, 3271963.0, 3332895.0, 3474923.0, 3168005.0, 3214351.5, 3893823.5, 4077023.5, 3803752.5], "val_mape": [2159.074951171875, 1741.05908203125, 1314.3907470703125, 1542.21630859375, 1232.952880859375, 1562.68798828125, 1158.1231689453125, 1116.843994140625, 924.7467041015625, 779.5204467773438, 762.5289306640625]}