{"loss": [2909847.25, 1740205.125, 1637510.625, 1570385.75, 1464801.125, 1314277.125, 1251543.875, 1141072.625, 1047918.5625, 950058.375, 849015.1875, 818731.0, 730020.0625, 657724.25, 904354.25, 651199.5, 595798.5, 567592.75, 793969.25, 634563.375, 500225.125, 683823.5, 468961.6875, 860485.3125, 478277.78125, 460652.5, 456643.28125, 431630.625, 464664.125, 623327.0625, 1237297.875, 461787.90625, 454142.40625, 423488.78125, 428602.1875, 435401.5, 416163.78125, 402750.28125, 405809.53125, 458598.71875], "mae": [665.544921875, 450.9338684082031, 426.2492370605469, 408.4627380371094, 393.67999267578125, 370.3321533203125, 348.7704162597656, 328.8653259277344, 304.97674560546875, 282.8028564453125, 257.4688415527344, 239.7027587890625, 223.74298095703125, 205.3654022216797, 199.04550170898438, 193.5504913330078, 184.4888458251953, 175.5338897705078, 174.80455017089844, 162.31222534179688, 158.64785766601562, 158.7162322998047, 148.93026733398438, 152.4470977783203, 147.65170288085938, 142.697509765625, 143.801025390625, 136.72622680664062, 144.29774475097656, 140.04580688476562, 147.563720703125, 138.82823181152344, 141.75030517578125, 142.68743896484375, 141.67910766601562, 139.21859741210938, 133.5056915283203, 133.04148864746094, 134.9170379638672, 140.28282165527344], "mse": [2909845.75, 1740203.5, 1637508.625, 1570383.625, 1464799.0, 1314273.75, 1251540.5, 1141067.375, 1047912.5625, 950051.3125, 849007.5625, 818722.25, 730010.5625, 657713.3125, 904343.0, 651187.9375, 595786.625, 567579.6875, 793956.75, 634549.0625, 500210.9375, 683808.4375, 468947.28125, 860469.875, 478262.625, 460636.4375, 456627.1875, 431613.46875, 464647.8125, 623310.125, 1237280.25, 461769.8125, 454124.4375, 423470.46875, 428583.40625, 435382.53125, 416144.59375, 402731.53125, 405789.65625, 458580.0625], "mape": [2889.83935546875, 1664.0191650390625, 1477.2255859375, 1373.4136962890625, 1288.666748046875, 1199.2713623046875, 1087.388916015625, 985.000244140625, 930.654296875, 818.0460205078125, 716.006103515625, 653.6798095703125, 598.9474487304688, 540.8726806640625, 513.1556396484375, 476.4553527832031, 476.95458984375, 435.64697265625, 466.15093994140625, 429.19207763671875, 384.07940673828125, 407.3025207519531, 376.4175720214844, 415.3369445800781, 387.0260009765625, 365.1824645996094, 366.9622802734375, 341.1040344238281, 388.6082763671875, 390.8441162109375, 435.7726135253906, 381.7890319824219, 395.5638732910156, 419.00482177734375, 411.583984375, 394.2878723144531, 341.33355712890625, 348.32843017578125, 359.941650390625, 390.93463134765625], "val_loss": [2993387.5, 3765170.0, 3863058.0, 3781566.25, 2995434.5, 3182454.0, 2780522.75, 2602814.25, 2444779.0, 2864610.5, 2295529.0, 2242203.75, 2105931.0, 1908532.75, 1803331.625, 1440844.0, 1042836.1875, 953131.375, 1091658.625, 778634.9375, 892627.4375, 848177.0625, 588981.0625, 594470.8125, 704798.375, 695726.5625, 805713.375, 816586.125, 737229.625, 559418.8125, 604189.5625, 652409.6875, 718010.0, 754758.5625, 623786.125, 974474.1875, 647157.6875, 598662.3125, 846215.9375, 662155.25], "val_mae": [460.2387390136719, 421.93359375, 393.0502624511719, 375.55523681640625, 348.16082763671875, 359.6893005371094, 297.9664001464844, 281.16064453125, 255.3146514892578, 218.21563720703125, 193.71981811523438, 179.2556915283203, 175.530517578125, 167.86410522460938, 140.12294006347656, 154.28030395507812, 142.21136474609375, 133.7789306640625, 103.55585479736328, 108.55905151367188, 120.14385223388672, 108.55242156982422, 100.52251434326172, 88.77033996582031, 100.10570526123047, 99.21681213378906, 93.66822814941406, 103.77403259277344, 99.83586120605469, 82.20462036132812, 98.9559555053711, 95.156005859375, 87.77323913574219, 89.466064453125, 94.84990692138672, 127.27632904052734, 101.8371810913086, 85.15299987792969, 109.44144439697266, 108.12020874023438], "val_mse": [2993386.25, 3765168.25, 3863056.25, 3781564.25, 2995432.0, 3182449.5, 2780518.0, 2602810.25, 2444773.25, 2864603.75, 2295520.75, 2242195.5, 2105917.25, 1908523.0, 1803321.125, 1440834.625, 1042816.5625, 953117.625, 1091644.875, 778620.125, 892609.875, 848163.5, 588966.9375, 594456.3125, 704783.875, 695710.625, 805691.375, 816570.6875, 737207.375, 559401.0, 604171.25, 652392.25, 717993.75, 754740.4375, 623766.75, 974456.375, 647139.1875, 598641.5625, 846191.375, 662133.6875], "val_mape": [1838.8502197265625, 1493.282958984375, 1106.3145751953125, 1369.561279296875, 1143.7037353515625, 1388.8604736328125, 904.6159057617188, 758.2130737304688, 755.2926635742188, 604.8704223632812, 477.30596923828125, 471.484130859375, 521.6691284179688, 532.9218139648438, 257.2679748535156, 200.83975219726562, 296.61102294921875, 573.1754150390625, 394.3800964355469, 312.3678283691406, 496.4283142089844, 290.1345520019531, 406.692626953125, 248.68984985351562, 354.2915954589844, 188.7329559326172, 443.6988525390625, 476.5398254394531, 289.1012878417969, 243.03623962402344, 304.4892883300781, 345.54052734375, 314.8140563964844, 337.26068115234375, 269.20928955078125, 508.5590515136719, 312.6149597167969, 228.28143310546875, 295.84136962890625, 307.5085144042969]}