{"loss": [3535076.5, 2022868.75, 1786419.625, 1745709.25, 1677629.75, 1586970.25, 1484322.25, 1422097.5, 1368687.5, 1599548.375, 1150444.625, 1129890.875, 1063236.875, 1055918.25, 918553.125, 858936.375, 845008.875, 870930.75, 740153.125, 2599671.5, 672826.625, 740792.125, 840731.25, 707172.25, 644666.9375], "mae": [789.344482421875, 523.7651977539062, 481.2662658691406, 464.6961669921875, 456.11187744140625, 432.06793212890625, 409.9777526855469, 389.4205322265625, 369.5701599121094, 347.7160339355469, 325.5980529785156, 312.2477111816406, 298.38031005859375, 283.6623229980469, 266.90570068359375, 256.3427429199219, 248.6186065673828, 239.95745849609375, 225.56985473632812, 226.5224609375, 210.41595458984375, 211.8636932373047, 209.58529663085938, 201.1837158203125, 193.64138793945312], "mse": [3535075.75, 2022867.5, 1786418.0, 1745707.75, 1677627.125, 1586967.875, 1484319.5, 1422093.375, 1368682.5, 1599543.625, 1150439.375, 1129884.375, 1063229.875, 1055910.125, 918544.8125, 858927.25, 844998.375, 870919.9375, 740142.125, 2599661.75, 672814.4375, 740779.9375, 840717.625, 707159.5, 644652.625], "mape": [3503.668701171875, 2135.63427734375, 1836.57177734375, 1686.2371826171875, 1637.2615966796875, 1465.9609375, 1317.3275146484375, 1195.0477294921875, 1103.77685546875, 994.7606201171875, 869.5333862304688, 801.486572265625, 732.7757568359375, 692.4817504882812, 624.8817749023438, 587.3228759765625, 561.92919921875, 571.9694213867188, 510.9710388183594, 568.5415649414062, 481.1043701171875, 494.89691162109375, 504.1007080078125, 496.2535400390625, 440.5592956542969], "val_loss": [2502704.0, 2502421.5, 2443665.5, 2758637.5, 2826355.25, 3195558.25, 2928025.5, 2979954.0, 3048887.25, 3011967.25, 2871011.25, 2428132.5, 2585924.5, 2410300.0, 1708780.75, 1884771.0, 2126200.25, 2432112.25, 2149537.0, 1939216.125, 2370447.0, 2387854.5, 1747936.25, 2141604.75, 1910731.5], "val_mae": [510.7511901855469, 443.1260986328125, 416.21905517578125, 395.8228759765625, 367.7995910644531, 378.32794189453125, 339.7969055175781, 318.8995361328125, 298.11859130859375, 259.72247314453125, 262.2390441894531, 242.18756103515625, 238.9078369140625, 223.6806182861328, 199.88174438476562, 171.7818603515625, 172.0059814453125, 163.25466918945312, 128.27371215820312, 143.72669982910156, 144.0515594482422, 123.09459686279297, 134.1905975341797, 131.17271423339844, 108.9675521850586], "val_mse": [2502703.75, 2502420.25, 2443664.25, 2758635.75, 2826353.25, 3195555.25, 2928022.0, 2979949.0, 3048883.25, 3011962.5, 2871004.5, 2428128.25, 2585919.25, 2410291.75, 1708772.75, 1884760.875, 2126189.0, 2432102.5, 2149525.5, 1939197.125, 2370434.5, 2387843.75, 1747924.625, 2141592.0, 1910717.375], "val_mape": [2350.086181640625, 1739.1707763671875, 1288.6337890625, 1481.338623046875, 1137.15283203125, 1414.792236328125, 964.0333251953125, 673.1594848632812, 721.6591186523438, 570.379638671875, 693.6388549804688, 611.3177490234375, 546.175537109375, 712.6460571289062, 538.5361938476562, 316.9415283203125, 406.0970764160156, 516.8194580078125, 477.7288513183594, 479.81903076171875, 634.1771240234375, 396.27947998046875, 288.2556457519531, 213.76248168945312, 258.2052307128906]}