{"loss": [3312478.5, 1714522.625, 1583779.25, 1536952.75, 1424877.5, 1336244.875, 1255480.625, 1112319.125, 1016408.375, 909335.9375, 826122.5], "mae": [739.2152099609375, 471.4718322753906, 441.5754089355469, 431.4183349609375, 423.1303405761719, 406.5039367675781, 394.3252868652344, 376.60595703125, 348.69488525390625, 326.5113830566406, 307.35406494140625], "mse": [3312467.25, 1714507.0, 1583759.375, 1536931.75, 1424852.25, 1336215.375, 1255445.75, 1112277.25, 1016357.5625, 909276.1875, 826053.5], "mape": [3267.09716796875, 1935.867431640625, 1708.5872802734375, 1654.09423828125, 1630.4383544921875, 1550.39599609375, 1532.6002197265625, 1524.8643798828125, 1402.7115478515625, 1328.251220703125, 1255.011474609375], "val_loss": [2973467.5, 3227634.75, 3189355.0, 3571513.0, 3349198.5, 3651459.5, 3413059.25, 3557953.5, 3584258.0, 3156014.0, 3147325.25], "val_mae": [489.5616760253906, 427.4596862792969, 397.1026916503906, 388.8247375488281, 386.0185546875, 387.2295837402344, 317.58721923828125, 297.0048828125, 262.39019775390625, 234.0155029296875, 212.61537170410156], "val_mse": [2973450.75, 3227618.25, 3189334.25, 3571489.75, 3349170.25, 3651429.75, 3413021.75, 3557909.75, 3584205.0, 3155945.75, 3147252.5], "val_mape": [2252.3173828125, 1518.7352294921875, 1172.7445068359375, 1502.1273193359375, 1347.7164306640625, 1551.3480224609375, 1009.13623046875, 939.311767578125, 747.4872436523438, 506.80731201171875, 648.1585083007812]}