{"loss": [5317700.5, 2403700.0, 2046662.75, 1918745.375, 2090279.375, 1779135.75, 1744576.0, 1822237.125, 1708717.125, 1694910.125, 1728100.0], "mae": [1041.9296875, 658.719970703125, 533.3695068359375, 495.1559143066406, 477.3190612792969, 458.0655517578125, 449.5147705078125, 442.806396484375, 439.88311767578125, 428.1197509765625, 431.30609130859375], "mse": [5317694.0, 2403692.5, 2046653.375, 1918737.375, 2090270.75, 1779126.875, 1744568.375, 1822228.5, 1708706.0, 1694900.5, 1728089.375], "mape": [4366.23583984375, 3259.31103515625, 2286.52294921875, 1877.6920166015625, 1756.6041259765625, 1620.9666748046875, 1528.0712890625, 1482.960693359375, 1412.6259765625, 1362.539306640625, 1360.890625], "val_loss": [3753188.0, 4539005.5, 4957143.0, 6223304.0, 6064780.5, 6212338.5, 6480202.5, 6564427.5, 6764017.0, 6765834.5, 6634593.5], "val_mae": [784.9757690429688, 560.0388793945312, 505.07073974609375, 476.6427001953125, 465.9129638671875, 454.7432861328125, 442.74896240234375, 437.75823974609375, 429.9870300292969, 425.4044189453125, 422.1080322265625], "val_mse": [3753178.5, 4538998.0, 4957136.0, 6223297.0, 6064772.0, 6212326.5, 6480190.5, 6564419.5, 6764004.5, 6765821.5, 6634582.5], "val_mape": [4406.76708984375, 2682.180908203125, 2003.8939208984375, 1947.5159912109375, 1879.2344970703125, 1863.3338623046875, 1598.203857421875, 1684.3323974609375, 1563.087646484375, 1529.161376953125, 1546.249755859375]}