{"loss": [4363699.0, 1950518.625, 1743606.125, 1617905.5, 2121111.75, 1539710.25, 1471691.125, 1377318.75, 1350392.125, 1328993.625, 1245024.0], "mae": [909.8675537109375, 516.8939208984375, 463.8271179199219, 437.60174560546875, 431.0998840332031, 422.2847595214844, 411.49249267578125, 401.0527648925781, 388.6355895996094, 388.01544189453125, 375.49554443359375], "mse": [4363688.5, 1950504.5, 1743590.75, 1617887.875, 2121090.75, 1539687.875, 1471667.5, 1377293.125, 1350363.25, 1328962.25, 1244988.625], "mape": [3992.218017578125, 2252.150634765625, 1810.29150390625, 1602.1038818359375, 1539.6700439453125, 1499.52001953125, 1445.9541015625, 1407.2869873046875, 1355.346435546875, 1319.0625, 1295.8974609375], "val_loss": [3994148.75, 4327043.5, 4185108.5, 4518860.5, 4285112.0, 4305446.5, 4210527.5, 4528091.5, 4330558.0, 4665754.0, 4167228.75], "val_mae": [583.1754760742188, 461.532958984375, 424.79559326171875, 408.40838623046875, 401.6895446777344, 410.2828063964844, 367.491455078125, 361.381591796875, 345.5764465332031, 350.65350341796875, 328.7580871582031], "val_mse": [3994135.0, 4327029.5, 4185089.0, 4518844.0, 4285091.0, 4305424.0, 4210502.0, 4528065.0, 4330524.5, 4665725.0, 4167191.0], "val_mape": [3004.15234375, 1833.046630859375, 1396.2861328125, 1537.40576171875, 1524.5716552734375, 1599.9757080078125, 1185.0120849609375, 1228.0089111328125, 964.7449951171875, 1169.8955078125, 1058.9564208984375]}