{"loss": [2772015.5, 1685708.25, 1516917.625, 1361389.75, 1272775.125, 1933647.875, 1361745.375, 971557.1875, 864407.8125, 758028.5625, 722377.6875, 645960.4375, 893106.8125, 592777.0625, 709717.3125, 576033.5, 565261.5, 541073.6875, 2396435.0, 675600.25, 491904.84375, 501087.09375, 590306.5625, 519058.9375, 593643.875], "mae": [650.3723754882812, 469.9867248535156, 453.28643798828125, 427.6488952636719, 409.36883544921875, 378.6975402832031, 349.6711730957031, 327.4535827636719, 297.1581726074219, 267.1910095214844, 243.39077758789062, 222.4021759033203, 217.43458557128906, 198.93869018554688, 190.98611450195312, 189.19691467285156, 181.48281860351562, 174.3436737060547, 184.54345703125, 171.7699737548828, 164.02330017089844, 161.282958984375, 163.92112731933594, 159.5668182373047, 160.0280303955078], "mse": [2772015.25, 1685706.375, 1516916.0, 1361387.0, 1272770.5, 1933641.5, 1361738.625, 971547.9375, 864398.3125, 758017.625, 722364.5, 645946.1875, 893091.5, 592761.875, 709700.875, 576017.625, 565245.3125, 541056.5625, 2396415.25, 675583.0625, 491886.34375, 501067.90625, 590286.625, 519039.15625, 593623.0625], "mape": [2862.32763671875, 1962.2684326171875, 1859.3955078125, 1743.556640625, 1667.7977294921875, 1592.010009765625, 1399.2987060546875, 1293.004638671875, 1165.22900390625, 1003.2103271484375, 869.8681030273438, 748.4833374023438, 694.3011474609375, 610.3909912109375, 568.7713623046875, 556.1837158203125, 518.9880981445312, 461.7121276855469, 468.8760986328125, 464.53271484375, 416.360595703125, 413.2721252441406, 427.6773986816406, 401.0211181640625, 384.9368591308594], "val_loss": [2882078.0, 2944525.5, 2870195.5, 3094532.0, 2835380.0, 2706080.0, 2449786.0, 2438529.75, 2406025.0, 2845203.25, 2467795.75, 2966796.75, 3228124.5, 3009855.75, 2246701.75, 2917752.25, 3089097.5, 2927410.5, 3616593.75, 3047664.25, 2474752.75, 3524114.5, 2325116.5, 3497793.75, 3419879.0], "val_mae": [451.3964538574219, 408.3115539550781, 370.40679931640625, 360.65966796875, 314.7320251464844, 296.67987060546875, 278.7303466796875, 244.02401733398438, 210.7606658935547, 191.849853515625, 187.04983520507812, 162.88912963867188, 153.59686279296875, 144.52325439453125, 148.6768341064453, 135.41493225097656, 125.5473403930664, 174.71112060546875, 132.53416442871094, 125.3624267578125, 131.67581176757812, 131.47276306152344, 108.1996841430664, 116.672607421875, 101.75960540771484], "val_mse": [2882076.0, 2944524.0, 2870192.0, 3094527.5, 2835377.25, 2706072.5, 2449777.5, 2438520.75, 2406015.75, 2845190.5, 2467781.0, 2966782.25, 3228109.0, 3009838.75, 2246686.0, 2917737.25, 3089080.0, 2927392.25, 3616576.25, 3047641.75, 2474733.25, 3524098.0, 2325098.25, 3497773.0, 3419858.0], "val_mape": [1815.106201171875, 1537.1683349609375, 1087.33935546875, 1363.8856201171875, 1092.4539794921875, 1045.063232421875, 1126.509521484375, 746.4568481445312, 718.9786376953125, 654.1219482421875, 669.8351440429688, 461.8359069824219, 553.1934204101562, 538.9426879882812, 417.6097412109375, 312.6565856933594, 359.6264343261719, 586.5751953125, 516.677490234375, 375.0683898925781, 581.1262817382812, 379.4427490234375, 380.2552185058594, 233.20977783203125, 277.38885498046875]}