{"loss": [13.731348991394043, 4.359997749328613, 2.2870888710021973, 1.1710214614868164, 0.5694004893302917, 0.2797311842441559, 0.20267632603645325, 0.19716186821460724, 0.19215747714042664, 0.18767476081848145, 0.18356922268867493, 0.18163564801216125, 0.17753465473651886, 0.17680399119853973, 0.17476922273635864, 0.17492559552192688, 0.17480377852916718, 0.17474132776260376, 0.17177914083003998, 0.17263475060462952, 0.1715070754289627, 0.17186060547828674, 0.17248639464378357, 0.17326714098453522, 0.17153006792068481, 0.17200030386447906, 0.1711726039648056, 0.17003360390663147, 0.17108695209026337, 0.17144915461540222, 0.1719370037317276, 0.17138110101222992, 0.1716841608285904, 0.17270489037036896, 0.1712956428527832, 0.17110395431518555, 0.1700589805841446, 0.17083260416984558, 0.1699259877204895, 0.17234225571155548, 0.17066459357738495, 0.17062801122665405, 0.17038650810718536, 0.17122021317481995, 0.1705154925584793, 0.17026203870773315, 0.17018286883831024, 0.16941675543785095, 0.1695781946182251, 0.17122359573841095, 0.1716448962688446, 0.17147807776927948, 0.17002692818641663, 0.1699850857257843, 0.17096218466758728, 0.17030204832553864, 0.17065571248531342, 0.170343279838562, 0.17024029791355133, 0.1690671741962433, 0.1701158732175827, 0.1702701300382614, 0.17045482993125916, 0.170296773314476, 0.1704891473054886, 0.16991688311100006, 0.1700296550989151, 0.1707693338394165, 0.17094363272190094, 0.16964614391326904, 0.1702650636434555, 0.17144326865673065, 0.1698615401983261, 0.16948865354061127, 0.16996203362941742, 0.1702067106962204, 0.16994348168373108, 0.1701560914516449, 0.1694454401731491, 0.17088744044303894, 0.17027758061885834, 0.16969090700149536, 0.1703273355960846, 0.17135967314243317, 0.16937364637851715, 0.16999885439872742, 0.17018994688987732, 0.1687936633825302, 0.17060668766498566], "mae": [2.0514259338378906, 1.3463001251220703, 1.0320360660552979, 0.7696070671081543, 0.5408302545547485, 0.3568030595779419, 0.2783876955509186, 0.27133509516716003, 0.26914694905281067, 0.2685612440109253, 0.26706331968307495, 0.26702362298965454, 0.265167236328125, 0.2659323215484619, 0.2654383182525635, 0.265950471162796, 0.26634737849235535, 0.26723966002464294, 0.2656902074813843, 0.26689720153808594, 0.26678186655044556, 0.26627117395401, 0.26794666051864624, 0.26887720823287964, 0.26741236448287964, 0.26827001571655273, 0.26824459433555603, 0.26696011424064636, 0.26872068643569946, 0.2680940330028534, 0.2693071663379669, 0.26867032051086426, 0.2689194083213806, 0.2697816491127014, 0.26964280009269714, 0.268995076417923, 0.26836496591567993, 0.26943865418434143, 0.26919126510620117, 0.27035269141197205, 0.2692347764968872, 0.2698429524898529, 0.26916083693504333, 0.26994532346725464, 0.27044373750686646, 0.26959243416786194, 0.2692893445491791, 0.2694168984889984, 0.26961737871170044, 0.27036911249160767, 0.2709577679634094, 0.2711693346500397, 0.2693593502044678, 0.2691592872142792, 0.27036765217781067, 0.2697535753250122, 0.26992809772491455, 0.26993411779403687, 0.26942646503448486, 0.2692972421646118, 0.26916244626045227, 0.2700805962085724, 0.26986923813819885, 0.2699100077152252, 0.27014508843421936, 0.27025458216667175, 0.2700662612915039, 0.2704195976257324, 0.27057957649230957, 0.2694683372974396, 0.2703286111354828, 0.27085116505622864, 0.26992806792259216, 0.2694849669933319, 0.2701980769634247, 0.2700846493244171, 0.2708836495876312, 0.27098214626312256, 0.2693292498588562, 0.27116498351097107, 0.27143093943595886, 0.27085256576538086, 0.27051979303359985, 0.27172842621803284, 0.2700856029987335, 0.2701745927333832, 0.270470529794693, 0.2693837583065033, 0.2710340619087219], "mse": [10.709341049194336, 2.8591396808624268, 1.6746826171875, 0.9401818513870239, 0.47248727083206177, 0.21382196247577667, 0.14395295083522797, 0.14213724434375763, 0.14093509316444397, 0.14008434116840363, 0.1391555815935135, 0.1394055336713791, 0.1378222554922104, 0.1385740339756012, 0.13822795450687408, 0.13890160620212555, 0.13910865783691406, 0.14018291234970093, 0.13818734884262085, 0.13994085788726807, 0.13907942175865173, 0.13946641981601715, 0.14027050137519836, 0.14117878675460815, 0.14046090841293335, 0.14089912176132202, 0.14039131999015808, 0.1395428329706192, 0.14092318713665009, 0.14075402915477753, 0.14164888858795166, 0.14131447672843933, 0.14170430600643158, 0.14248844981193542, 0.14174987375736237, 0.14154934883117676, 0.1409682184457779, 0.14141184091567993, 0.14120250940322876, 0.1428404599428177, 0.14158853888511658, 0.14178727567195892, 0.1417166143655777, 0.14245253801345825, 0.14239603281021118, 0.14213819801807404, 0.14177799224853516, 0.1414760798215866, 0.14167913794517517, 0.14294923841953278, 0.14344806969165802, 0.14327020943164825, 0.1419987678527832, 0.14178843796253204, 0.14262497425079346, 0.1422456055879593, 0.1424487978219986, 0.1424826830625534, 0.14211800694465637, 0.14135757088661194, 0.14211522042751312, 0.1423298418521881, 0.14238961040973663, 0.14263510704040527, 0.14270275831222534, 0.14253778755664825, 0.14242643117904663, 0.14259284734725952, 0.14310447871685028, 0.1419144570827484, 0.14268547296524048, 0.14363257586956024, 0.14220908284187317, 0.14195452630519867, 0.14230461418628693, 0.1426716148853302, 0.14247021079063416, 0.14306242763996124, 0.142056405544281, 0.14326585829257965, 0.14307643473148346, 0.14289884269237518, 0.14319290220737457, 0.14393766224384308, 0.14259400963783264, 0.14260293543338776, 0.14267946779727936, 0.14164645969867706, 0.1435549408197403], "mape": [19.412860870361328, 12.718533515930176, 9.745729446411133, 7.271914958953857, 5.118765354156494, 3.3982224464416504, 2.694795846939087, 2.6396596431732178, 2.619431972503662, 2.6130788326263428, 2.5994672775268555, 2.5985331535339355, 2.580946207046509, 2.5879127979278564, 2.5835788249969482, 2.5890371799468994, 2.592083692550659, 2.6009769439697266, 2.5858330726623535, 2.597564220428467, 2.595705509185791, 2.5917911529541016, 2.6068387031555176, 2.6164703369140625, 2.602997303009033, 2.610377550125122, 2.6100821495056152, 2.5982666015625, 2.6142356395721436, 2.608595848083496, 2.6209545135498047, 2.6142771244049072, 2.617757797241211, 2.625699520111084, 2.6235673427581787, 2.617929697036743, 2.6111667156219482, 2.621887445449829, 2.6190056800842285, 2.6314260959625244, 2.6207115650177, 2.625011920928955, 2.619713068008423, 2.6270930767059326, 2.6312642097473145, 2.6231226921081543, 2.6207690238952637, 2.621432065963745, 2.623373508453369, 2.6311795711517334, 2.636875867843628, 2.6384851932525635, 2.6216723918914795, 2.619523286819458, 2.6313529014587402, 2.6249191761016846, 2.6260502338409424, 2.627263307571411, 2.6221070289611816, 2.62038516998291, 2.6199281215667725, 2.6278653144836426, 2.6266818046569824, 2.626652717590332, 2.629011392593384, 2.6291892528533936, 2.628432035446167, 2.631185293197632, 2.6332147121429443, 2.62188982963562, 2.630195379257202, 2.636307954788208, 2.6268470287323, 2.6223578453063965, 2.628556966781616, 2.6281676292419434, 2.6350934505462646, 2.6375508308410645, 2.621284246444702, 2.637791156768799, 2.6409010887145996, 2.6349751949310303, 2.6325528621673584, 2.64396333694458, 2.628044843673706, 2.6290283203125, 2.6312451362609863, 2.6217753887176514, 2.637150526046753],