{"loss": [1.2260340452194214, 0.6701632738113403, 0.5441179871559143, 0.5052468776702881, 0.47997942566871643, 0.45736774802207947, 0.4370420575141907, 0.4135265052318573, 0.38898545503616333, 0.3714509606361389, 0.3527248501777649, 0.3306862711906433, 0.31467485427856445, 0.2965069115161896, 0.2809765934944153, 0.26593589782714844, 0.25177109241485596, 0.23963236808776855, 0.22657844424247742, 0.21834854781627655, 0.20837906002998352, 0.20252779126167297, 0.19900137186050415, 0.19579198956489563, 0.19496506452560425, 0.1936558485031128, 0.19362635910511017, 0.1937374770641327, 0.19334444403648376, 0.19292563199996948, 0.19300775229930878, 0.1913624107837677, 0.19267484545707703, 0.19270384311676025, 0.19237886369228363, 0.19205065071582794, 0.19206048548221588, 0.19209669530391693, 0.19236712157726288, 0.1915457397699356, 0.19252346456050873, 0.19200187921524048, 0.19120390713214874, 0.19079026579856873, 0.19203568994998932, 0.19106793403625488, 0.19231107831001282, 0.1922730803489685, 0.19257567822933197, 0.19245798885822296, 0.192086860537529, 0.1922532171010971, 0.19147369265556335], "mae": [0.8867549896240234, 0.5703959465026855, 0.5124613046646118, 0.4850277900695801, 0.46163085103034973, 0.43920594453811646, 0.41885697841644287, 0.3947497606277466, 0.36941394209861755, 0.3515559434890747, 0.3324636220932007, 0.30989280343055725, 0.29364678263664246, 0.27484384179115295, 0.2588682174682617, 0.24313853681087494, 0.2286480963230133, 0.21606074273586273, 0.20236420631408691, 0.19365137815475464, 0.18347132205963135, 0.1774674952030182, 0.17375946044921875, 0.17077770829200745, 0.17045414447784424, 0.16949400305747986, 0.1697768270969391, 0.17017598450183868, 0.17001019418239594, 0.16973769664764404, 0.1700017750263214, 0.16844984889030457, 0.169887512922287, 0.17001168429851532, 0.16981160640716553, 0.16940897703170776, 0.16939543187618256, 0.16951197385787964, 0.1698465496301651, 0.1692124456167221, 0.1701122373342514, 0.16957220435142517, 0.1689072847366333, 0.168619766831398, 0.16968432068824768, 0.16869035363197327, 0.17022529244422913, 0.17001540958881378, 0.17033766210079193, 0.17021305859088898, 0.16991563141345978, 0.17006956040859222, 0.16929931938648224], "mse": [3.191246747970581, 0.5216621160507202, 0.4214831590652466, 0.37880194187164307, 0.34644824266433716, 0.31313279271125793, 0.2867356240749359, 0.2553223669528961, 0.22640298306941986, 0.20556838810443878, 0.1865454763174057, 0.16381233930587769, 0.14848756790161133, 0.13284654915332794, 0.12052298337221146, 0.10854266583919525, 0.09864098578691483, 0.08965453505516052, 0.08212963491678238, 0.07815670222043991, 0.07293759286403656, 0.07202581316232681, 0.07253364473581314, 0.07225808501243591, 0.07317014038562775, 0.07342123985290527, 0.07460571080446243, 0.07500174641609192, 0.0754069983959198, 0.07534302026033401, 0.07499577850103378, 0.07489736378192902, 0.07557246834039688, 0.07546238601207733, 0.07582453638315201, 0.07488495856523514, 0.07439736276865005, 0.07503257691860199, 0.07518505305051804, 0.07446737587451935, 0.07547605782747269, 0.07536955922842026, 0.07469417154788971, 0.07424499839544296, 0.07484074681997299, 0.07470627129077911, 0.07528799772262573, 0.07509409636259079, 0.0750804990530014, 0.07514051347970963, 0.07531960308551788, 0.07538909465074539, 0.07545256614685059], "mape": [8.434981346130371, 5.41895055770874, 4.871559143066406, 4.618614673614502, 4.398277759552002, 4.185202121734619, 3.9945783615112305, 3.7634172439575195, 3.5225703716278076, 3.3535213470458984, 3.176767349243164, 2.962902307510376, 2.810291290283203, 2.633873701095581, 2.4839906692504883, 2.3378517627716064, 2.201246976852417, 2.083024501800537, 1.955955982208252, 1.8770346641540527, 1.7836278676986694, 1.7317755222320557, 1.7021571397781372, 1.6781293153762817, 1.67839515209198, 1.6717859506607056, 1.675649642944336, 1.6805185079574585, 1.6801235675811768, 1.6775109767913818, 1.679638385772705, 1.6656174659729004, 1.6792080402374268, 1.6799191236495972, 1.679573893547058, 1.6745688915252686, 1.6732901334762573, 1.6753261089324951, 1.6789302825927734, 1.6717582941055298, 1.681547999382019, 1.6772338151931763, 1.669874906539917, 1.6666630506515503, 1.676983118057251, 1.6678853034973145, 1.6823750734329224, 1.6801079511642456, 1.6832616329193115, 1.6823248863220215, 1.6796412467956543, 1.6809803247451782, 1.6743619441986084], "val_loss": [0.3904043138027191, 0.19742122292518616, 0.17386379837989807, 0.19630120694637299, 0.2021528035402298, 0.1913445144891739, 0.14937493205070496, 0.15370748937129974, 0.22408896684646606, 0.153375506401062, 0.13622638583183289, 0.13596008718013763, 0.19498199224472046, 0.13405942916870117, 0.20928233861923218, 0.14384450018405914, 0.13499227166175842, 0.14483189582824707, 0.12952497601509094, 0.14549753069877625, 0.12372640520334244, 0.1290140450000763, 0.11990050971508026, 0.14190195500850677, 0.13346706330776215, 0.14373619854450226, 0.1477908045053482, 0.13768263161182404, 0.1275053322315216, 0.1287175863981247, 0.13449378311634064, 0.13067257404327393, 0.12156810611486435, 0.131324902176857, 0.14218662679195404, 0.12361981719732285, 0.15445247292518616, 0.12627209722995758, 0.12854215502738953, 0.13096770644187927, 0.13240337371826172, 0.12854109704494476, 0.1267063170671463, 0.12455282360315323, 0.12537667155265808, 0.14803504943847656, 0.14351260662078857, 0.12416406720876694, 0.16882173717021942, 0.14137224853038788, 0.12304563820362091, 0.16067613661289215, 0.12384936213493347], "val_mae": [0.2135237753391266, 0.14866593480110168, 0.15149511396884918, 0.17736224830150604, 0.1836368292570114, 0.17332640290260315, 0.13092510402202606, 0.13394016027450562, 0.2046564370393753, 0.13342824578285217, 0.11566448211669922, 0.11508825421333313, 0.17418599128723145, 0.1116395890712738, 0.18789221346378326, 0.1208246648311615, 0.11198718100786209, 0.1213400736451149, 0.10533694922924042, 0.12088380753993988, 0.09858215600252151, 0.10345899313688278, 0.09442359954118729, 0.11736563593149185, 0.1094755083322525, 0.11959109455347061, 0.12461250275373459, 0.11382611840963364, 0.10397402197122574, 0.10566035658121109, 0.11145327985286713, 0.1079191192984581, 0.0984087884426117, 0.10919501632452011, 0.1195601299405098, 0.10090401768684387, 0.13166314363479614, 0.10373973101377487, 0.1066327914595604, 0.10832832753658295, 0.11013633012771606, 0.10610374063253403, 0.10434696078300476, 0.10222826898097992, 0.10294705629348755, 0.1261957585811615, 0.1211041659116745, 0.10173710435628891, 0.14619123935699463, 0.11957736313343048, 0.10091020166873932, 0.13794194161891937, 0.10146211832761765], "val_mse": [0.08074630051851273, 0.05195127800107002, 0.06368572264909744, 0.06415268033742905, 0.06559246778488159, 0.06206170842051506, 0.053088199347257614, 0.04339233413338661, 0.0707123652100563, 0.04791826382279396, 0.03986860439181328, 0.03791589289903641, 0.05446649342775345, 0.03547408804297447, 0.06872276961803436, 0.04668664187192917, 0.041091229766607285, 0.03821607306599617, 0.03758661821484566, 0.03770773112773895, 0.034681349992752075, 0.03631330281496048, 0.03836887702345848, 0.04516611620783806, 0.046827282756567, 0.05119754374027252, 0.0536867119371891, 0.050867121666669846, 0.04896934702992439, 0.049217309802770615, 0.049999210983514786, 0.05065762624144554, 0.048718687146902084, 0.05141425132751465, 0.05251631140708923, 0.04879433661699295, 0.055022209882736206, 0.04921606555581093, 0.050924114882946014, 0.04962075501680374, 0.050482530146837234, 0.049619436264038086, 0.0493994876742363, 0.04841381311416626, 0.04880015552043915, 0.054249051958322525, 0.05245155468583107, 0.04844836890697479, 0.060310009866952896, 0.054675351828336716, 0.049480538815259933, 0.058527979999780655, 0.04939744994044304],