{"loss": [2.3809893131256104, 0.8812427520751953, 0.7002623677253723, 0.5817903280258179, 0.49894270300865173, 0.4384519159793854, 0.3886202275753021, 0.34969305992126465, 0.3232005834579468, 0.288158655166626, 0.2663985788822174, 0.2425554096698761, 0.2268490493297577, 0.21045999228954315, 0.19671279191970825, 0.18506595492362976, 0.17709475755691528, 0.1683402806520462, 0.1626206487417221, 0.15722228586673737, 0.15463858842849731, 0.15178179740905762, 0.15165308117866516, 0.15003325045108795, 0.14944088459014893, 0.14927837252616882, 0.14889241755008698, 0.14865896105766296, 0.14837798476219177, 0.1487148255109787, 0.14757898449897766, 0.14812615513801575, 0.148071750998497, 0.14719568192958832, 0.14688265323638916, 0.14722082018852234, 0.14698286354541779, 0.14696700870990753, 0.146009624004364, 0.14630571007728577, 0.1470860093832016, 0.14723825454711914, 0.14661622047424316, 0.14632229506969452, 0.14713378250598907, 0.14612306654453278, 0.14644888043403625, 0.1470184028148651, 0.14652834832668304, 0.14653699100017548, 0.14602987468242645, 0.146787628531456, 0.14616768062114716, 0.14723435044288635, 0.1469724029302597, 0.14565345644950867, 0.14625948667526245, 0.14614248275756836, 0.14603886008262634, 0.14594349265098572, 0.14680391550064087, 0.14570890367031097, 0.14564473927021027, 0.14588722586631775, 0.1465190052986145], "mae": [0.9324311017990112, 0.663247287273407, 0.6211243867874146, 0.5832844972610474, 0.5443550944328308, 0.5108133554458618, 0.4793566167354584, 0.45362332463264465, 0.4343646168708801, 0.4070788025856018, 0.3892744779586792, 0.3700081706047058, 0.3543637692928314, 0.33940157294273376, 0.3249141275882721, 0.3139566481113434, 0.30296075344085693, 0.2933657467365265, 0.28607502579689026, 0.2796637713909149, 0.2758616507053375, 0.27182909846305847, 0.27058640122413635, 0.268725723028183, 0.2679715156555176, 0.2680039405822754, 0.26756975054740906, 0.26842010021209717, 0.2679022252559662, 0.26806640625, 0.2675379514694214, 0.2679396867752075, 0.26758790016174316, 0.26759976148605347, 0.26699399948120117, 0.26809996366500854, 0.26808714866638184, 0.2671806216239929, 0.26736077666282654, 0.26753681898117065, 0.2679862678050995, 0.26842033863067627, 0.2674584686756134, 0.2677251398563385, 0.26782235503196716, 0.2671414315700531, 0.26792532205581665, 0.2682242691516876, 0.26778414845466614, 0.2679122984409332, 0.2678298056125641, 0.2678678035736084, 0.2679881453514099, 0.268828809261322, 0.2688899636268616, 0.26754188537597656, 0.26774996519088745, 0.2674363851547241, 0.26730644702911377, 0.2669983506202698, 0.268862783908844, 0.267328679561615, 0.2674982249736786, 0.26739636063575745, 0.26847678422927856], "mse": [2.03230881690979, 0.6970744132995605, 0.6155486106872559, 0.5435785055160522, 0.4750751554965973, 0.41949084401130676, 0.3716362416744232, 0.3337574899196625, 0.30745211243629456, 0.2723255455493927, 0.25037190318107605, 0.22636981308460236, 0.2106941044330597, 0.19412347674369812, 0.180161714553833, 0.16843357682228088, 0.16033495962619781, 0.15133264660835266, 0.14552122354507446, 0.14001081883907318, 0.1372624635696411, 0.1346130669116974, 0.13463231921195984, 0.13326241075992584, 0.13300254940986633, 0.13326731324195862, 0.13318243622779846, 0.1334131956100464, 0.13332921266555786, 0.133660227060318, 0.13294482231140137, 0.13365113735198975, 0.13369344174861908, 0.1330101639032364, 0.1329479217529297, 0.1334594041109085, 0.13348345458507538, 0.13328851759433746, 0.13239654898643494, 0.13288502395153046, 0.1337030678987503, 0.1339433640241623, 0.13342413306236267, 0.1331065595149994, 0.1339050531387329, 0.1329386979341507, 0.13341833651065826, 0.1338406801223755, 0.13345378637313843, 0.1332453340291977, 0.13292253017425537, 0.1336912363767624, 0.13317842781543732, 0.13424983620643616, 0.13389445841312408, 0.1327826827764511, 0.13324113190174103, 0.1333123743534088, 0.1331394910812378, 0.1330416053533554, 0.13394902646541595, 0.13294588029384613, 0.132774218916893, 0.1330227255821228, 0.13374631106853485], "mape": [8.846078872680664, 6.307372093200684, 5.910585880279541, 5.552994251251221, 5.187085151672363, 4.870365619659424, 4.576284885406494, 4.333734035491943, 4.152708053588867, 3.89654278755188, 3.729707956314087, 3.5476431846618652, 3.4022839069366455, 3.2618181705474854, 3.1272153854370117, 3.024282693862915, 2.9227652549743652, 2.833603858947754, 2.766056537628174, 2.7070741653442383, 2.672659397125244, 2.6367530822753906, 2.6264965534210205, 2.610177516937256, 2.604138135910034, 2.6050379276275635, 2.6006903648376465, 2.608670949935913, 2.6047558784484863, 2.6057839393615723, 2.601219654083252, 2.60493803024292, 2.6018309593200684, 2.601177930831909, 2.5964438915252686, 2.6064484119415283, 2.6060879230499268, 2.5980453491210938, 2.5991158485412598, 2.6010067462921143, 2.605605125427246, 2.6101162433624268, 2.6008050441741943, 2.6023545265197754, 2.604567289352417, 2.597656488418579, 2.6045944690704346, 2.607504367828369, 2.603128671646118, 2.6047816276550293, 2.6034045219421387, 2.604292869567871, 2.604843854904175, 2.613010883331299, 2.613760471343994, 2.6005053520202637, 2.602647304534912, 2.6004788875579834, 2.599374771118164, 2.596118211746216, 2.613952159881592, 2.599102020263672, 2.60009503364563, 2.5998075008392334, 2.6104276180267334], "val_loss": [0.39529359340667725, 0.2668895423412323, 0.18768072128295898, 0.16765017807483673, 0.15298107266426086, 0.1456223428249359, 0.13466817140579224, 0.14426934719085693, 0.135748490691185, 0.14524824917316437, 0.13987357914447784, 0.12634284794330597, 0.12436146289110184, 0.12332237511873245, 0.13103291392326355, 0.12570299208164215, 0.1252107173204422, 0.12505552172660828, 0.1268504112958908, 0.12372025847434998, 0.12968042492866516, 0.12781383097171783, 0.12643136084079742, 0.13369552791118622, 0.12602807581424713, 0.12884171307086945, 0.1254836916923523, 0.14474128186702728, 0.13322579860687256, 0.12889286875724792, 0.12780003249645233, 0.12530945241451263, 0.12510865926742554, 0.13189241290092468, 0.12277647107839584, 0.1273370087146759, 0.12718157470226288, 0.12740720808506012, 0.12927082180976868, 0.12626239657402039, 0.12705965340137482, 0.1270207315683365, 0.12521731853485107, 0.12386302649974823, 0.13009493052959442, 0.12459606677293777, 0.1241743192076683, 0.1238618865609169, 0.1258123368024826, 0.12681224942207336, 0.12804853916168213, 0.1241089403629303, 0.1310124397277832, 0.13275082409381866, 0.1290014237165451, 0.12771496176719666, 0.12684088945388794, 0.13322827219963074, 0.12887419760227203, 0.12773291766643524, 0.13099108636379242, 0.12410671263933182, 0.12356382608413696, 0.12515848875045776, 0.13101783394813538],