{"loss": [0.5101925730705261, 0.4441586434841156, 0.42142346501350403, 0.41155993938446045, 0.4063493609428406, 0.40180718898773193, 0.3992767632007599, 0.398014098405838, 0.39799290895462036, 0.39733731746673584, 0.39712780714035034, 0.39614513516426086, 0.3953845798969269, 0.3955707550048828, 0.39636412262916565, 0.39501070976257324, 0.39523133635520935, 0.3946760594844818, 0.3955540060997009, 0.3950311839580536, 0.3946550488471985, 0.3940465450286865, 0.3949633240699768, 0.39507806301116943, 0.3940599858760834, 0.3947611153125763, 0.3943178951740265, 0.3956334888935089, 0.39516645669937134, 0.39404261112213135, 0.3942112922668457, 0.3938661813735962, 0.3949563801288605, 0.3945026993751526, 0.3948077857494354, 0.39353275299072266], "mae": [0.5281194448471069, 0.495654433965683, 0.4836234152317047, 0.4779970347881317, 0.47444948554039, 0.4716818332672119, 0.4692749083042145, 0.46829310059547424, 0.4681638777256012, 0.46749362349510193, 0.4672481119632721, 0.4669966399669647, 0.4663735628128052, 0.46615198254585266, 0.4670127332210541, 0.4657701849937439, 0.46572357416152954, 0.4651452600955963, 0.465623676776886, 0.4650082588195801, 0.4648219645023346, 0.46471115946769714, 0.46551138162612915, 0.46544578671455383, 0.4642915427684784, 0.46505850553512573, 0.46446728706359863, 0.46525248885154724, 0.4649933874607086, 0.4645727872848511, 0.464020699262619, 0.4639275074005127, 0.46457064151763916, 0.46450093388557434, 0.4649503529071808, 0.46433714032173157], "mse": [0.4603050947189331, 0.40899109840393066, 0.39202651381492615, 0.3842778205871582, 0.37961068749427795, 0.3751112222671509, 0.37279999256134033, 0.3718039393424988, 0.3720201849937439, 0.3713988959789276, 0.37128522992134094, 0.37028607726097107, 0.3695659637451172, 0.3696223199367523, 0.37051868438720703, 0.3691267967224121, 0.36921364068984985, 0.3685586452484131, 0.3694498538970947, 0.3688099980354309, 0.3684333264827728, 0.36785218119621277, 0.3687645196914673, 0.3687533140182495, 0.3677244782447815, 0.3683864176273346, 0.3679870367050171, 0.3692804276943207, 0.36884358525276184, 0.36760833859443665, 0.3676592707633972, 0.3673803210258484, 0.36846721172332764, 0.368022084236145, 0.3684712052345276, 0.36730527877807617], "mape": [5.09656286239624, 4.795793056488037, 4.685807704925537, 4.635575294494629, 4.602860450744629, 4.575985908508301, 4.553276538848877, 4.545192718505859, 4.544736385345459, 4.538491249084473, 4.536394119262695, 4.533563613891602, 4.527601718902588, 4.525461673736572, 4.534008026123047, 4.521985054016113, 4.52173376083374, 4.516274452209473, 4.520904541015625, 4.514432907104492, 4.513341903686523, 4.5117573738098145, 4.519337177276611, 4.518422603607178, 4.508213996887207, 4.515163421630859, 4.509354591369629, 4.517655849456787, 4.514847278594971, 4.510587215423584, 4.505679130554199, 4.504680156707764, 4.510788917541504, 4.509932518005371, 4.514298439025879, 4.507976055145264], "val_loss": [0.40798091888427734, 0.3810023069381714, 0.3743889331817627, 0.38004809617996216, 0.3770686686038971, 0.3703974783420563, 0.36809393763542175, 0.37107834219932556, 0.36832523345947266, 0.36665114760398865, 0.37083059549331665, 0.36861780285835266, 0.3650057911872864, 0.3680281639099121, 0.366302490234375, 0.3705063760280609, 0.36436405777931213, 0.3649468719959259, 0.36689722537994385, 0.36674657464027405, 0.3651314377784729, 0.36460521817207336, 0.3685099184513092, 0.3668171465396881, 0.36826232075691223, 0.36153551936149597, 0.37784355878829956, 0.3633931875228882, 0.364229291677475, 0.3630730211734772, 0.36404111981391907, 0.36793917417526245, 0.37276262044906616, 0.36474865674972534, 0.3691154420375824, 0.3657675087451935], "val_mae": [0.4826233685016632, 0.462443470954895, 0.4589596092700958, 0.46396055817604065, 0.4573214650154114, 0.455145925283432, 0.456039160490036, 0.4593798816204071, 0.45684534311294556, 0.45371782779693604, 0.46041470766067505, 0.45456334948539734, 0.45386040210723877, 0.4548841118812561, 0.4557175040245056, 0.4561212658882141, 0.4505901336669922, 0.45151612162590027, 0.4555560052394867, 0.4511708617210388, 0.45046356320381165, 0.4539794623851776, 0.4545316994190216, 0.4549590051174164, 0.4577820897102356, 0.4483069181442261, 0.454110324382782, 0.44893577694892883, 0.44910910725593567, 0.4478215277194977, 0.45240986347198486, 0.45714518427848816, 0.4526567757129669, 0.45388317108154297, 0.4545283317565918, 0.45434707403182983], "val_mse": [0.36778682470321655, 0.3496250510215759, 0.3456757068634033, 0.3537474274635315, 0.35059234499931335, 0.3434370160102844, 0.341448038816452, 0.34503161907196045, 0.34244680404663086, 0.3407011926174164, 0.3449757993221283, 0.34293901920318604, 0.3391261398792267, 0.3421615660190582, 0.3402116894721985, 0.3444864749908447, 0.33817121386528015, 0.3387521207332611, 0.34084847569465637, 0.3406049907207489, 0.3390567898750305, 0.33831948041915894, 0.3424828052520752, 0.34051406383514404, 0.34178999066352844, 0.33508172631263733, 0.3518064022064209, 0.33700594305992126, 0.3379580080509186, 0.33668506145477295, 0.33768796920776367, 0.3414152264595032, 0.3465122580528259, 0.33820974826812744, 0.34269413352012634, 0.3394807279109955], "val_mape": [4.60320520401001, 4.465099334716797, 4.43848991394043, 4.486118793487549, 4.452676296234131, 4.4154744148254395, 4.407264709472656, 4.432372570037842, 4.412205696105957, 4.396759033203125, 4.433365345001221, 4.406937599182129, 4.386143207550049, 4.4026408195495605, 4.389276504516602, 4.414594650268555, 4.369784832000732, 4.373644828796387, 4.397181987762451, 4.382387638092041, 4.373195171356201, 4.377911567687988, 4.398994445800781, 4.390732765197754, 4.405674934387207, 4.345935344696045, 4.430750370025635, 4.3568034172058105, 4.362874507904053, 4.350893020629883, 4.370190143585205, 4.401219367980957, 4.404817581176758, 4.372054100036621, 4.3981828689575195, 4.383108615875244]}