{"loss": [32.99093246459961, 1.6718851327896118, 0.938601016998291, 0.7735903859138489, 0.6085654497146606, 0.4977262318134308, 0.4279741942882538, 0.29423174262046814, 0.22879666090011597, 0.17929737269878387, 0.14780494570732117, 0.12427961081266403, 0.10839430242776871, 0.09387136995792389, 0.08160120248794556, 0.07335136830806732, 0.06732194125652313, 0.06390020251274109, 0.06227991357445717, 0.06399516016244888, 0.06198255717754364, 0.06167228892445564, 0.06193652004003525, 0.060949742794036865, 0.06041538342833519, 0.060130149126052856, 0.060793906450271606, 0.059882547706365585, 0.05923034995794296, 0.062002941966056824, 0.06022131070494652, 0.059125371277332306, 0.058748066425323486, 0.05856388807296753, 0.05863439664244652, 0.05871554836630821, 0.05872108414769173, 0.05868479982018471, 0.057936981320381165, 0.05829216167330742, 0.05854412540793419, 0.058176517486572266, 0.05757717788219452, 0.061558499932289124, 0.05775434896349907], "mae": [1.2046481370925903, 0.7129002809524536, 0.5917686223983765, 0.527481198310852, 0.4708031117916107, 0.43002691864967346, 0.39593133330345154, 0.3624454438686371, 0.3366750478744507, 0.3082733154296875, 0.28310897946357727, 0.25876855850219727, 0.23851433396339417, 0.21800841391086578, 0.1971484273672104, 0.1826421171426773, 0.17003202438354492, 0.16187265515327454, 0.15705333650112152, 0.15628032386302948, 0.1542477011680603, 0.15334545075893402, 0.1528438925743103, 0.15309512615203857, 0.15197263658046722, 0.1521284580230713, 0.153233140707016, 0.15262393653392792, 0.15188823640346527, 0.15329551696777344, 0.15280479192733765, 0.15178246796131134, 0.15149334073066711, 0.15156547725200653, 0.15153606235980988, 0.15161347389221191, 0.1521437168121338, 0.15229833126068115, 0.15122447907924652, 0.1518969088792801, 0.15192793309688568, 0.15172141790390015, 0.15128713846206665, 0.15241707861423492, 0.1513775736093521], "mse": [32.57249450683594, 1.3028775453567505, 0.5991324186325073, 0.4797654449939728, 0.3681182861328125, 0.31552979350090027, 0.29786035418510437, 0.21505634486675262, 0.18493890762329102, 0.1561640202999115, 0.1325691044330597, 0.11181080341339111, 0.09628500044345856, 0.08169341832399368, 0.06873617321252823, 0.060829468071460724, 0.05464312061667442, 0.05129533261060715, 0.050065528601408005, 0.051474787294864655, 0.04977482184767723, 0.04992431774735451, 0.05013339966535568, 0.04964463412761688, 0.049406345933675766, 0.049303438514471054, 0.05002427473664284, 0.0494949109852314, 0.04903459921479225, 0.051230523735284805, 0.049829162657260895, 0.04905064404010773, 0.04911234974861145, 0.048998259007930756, 0.04921351745724678, 0.04922010377049446, 0.04935799166560173, 0.04951224476099014, 0.04883868619799614, 0.04911879077553749, 0.04936786741018295, 0.04930557310581207, 0.04877803847193718, 0.05229124054312706, 0.04900606349110603], "mape": [11.382059097290039, 6.74976921081543, 5.601211071014404, 4.994879245758057, 4.457941055297852, 4.071380138397217, 3.749998092651367, 3.435366153717041, 3.1904520988464355, 2.9249114990234375, 2.6878867149353027, 2.4580795764923096, 2.267317056655884, 2.0747148990631104, 1.8789374828338623, 1.7449114322662354, 1.6284970045089722, 1.555312156677246, 1.5127668380737305, 1.508499264717102, 1.4902329444885254, 1.482192873954773, 1.478127121925354, 1.480257272720337, 1.469483494758606, 1.4709994792938232, 1.48160982131958, 1.4753423929214478, 1.4687151908874512, 1.4819563627243042, 1.4775493144989014, 1.4671891927719116, 1.4648722410202026, 1.4650483131408691, 1.4648313522338867, 1.4654850959777832, 1.4706861972808838, 1.4721364974975586, 1.4621760845184326, 1.467853307723999, 1.468369722366333, 1.4665484428405762, 1.46197509765625, 1.4726955890655518, 1.4637341499328613], "val_loss": [0.6298184990882874, 0.3942563235759735, 0.3602035641670227, 0.3238760530948639, 0.24880944192409515, 0.20310549437999725, 0.13109758496284485, 0.10355211794376373, 0.06443778425455093, 0.04551566764712334, 0.04173926264047623, 0.04080946743488312, 0.03679388016462326, 0.05449746549129486, 0.03650698438286781, 0.0365464948117733, 0.04254045709967613, 0.040644578635692596, 0.039569683372974396, 0.04163411632180214, 0.040009357035160065, 0.04156375303864479, 0.039550136774778366, 0.041182782500982285, 0.03978772088885307, 0.03913259878754616, 0.038602448999881744, 0.040702302008867264, 0.039612412452697754, 0.04053182154893875, 0.04407581686973572, 0.03856891021132469, 0.04101335629820824, 0.03940904513001442, 0.03988131880760193, 0.04379545897245407, 0.04088073596358299, 0.04562819004058838, 0.03828362002968788, 0.038649462163448334, 0.04238634556531906, 0.038361962884664536, 0.040673982352018356, 0.03857143968343735, 0.040804870426654816], "val_mae": [0.2477717250585556, 0.12441550940275192, 0.14376649260520935, 0.150795117020607, 0.14688225090503693, 0.17696452140808105, 0.10418112576007843, 0.17013287544250488, 0.13072660565376282, 0.1034451276063919, 0.10554995387792587, 0.10428933054208755, 0.08472597599029541, 0.13290126621723175, 0.08377276360988617, 0.08683877438306808, 0.11030957847833633, 0.09287925064563751, 0.08883342891931534, 0.08647789806127548, 0.08617431670427322, 0.09167899936437607, 0.08514735102653503, 0.09645924717187881, 0.08746454119682312, 0.09164648503065109, 0.08461820334196091, 0.0985492467880249, 0.09770740568637848, 0.095340795814991, 0.11295793950557709, 0.0862220898270607, 0.09444709867238998, 0.0944238007068634, 0.09591877460479736, 0.1111762523651123, 0.1005154475569725, 0.1151047796010971, 0.09524702280759811, 0.09410437941551208, 0.10307200253009796, 0.09258978813886642, 0.10853179544210434, 0.08720742911100388, 0.10268454253673553], "val_mse": [0.2509218156337738, 0.03930647671222687, 0.04169938340783119, 0.053719412535429, 0.03924958407878876, 0.050341881811618805, 0.028311094269156456, 0.044148772954940796, 0.034104593098163605, 0.02760627306997776, 0.02889508754014969, 0.02838841639459133, 0.024568205699324608, 0.04022663086652756, 0.024414177983999252, 0.024090476334095, 0.03005729615688324, 0.028771154582500458, 0.027239982038736343, 0.02900710143148899, 0.02807043492794037, 0.02908901497721672, 0.02811415307223797, 0.029519950971007347, 0.029116233810782433, 0.028704486787319183, 0.027814947068691254, 0.030314400792121887, 0.029441582038998604, 0.02992720901966095, 0.03339666873216629, 0.02867421880364418, 0.031080475077033043, 0.029929200187325478, 0.030369825661182404, 0.03455526381731033, 0.031581584364175797, 0.0366949699819088, 0.029277728870511055, 0.029425565153360367, 0.033437952399253845, 0.02980482205748558, 0.03179365396499634, 0.029092445969581604, 0.03189692273736], "val_mape": [2.3350424766540527, 1.2000528573989868, 1.3687225580215454, 1.4874581098556519, 1.3908666372299194, 1.6770122051239014, 1.0050721168518066, 1.606103539466858, 1.2430943250656128, 0.9930223822593689, 1.0245825052261353, 1.001502513885498, 0.8347216844558716, 1.2961772680282593, 0.8236892819404602, 0.8495741486549377, 1.056028962135315, 0.9225046038627625, 0.8741526007652283, 0.8576105237007141, 0.8510252237319946, 0.901147723197937, 0.8422893285751343, 0.9477810859680176, 0.8713864088058472, 0.9037011861801147, 0.8366231918334961, 0.9608619809150696, 0.9550116658210754, 0.929099440574646, 1.1068276166915894, 0.8539129495620728, 0.9327092170715332, 0.9322333335876465, 0.9415609836578369, 1.0850234031677246, 0.9979016780853271, 1.1381703615188599, 0.9356099367141724, 0.9218918085098267, 1.0123766660690308, 0.9203469157218933, 1.05235755443573, 0.8671701550483704, 1.0209811925888062]}