{"loss": [36.42216873168945, 2.0357537269592285, 0.9780851006507874, 0.9536017775535583, 0.6792123317718506, 0.624130368232727, 0.47655564546585083, 0.3858405649662018, 0.3080943822860718, 0.2567411959171295, 0.22698605060577393, 0.20524324476718903, 0.18951116502285004, 0.1754702776670456, 0.1624126136302948, 0.15295960009098053, 0.14613699913024902, 0.13817058503627777, 0.1335645616054535, 0.12908440828323364, 0.12665815651416779, 0.125065416097641, 0.12357353419065475, 0.1240745335817337, 0.12284151464700699, 0.12288398295640945, 0.12209098041057587, 0.12154853343963623, 0.1217120885848999, 0.12128259986639023, 0.12040464580059052, 0.12032471597194672, 0.12068913877010345, 0.11954580247402191, 0.11916989833116531, 0.11973809450864792, 0.1201428696513176, 0.1202080249786377, 0.11853582412004471, 0.11863134056329727, 0.11890463531017303, 0.11876510828733444, 0.11736401170492172, 0.1187080517411232, 0.12041489034891129, 0.11901572346687317, 0.11782468110322952, 0.11861646920442581, 0.11793134361505508, 0.1178201213479042, 0.1180977001786232, 0.11769673228263855, 0.11730903387069702, 0.11776894330978394, 0.11787199974060059, 0.11811865121126175, 0.11715467274188995, 0.1180974543094635, 0.11808284372091293, 0.12034361809492111, 0.11771384626626968, 0.11785787343978882, 0.11686579883098602, 0.11745203286409378, 0.1179434284567833, 0.11727020144462585, 0.11719460040330887, 0.1174619272351265, 0.11733414232730865, 0.12415431439876556, 0.11860797554254532, 0.11802266538143158, 0.11774535477161407, 0.1187671646475792, 0.11825765669345856, 0.11764611303806305, 0.11745648831129074, 0.11757275462150574, 0.11872345209121704, 0.1181960180401802, 0.11792434751987457, 0.11770156770944595, 0.11794370412826538, 0.12037167698144913, 0.12064584344625473, 0.11789244413375854, 0.11761379987001419, 0.11742290109395981, 0.11799831688404083, 0.11713139712810516, 0.1172507032752037, 0.11810331046581268, 0.11693250387907028], "mae": [1.2397570610046387, 0.7827880382537842, 0.6225223541259766, 0.5604268908500671, 0.5085221529006958, 0.4746471047401428, 0.44177940487861633, 0.41714921593666077, 0.3956802487373352, 0.37122437357902527, 0.35382217168807983, 0.3360773026943207, 0.32045820355415344, 0.3060635030269623, 0.29182595014572144, 0.280915766954422, 0.2708616256713867, 0.261172890663147, 0.2542569637298584, 0.24740678071975708, 0.24334391951560974, 0.24046826362609863, 0.2379019558429718, 0.23731890320777893, 0.23546408116817474, 0.23585455119609833, 0.23495319485664368, 0.2345103770494461, 0.23383945226669312, 0.23465430736541748, 0.23408204317092896, 0.23406289517879486, 0.23385590314865112, 0.2333492487668991, 0.2330857664346695, 0.23345796763896942, 0.2345108687877655, 0.23397429287433624, 0.23271968960762024, 0.2330951988697052, 0.23324044048786163, 0.23342932760715485, 0.2320239543914795, 0.23329611122608185, 0.2342597097158432, 0.233801007270813, 0.23280119895935059, 0.2338346689939499, 0.23271267116069794, 0.23278895020484924, 0.23336860537528992, 0.23342755436897278, 0.23234973847866058, 0.23302243649959564, 0.23280680179595947, 0.2336520403623581, 0.23256491124629974, 0.23302623629570007, 0.23318946361541748, 0.23439976572990417, 0.233063206076622, 0.23320795595645905, 0.23230378329753876, 0.2327844202518463, 0.23363982141017914, 0.23258544504642487, 0.232817605137825, 0.23282191157341003, 0.23287785053253174, 0.23451858758926392, 0.2331002801656723, 0.23362787067890167, 0.2330552190542221, 0.23384535312652588, 0.23406176269054413, 0.23337876796722412, 0.2332415133714676, 0.23320069909095764, 0.23468543589115143, 0.23409384489059448, 0.23354458808898926, 0.23346100747585297, 0.233587384223938, 0.23431462049484253, 0.2358487844467163, 0.2332470715045929, 0.23342104256153107, 0.23282402753829956, 0.23319591581821442, 0.23288635909557343, 0.23283976316452026, 0.2341620773077011, 0.23256047070026398], "mse": [36.004730224609375, 1.6561216115951538, 0.6280576586723328, 0.6435865163803101, 0.4220426678657532, 0.4259988069534302, 0.3284485340118408, 0.29564082622528076, 0.2553984820842743, 0.22700715065002441, 0.20644988119602203, 0.1884276121854782, 0.17336668074131012, 0.15944887697696686, 0.1464010626077652, 0.1370164006948471, 0.12974514067173004, 0.12201288342475891, 0.11705029755830765, 0.112386055290699, 0.10981880128383636, 0.10860791802406311, 0.10725528001785278, 0.10770547389984131, 0.10682971775531769, 0.1070539578795433, 0.10659009963274002, 0.10621406137943268, 0.1065477579832077, 0.10651453584432602, 0.10611125081777573, 0.10614112764596939, 0.10677507519721985, 0.10585956275463104, 0.10563938319683075, 0.10625734180212021, 0.10682162642478943, 0.10685274004936218, 0.10552787035703659, 0.10570333153009415, 0.10607032477855682, 0.10615471005439758, 0.10483814030885696, 0.10621949285268784, 0.1076372042298317, 0.10633683204650879, 0.10540895164012909, 0.10615713149309158, 0.10557616502046585, 0.10547380894422531, 0.10582266747951508, 0.10564185678958893, 0.10528284311294556, 0.10568152368068695, 0.1057991161942482, 0.10603971034288406, 0.10530447959899902, 0.10609889775514603, 0.10611142963171005, 0.10759935528039932, 0.10570463538169861, 0.10593941062688828, 0.10486206412315369, 0.10558534413576126, 0.10604783892631531, 0.1053219586610794, 0.10519501566886902, 0.10557831823825836, 0.10552054643630981, 0.1118536964058876, 0.10530203580856323, 0.10611190646886826, 0.1058386042714119, 0.10674828290939331, 0.10630001127719879, 0.10570792853832245, 0.10554002970457077, 0.10589528828859329, 0.10679255425930023, 0.1064373105764389, 0.10621830075979233, 0.10594658553600311, 0.1061498299241066, 0.10861217230558395, 0.10759750008583069, 0.1060517206788063, 0.10590329021215439, 0.10563771426677704, 0.10611558705568314, 0.10538483411073685, 0.10563777387142181, 0.10617078840732574, 0.10532225668430328], "mape": [11.729647636413574, 7.4282073974609375, 5.916017532348633, 5.328848361968994, 4.839216709136963, 4.520909786224365, 4.2106804847717285, 3.979548931121826, 3.775954484939575, 3.549182653427124, 3.385232448577881, 3.2191309928894043, 3.0724987983703613, 2.9391393661499023, 2.80523943901062, 2.7037899494171143, 2.6106483936309814, 2.521172523498535, 2.457777738571167, 2.394852638244629, 2.3589117527008057, 2.3343143463134766, 2.311815023422241, 2.307435989379883, 2.291410446166992, 2.2957570552825928, 2.287503242492676, 2.282867908477783, 2.277496814727783, 2.2854762077331543, 2.2797739505767822, 2.2794981002807617, 2.278618574142456, 2.2733235359191895, 2.270632028579712, 2.2740066051483154, 2.2842965126037598, 2.2794222831726074, 2.2673683166503906, 2.2701220512390137, 2.271803855895996, 2.2744271755218506, 2.260179281234741, 2.2722339630126953, 2.2813591957092285, 2.277750015258789, 2.2673799991607666, 2.2775094509124756, 2.266815185546875, 2.2680916786193848, 2.2726364135742188, 2.2730228900909424, 2.2636260986328125, 2.269700050354004, 2.267529249191284, 2.2760515213012695, 2.265622138977051, 2.2700796127319336, 2.2719826698303223, 2.282947063446045, 2.270477056503296, 2.271777391433716, 2.2630057334899902, 2.267273187637329, 2.275463104248047, 2.2652034759521484, 2.2674129009246826, 2.267483949661255, 2.268002510070801, 2.2830324172973633, 2.2710864543914795, 2.276137590408325, 2.2704050540924072, 2.2780487537384033, 2.2798445224761963, 2.273275375366211, 2.27211594581604, 2.2716383934020996, 2.285388469696045, 2.2805936336517334, 2.275228977203369, 2.273970365524292, 2.2753522396087646, 2.2817182540893555, 2.296257257461548, 2.2727856636047363, 2.2734408378601074, 2.268071174621582, 2.272035598754883, 2.268869161605835, 2.268510341644287, 2.280773878097534, 2.265634775161743],