{"loss": [2.288097858428955, 0.7737094163894653, 0.5917537212371826, 0.4698737859725952, 0.3861081600189209, 0.32728996872901917, 0.28009071946144104, 0.2390611469745636, 0.20834152400493622, 0.17470747232437134, 0.149490624666214, 0.12701570987701416, 0.10910163819789886, 0.09333771467208862, 0.07941555976867676, 0.07119200378656387, 0.06526246666908264, 0.06256631761789322, 0.0617947019636631, 0.061189666390419006, 0.06082407757639885, 0.06112939119338989, 0.06042579561471939, 0.06020154058933258, 0.05979200825095177, 0.05964900553226471, 0.059855882078409195, 0.06001461669802666, 0.059253618121147156, 0.059064414352178574, 0.059708382934331894, 0.05927735194563866, 0.05930289998650551, 0.05888475105166435, 0.05909164622426033, 0.05867048352956772, 0.05914708226919174, 0.05930856615304947, 0.05849187821149826], "mae": [0.8940386176109314, 0.6121704578399658, 0.5673386454582214, 0.5249454975128174, 0.4796863794326782, 0.4428917467594147, 0.40917012095451355, 0.37720009684562683, 0.3497830629348755, 0.3177955746650696, 0.29095178842544556, 0.26538383960723877, 0.24134567379951477, 0.21892699599266052, 0.19687160849571228, 0.18113389611244202, 0.16742201149463654, 0.1595834493637085, 0.15700802206993103, 0.15531201660633087, 0.15459954738616943, 0.1548883020877838, 0.15442554652690887, 0.15433025360107422, 0.15339644253253937, 0.15324561297893524, 0.15427802503108978, 0.15489675104618073, 0.1539583057165146, 0.15385518968105316, 0.1545475721359253, 0.15478594601154327, 0.15420672297477722, 0.15384261310100555, 0.15421612560749054, 0.15362510085105896, 0.15394872426986694, 0.15447351336479187, 0.15370748937129974], "mse": [1.9365578889846802, 0.5917115807533264, 0.511478841304779, 0.4362334609031677, 0.36720678210258484, 0.3135853409767151, 0.2686077654361725, 0.22865961492061615, 0.1980404406785965, 0.16452522575855255, 0.13934974372386932, 0.11664910614490509, 0.09861879050731659, 0.08268702030181885, 0.06859282404184341, 0.06018226593732834, 0.05412055924534798, 0.05164148285984993, 0.05118384584784508, 0.05069487914443016, 0.05058945342898369, 0.051210302859544754, 0.050705887377262115, 0.05066173896193504, 0.05040721222758293, 0.05035395175218582, 0.050803277641534805, 0.05100801959633827, 0.050494756549596786, 0.05035706236958504, 0.05113133788108826, 0.05074610188603401, 0.05081416293978691, 0.050441548228263855, 0.050725992769002914, 0.05036107823252678, 0.0508846789598465, 0.0510648638010025, 0.05033997446298599], "mape": [8.464384078979492, 5.794806957244873, 5.372269630432129, 4.969114780426025, 4.542795658111572, 4.194518089294434, 3.8786540031433105, 3.576314926147461, 3.3162975311279297, 3.0165963172912598, 2.7622275352478027, 2.5217385292053223, 2.2953619956970215, 2.084665536880493, 1.8776150941848755, 1.7320071458816528, 1.6056737899780273, 1.5361943244934082, 1.514668583869934, 1.5006721019744873, 1.4938762187957764, 1.4974536895751953, 1.493234395980835, 1.4921454191207886, 1.4831193685531616, 1.4819074869155884, 1.4918737411499023, 1.4972279071807861, 1.4883313179016113, 1.487703800201416, 1.4937571287155151, 1.4961626529693604, 1.4915432929992676, 1.4863630533218384, 1.4910385608673096, 1.4853081703186035, 1.4878895282745361, 1.492706298828125, 1.4858462810516357], "val_loss": [0.30507296323776245, 0.17219631373882294, 0.07972674816846848, 0.08852297067642212, 0.05932627245783806, 0.05172663927078247, 0.03618968278169632, 0.047146886587142944, 0.03298395127058029, 0.037330374121665955, 0.04618952050805092, 0.04474831372499466, 0.03451196849346161, 0.034703243523836136, 0.03849180415272713, 0.034995805472135544, 0.04114839434623718, 0.03923169523477554, 0.04178418964147568, 0.040855515748262405, 0.03779289498925209, 0.041524916887283325, 0.03850376233458519, 0.03746025264263153, 0.036742035299539566, 0.0376722477376461, 0.041025083512067795, 0.04045165702700615, 0.03760660067200661, 0.03978295996785164, 0.03756517916917801, 0.03680512681603432, 0.04423185810446739, 0.03759368136525154, 0.03795876353979111, 0.04330047592520714, 0.03655819967389107, 0.043079618364572525, 0.04043755680322647], "val_mae": [0.16112881898880005, 0.16893666982650757, 0.10569799691438675, 0.1858651041984558, 0.15603519976139069, 0.14275005459785461, 0.09092935174703598, 0.14608369767665863, 0.08324384689331055, 0.1050322875380516, 0.12978528439998627, 0.11651995033025742, 0.0846584364771843, 0.09074453264474869, 0.09200641512870789, 0.08319611847400665, 0.11178365349769592, 0.09230093657970428, 0.09507185220718384, 0.09169811755418777, 0.08376923203468323, 0.10159099847078323, 0.09023946523666382, 0.08543696999549866, 0.08061375468969345, 0.08287524431943893, 0.10081977397203445, 0.10023271292448044, 0.0902417004108429, 0.09714445471763611, 0.0894414559006691, 0.08543816208839417, 0.11501604318618774, 0.09012426435947418, 0.09161842614412308, 0.1082712933421135, 0.08431968092918396, 0.11100553721189499, 0.10770358145236969], "val_mse": [0.05182909965515137, 0.0508849211037159, 0.03071221336722374, 0.06491274386644363, 0.0444113165140152, 0.03955445811152458, 0.02519851177930832, 0.03706980496644974, 0.02275204099714756, 0.027503715828061104, 0.03608894348144531, 0.03484372794628143, 0.024130497127771378, 0.024024957790970802, 0.027841461822390556, 0.02367236278951168, 0.030394012108445168, 0.028713129460811615, 0.0304681695997715, 0.030188778415322304, 0.027682453393936157, 0.03176788613200188, 0.029205448925495148, 0.028146469965577126, 0.02738027460873127, 0.028680354356765747, 0.03180946782231331, 0.031494129449129105, 0.02903641015291214, 0.030979257076978683, 0.028605127707123756, 0.028213266283273697, 0.0352599062025547, 0.029268475249409676, 0.029603317379951477, 0.03537829592823982, 0.028359564021229744, 0.034957509487867355, 0.03241995349526405], "val_mape": [1.5297131538391113, 1.5957136154174805, 1.0125271081924438, 1.8363608121871948, 1.491307020187378, 1.3575198650360107, 0.8821247816085815, 1.382520079612732, 0.8092876076698303, 1.007606863975525, 1.238276720046997, 1.1519328355789185, 0.8376967310905457, 0.882911741733551, 0.9156845211982727, 0.810502290725708, 1.072003722190857, 0.9148902297019958, 0.9426788091659546, 0.9025601744651794, 0.8309271931648254, 1.0049152374267578, 0.8952909111976624, 0.84307461977005, 0.8018159866333008, 0.825438916683197, 0.9809642434120178, 0.9747182130813599, 0.8858376145362854, 0.9510586261749268, 0.8789634704589844, 0.8465133905410767, 1.1256518363952637, 0.8926752209663391, 0.9090781211853027, 1.0587100982666016, 0.8327924609184265, 1.0960261821746826, 1.049201250076294]}