{"loss": [6375032.5, 2424829.5, 1323447.875, 875873.0, 694251.9375, 619788.3125, 842100.25, 520261.28125, 521021.125, 486603.84375, 436786.75, 459159.5, 410917.59375, 430393.0, 388624.25, 369675.65625, 518195.46875, 371427.71875, 420049.65625, 368256.46875, 353934.40625, 358335.0, 371067.25, 366116.21875, 352599.09375, 379343.9375, 337205.4375, 335179.9375, 353999.96875, 343817.375, 354758.28125, 342446.25, 322308.78125, 328936.78125, 335662.25, 326366.78125, 345794.625, 321763.5, 311995.46875], "mae": [512.289306640625, 399.2041015625, 305.2237854003906, 243.77862548828125, 199.98133850097656, 179.81837463378906, 166.22755432128906, 156.6126251220703, 147.4330596923828, 144.931884765625, 137.30311584472656, 135.12855529785156, 126.40524291992188, 121.42367553710938, 118.8624038696289, 118.39657592773438, 121.3219223022461, 116.91766357421875, 117.56041717529297, 120.65825653076172, 116.02762603759766, 116.63631439208984, 116.0247802734375, 116.3724594116211, 114.06941986083984, 114.54193115234375, 114.88842010498047, 114.03915405273438, 116.0962905883789, 114.94029998779297, 115.63163757324219, 112.01166534423828, 106.12786865234375, 107.92644500732422, 114.98526000976562, 114.10975646972656, 116.46570587158203, 114.48784637451172, 111.44105529785156], "mse": [6375032.0, 2424828.0, 1323445.25, 875869.875, 694247.1875, 619783.3125, 842094.875, 520255.5, 521015.28125, 486598.0625, 436780.78125, 459153.25, 410911.5625, 430386.09375, 388617.6875, 369669.5, 518189.5, 371421.40625, 420043.15625, 368250.125, 353928.3125, 358328.59375, 371060.65625, 366109.46875, 352592.71875, 379337.1875, 337198.8125, 335172.90625, 353992.78125, 343810.78125, 354752.15625, 342439.40625, 322301.90625, 328929.65625, 335655.5, 326359.90625, 345787.53125, 321756.53125, 311988.25], "mape": [2037.5859375, 1531.7283935546875, 975.2555541992188, 661.9636840820312, 492.61810302734375, 423.9503173828125, 391.0959777832031, 362.69927978515625, 324.3882141113281, 329.7024230957031, 317.36236572265625, 324.7677917480469, 307.9887390136719, 282.1756286621094, 279.5925598144531, 299.3978576660156, 301.3252868652344, 287.0980224609375, 278.0893249511719, 324.6707458496094, 296.87103271484375, 304.564208984375, 295.7197570800781, 298.45428466796875, 282.94281005859375, 285.1829528808594, 304.5181884765625, 305.9332580566406, 316.0115966796875, 308.3000793457031, 319.7672119140625, 296.2148132324219, 252.2139434814453, 266.75335693359375, 326.4144592285156, 333.8902282714844, 354.5850524902344, 359.41583251953125, 345.4293518066406], "val_loss": [1250238.875, 839361.4375, 625841.5, 566125.0625, 459020.96875, 448758.21875, 618774.0, 389158.09375, 460574.03125, 571271.1875, 1100765.75, 510538.28125, 694064.3125, 1369176.375, 421830.03125, 314159.09375, 353967.84375, 419536.125, 379494.03125, 325003.125, 350292.125, 318916.375, 329781.53125, 381325.9375, 288682.59375, 377640.125, 335373.59375, 301839.09375, 239636.140625, 373464.34375, 274493.5, 335595.78125, 314838.8125, 294700.625, 275177.1875, 341095.96875, 274878.65625, 276881.3125, 398880.40625], "val_mae": [329.4373779296875, 249.05577087402344, 186.36521911621094, 165.99920654296875, 131.81378173828125, 103.44820404052734, 123.37593841552734, 116.33768463134766, 97.84141540527344, 87.49872589111328, 96.14872741699219, 113.0872573852539, 64.91329956054688, 101.6430435180664, 105.38220977783203, 79.45796966552734, 73.79821014404297, 82.14373779296875, 87.92633819580078, 72.32151794433594, 73.82601165771484, 64.10208129882812, 85.13231658935547, 80.50100708007812, 55.394588470458984, 71.44477081298828, 74.19303131103516, 106.83064270019531, 65.95649719238281, 85.8936767578125, 104.31625366210938, 70.8439712524414, 82.31897735595703, 74.41132354736328, 81.28578186035156, 74.30294036865234, 75.96915435791016, 68.81074523925781, 119.45764923095703], "val_mse": [1250237.125, 839359.4375, 625838.375, 566120.875, 459016.03125, 448753.0625, 618768.4375, 389152.59375, 460568.125, 571265.3125, 1100759.5, 510532.09375, 694057.125, 1369169.375, 421823.78125, 314152.84375, 353961.8125, 419530.53125, 379487.3125, 324996.4375, 350285.625, 318909.5625, 329775.09375, 381319.15625, 288676.0, 377633.9375, 335366.8125, 301832.3125, 239629.15625, 373457.4375, 274486.53125, 335588.40625, 314831.71875, 294693.375, 275169.96875, 341088.65625, 274871.625, 276874.125, 398873.0625], "val_mape": [1230.1827392578125, 649.0543823242188, 486.80548095703125, 598.3677978515625, 343.65771484375, 268.869384765625, 613.6844482421875, 296.7640075683594, 252.4589385986328, 300.818603515625, 391.98797607421875, 405.0230712890625, 273.0191345214844, 460.1025390625, 437.0235290527344, 231.9655303955078, 189.2640380859375, 216.72467041015625, 427.9837646484375, 346.0584411621094, 253.25747680664062, 257.9286193847656, 244.55653381347656, 213.43922424316406, 207.44122314453125, 385.96673583984375, 304.91290283203125, 333.0034484863281, 263.5655822753906, 274.00970458984375, 288.9180603027344, 365.47247314453125, 245.1875457763672, 256.1456298828125, 356.08856201171875, 395.31109619140625, 331.65509033203125, 270.48406982421875, 512.0172729492188]}