{"loss": [6627079.5, 1397196.75, 755612.75, 600662.875, 571121.125, 516490.3125, 462608.34375, 460759.4375, 450290.5, 416914.34375, 397596.8125, 390383.59375, 369838.03125, 365115.90625, 347725.75, 335515.125, 345501.625, 327541.53125, 324225.28125, 373672.53125, 340524.96875, 304922.75, 330459.46875, 295606.875, 324170.40625, 297894.28125, 289479.53125, 307050.625, 307812.3125, 290187.6875, 287764.21875, 286511.78125, 285760.90625, 275274.875, 276688.625, 274767.125, 282288.59375, 253098.1875, 266294.78125, 253490.015625, 258709.109375], "mae": [453.01397705078125, 305.87884521484375, 217.30490112304688, 172.3968505859375, 157.40713500976562, 150.762939453125, 138.9323272705078, 138.0006103515625, 132.60247802734375, 128.60215759277344, 122.56615447998047, 119.61365509033203, 115.25492858886719, 111.28871154785156, 109.82701110839844, 106.78363037109375, 108.74640655517578, 105.3011474609375, 105.23795318603516, 106.78146362304688, 103.15415954589844, 101.51095581054688, 103.22341918945312, 100.6539535522461, 102.47494506835938, 100.50167846679688, 98.24113464355469, 101.5832748413086, 100.35221099853516, 99.5782470703125, 98.14110565185547, 98.78234100341797, 96.85151672363281, 95.92001342773438, 95.09464263916016, 94.59698486328125, 96.05168914794922, 91.32799530029297, 93.98252868652344, 92.13265991210938, 91.69795989990234], "mse": [6627075.5, 1397192.25, 755607.5, 600655.0, 571113.0625, 516480.5625, 462598.59375, 460749.125, 450279.625, 416903.09375, 397585.09375, 390371.03125, 369826.125, 365103.25, 347712.3125, 335501.8125, 345487.4375, 327527.34375, 324210.65625, 373657.4375, 340508.3125, 304906.0625, 330442.5625, 295589.03125, 324152.625, 297873.875, 289460.0625, 307030.09375, 307791.65625, 290166.59375, 287742.03125, 286490.5, 285738.375, 275251.96875, 276665.625, 274744.0625, 282264.40625, 253073.96875, 266269.21875, 253464.21875, 258683.078125], "mape": [1775.5054931640625, 1157.3134765625, 719.5740356445312, 488.19952392578125, 433.5384826660156, 425.5724182128906, 377.5966491699219, 384.0577392578125, 367.276123046875, 359.7919921875, 348.8431701660156, 337.0623779296875, 328.75909423828125, 320.4847106933594, 318.6290588378906, 308.4322204589844, 319.6325988769531, 310.05865478515625, 311.9499816894531, 318.6253662109375, 290.53851318359375, 300.7261657714844, 298.7989501953125, 291.378173828125, 298.286376953125, 284.8819580078125, 282.422607421875, 299.0756530761719, 286.22052001953125, 286.7000427246094, 276.7667236328125, 279.48248291015625, 276.2583923339844, 268.7946472167969, 272.2544860839844, 262.21923828125, 271.0133361816406, 256.28857421875, 263.28277587890625, 253.73866271972656, 251.14691162109375], "val_loss": [1169459.375, 654831.1875, 565224.5625, 580037.1875, 507072.53125, 361245.8125, 550473.3125, 581706.5, 481620.1875, 647839.875, 418239.6875, 350744.125, 520742.65625, 996090.5625, 358121.9375, 499663.03125, 437170.09375, 506481.59375, 575015.375, 345685.03125, 330410.28125, 448538.65625, 493874.9375, 496530.0625, 453685.9375, 324239.15625, 391045.0625, 282149.625, 419782.84375, 518204.96875, 279759.75, 392975.78125, 318884.3125, 489542.59375, 520138.0625, 411509.78125, 417717.53125, 290919.6875, 434296.75, 366475.5625, 502637.0625], "val_mae": [284.439697265625, 186.3289794921875, 129.72023010253906, 142.91123962402344, 114.78498840332031, 99.72237396240234, 111.94692993164062, 143.55361938476562, 129.60791015625, 95.4477767944336, 89.3492202758789, 88.9605712890625, 81.14647674560547, 109.21798706054688, 88.15521240234375, 103.22040557861328, 80.60692596435547, 87.14273834228516, 95.01764678955078, 91.71512603759766, 100.0907211303711, 77.6058578491211, 77.01144409179688, 122.80493927001953, 80.09175872802734, 70.34587860107422, 71.85579681396484, 123.83766174316406, 115.01141357421875, 84.96808624267578, 99.3046875, 78.07001495361328, 87.00983428955078, 89.62704467773438, 82.16769409179688, 77.33075714111328, 88.86243438720703, 75.24700927734375, 105.75724792480469, 101.03280639648438, 72.61368560791016], "val_mse": [1169455.0, 654826.125, 565217.8125, 580029.3125, 507063.71875, 361235.71875, 550462.75, 581696.0625, 481609.0, 647828.6875, 418227.8125, 350731.53125, 520729.09375, 996076.875, 358108.625, 499649.25, 437155.65625, 506466.71875, 575000.3125, 345669.25, 330393.59375, 448522.53125, 493857.46875, 496512.5625, 453666.8125, 324219.65625, 391025.6875, 282129.125, 419762.40625, 518183.53125, 279738.3125, 392954.21875, 318862.0625, 489520.625, 520114.84375, 411486.09375, 417692.5625, 290895.0, 434271.3125, 366449.8125, 502610.59375], "val_mape": [1233.63330078125, 616.7490234375, 370.6017150878906, 373.80792236328125, 336.04833984375, 340.640380859375, 465.7076110839844, 623.3134765625, 403.03118896484375, 230.21188354492188, 286.0583801269531, 363.8122863769531, 361.9032897949219, 561.963623046875, 364.6456604003906, 466.98797607421875, 339.375244140625, 239.08599853515625, 421.077392578125, 367.4723205566406, 322.40264892578125, 393.8211975097656, 289.3368835449219, 563.8670043945312, 287.0599670410156, 288.9981384277344, 267.635498046875, 250.87664794921875, 479.2287902832031, 247.73834228515625, 355.213623046875, 428.992919921875, 272.0711364746094, 466.3987121582031, 379.358154296875, 447.4791564941406, 293.9909362792969, 212.43817138671875, 363.1314697265625, 285.0122985839844, 403.95721435546875]}