{"loss": [4750305.0, 1964908.875, 1365325.125, 761388.875, 650533.5, 583167.5, 510568.03125, 460723.1875, 1466571.875, 427492.6875, 412413.34375, 406133.34375, 372347.9375, 382015.375, 351755.1875, 366266.46875, 336291.65625, 346097.40625, 321819.125, 324238.5], "mae": [481.83355712890625, 330.74920654296875, 270.44171142578125, 223.5601348876953, 182.4513397216797, 166.6164093017578, 151.97286987304688, 142.55917358398438, 139.2395477294922, 134.14822387695312, 128.24072265625, 127.18360137939453, 119.06585693359375, 118.62757110595703, 113.24141693115234, 113.40522003173828, 110.93211364746094, 111.6738510131836, 107.73616027832031, 106.19477081298828], "mse": [4750291.5, 1964872.25, 1365270.25, 761320.1875, 650459.625, 583086.4375, 510483.84375, 460636.90625, 1466483.125, 427400.0, 412318.75, 406039.5625, 372251.28125, 381918.5, 351657.3125, 366167.09375, 336189.8125, 345993.34375, 321714.75, 324131.53125], "mape": [1913.9273681640625, 1215.8065185546875, 860.2687377929688, 680.3861083984375, 485.4532165527344, 456.534912109375, 388.1999816894531, 381.3468017578125, 392.48443603515625, 363.12066650390625, 359.579833984375, 374.5516357421875, 346.3519592285156, 356.4105529785156, 337.54840087890625, 338.2308654785156, 328.1515197753906, 332.6731872558594, 314.2719421386719, 311.42303466796875], "val_loss": [5156201.5, 3381716.0, 1261573.625, 927291.5, 878494.3125, 883903.625, 1749957.625, 2792204.75, 1596648.75, 571645.0625, 934853.9375, 1667279.75, 1180952.625, 4239076.5, 2104958.0, 1055289.125, 3521629.75, 2903106.75, 4227807.5, 6561987.0], "val_mae": [330.7535400390625, 223.0929412841797, 205.91944885253906, 164.71603393554688, 136.92324829101562, 170.0300750732422, 105.71795654296875, 96.95011901855469, 110.32052612304688, 102.17089080810547, 94.37770080566406, 102.74942016601562, 107.69095611572266, 125.84691619873047, 108.23721313476562, 100.6060791015625, 75.28411865234375, 97.38243103027344, 92.80958557128906, 95.35832977294922], "val_mse": [5156178.5, 3381674.75, 1261510.5, 927219.875, 878417.875, 883821.5, 1749871.375, 2792123.75, 1596558.125, 571551.8125, 934759.5625, 1667185.0, 1180854.125, 4238983.0, 2104857.75, 1055189.25, 3521538.5, 2903006.5, 4227712.0, 6561879.0], "val_mape": [1197.75732421875, 634.60400390625, 842.530029296875, 488.208740234375, 544.9138793945312, 246.4243927001953, 403.937744140625, 371.60906982421875, 268.3299865722656, 228.71641540527344, 223.42759704589844, 381.916748046875, 262.53912353515625, 403.7290344238281, 375.4100341796875, 240.41717529296875, 283.0626525878906, 471.2512512207031, 366.48443603515625, 207.31549072265625]}