{"loss": [6814347.0, 1845214.125, 1012202.5625, 707300.5, 625361.4375, 542042.125, 517835.5625, 482777.875, 682680.75, 423285.375, 416341.625, 406003.1875, 421057.28125, 389680.09375, 384461.5625, 363211.40625, 408027.15625, 358062.09375, 362222.5, 349513.09375, 363714.0625, 334061.9375, 345145.5625, 329125.375, 447167.8125, 332478.28125, 299384.5, 316211.8125, 306720.75, 319258.71875, 311828.25, 300540.65625, 303666.96875], "mae": [486.9532165527344, 358.61834716796875, 276.06414794921875, 211.2645721435547, 176.62721252441406, 159.9455108642578, 150.5712127685547, 144.0801544189453, 139.14901733398438, 125.16015625, 122.05947875976562, 119.70525360107422, 122.52549743652344, 114.7651138305664, 119.54618072509766, 114.61963653564453, 113.94003295898438, 113.31603240966797, 114.86481475830078, 113.88882446289062, 112.48495483398438, 109.7778091430664, 110.31643676757812, 109.20873260498047, 111.07357025146484, 106.63591766357422, 103.63444519042969, 105.37106323242188, 105.22540283203125, 106.08348083496094, 105.33433532714844, 103.19828033447266, 105.07564544677734], "mse": [6814344.5, 1845210.125, 1012198.5, 707294.25, 625355.0625, 542035.4375, 517828.5, 482770.75, 682674.1875, 423277.09375, 416334.125, 405995.53125, 421050.0, 389672.03125, 384453.28125, 363203.34375, 408018.5625, 358053.5, 362212.875, 349503.84375, 363704.3125, 334051.34375, 345134.84375, 329114.625, 447156.6875, 332466.71875, 299372.125, 316199.5, 306708.0625, 319246.0625, 311815.3125, 300527.65625, 303654.46875], "mape": [1903.93359375, 1330.621826171875, 932.443115234375, 650.779052734375, 462.52398681640625, 429.0723876953125, 391.7047119140625, 389.3717346191406, 345.1372375488281, 298.3943176269531, 308.6988220214844, 312.1060791015625, 351.3186340332031, 303.1061706542969, 355.8138122558594, 325.3602294921875, 328.6404113769531, 345.8327941894531, 350.3201904296875, 354.5716247558594, 334.4404296875, 325.2043151855469, 333.6419372558594, 323.8865051269531, 326.3569641113281, 305.5189208984375, 305.2470703125, 308.67718505859375, 303.2905578613281, 311.5249328613281, 303.3047790527344, 296.9981384277344, 313.6161804199219], "val_loss": [1337579.25, 764649.75, 650220.8125, 576078.5, 407634.125, 391813.40625, 497108.9375, 620021.4375, 479204.625, 450030.3125, 396970.28125, 494779.15625, 315114.25, 468649.40625, 345278.15625, 472142.0, 408070.28125, 422188.125, 338527.6875, 352916.75, 681718.1875, 405921.625, 281454.15625, 288356.5625, 347269.53125, 323167.21875, 331370.125, 367647.5625, 328473.75, 455851.71875, 518497.40625, 430244.4375, 376500.59375], "val_mae": [326.46710205078125, 222.69326782226562, 166.50338745117188, 137.885009765625, 118.21675109863281, 105.5705337524414, 110.99278259277344, 107.39044189453125, 102.2546615600586, 91.32768249511719, 100.61283874511719, 92.46821594238281, 64.51915740966797, 85.24314880371094, 98.65042877197266, 70.10626983642578, 84.68312072753906, 86.71578979492188, 77.01529693603516, 99.47380065917969, 71.11323547363281, 87.53797149658203, 75.1555404663086, 78.1890869140625, 80.81446075439453, 77.86045837402344, 109.15591430664062, 146.01553344726562, 79.33019256591797, 110.0123519897461, 88.12533569335938, 97.05773162841797, 73.82294464111328], "val_mse": [1337577.125, 764645.9375, 650215.5625, 576072.5, 407627.84375, 391807.0625, 497102.0625, 620014.0625, 479197.34375, 450022.5625, 396962.6875, 494771.9375, 315106.625, 468641.21875, 345270.15625, 472133.03125, 408061.40625, 422179.0, 338518.0, 352907.21875, 681707.9375, 405911.5, 281443.4375, 288345.65625, 347258.0625, 323155.6875, 331358.21875, 367634.96875, 328461.0625, 455839.5, 518484.46875, 430231.28125, 376487.59375], "val_mape": [1316.277587890625, 667.3694458007812, 393.34417724609375, 430.3543395996094, 518.8590698242188, 370.1529235839844, 266.93157958984375, 551.3676147460938, 303.0433654785156, 246.96286010742188, 283.6582336425781, 405.1937255859375, 166.01626586914062, 335.02789306640625, 591.277099609375, 274.0409851074219, 234.80726623535156, 242.47177124023438, 322.2829895019531, 296.60400390625, 281.324951171875, 344.1331481933594, 267.9956359863281, 239.20977783203125, 260.46087646484375, 311.2386474609375, 355.2177734375, 276.3528137207031, 251.8246307373047, 287.6914978027344, 381.7189025878906, 472.2718200683594, 329.6512451171875]}