{"loss": [7183183.0, 1500813.625, 900578.75, 676016.0, 601030.625, 546274.8125, 478395.875, 482081.90625, 446708.375, 401264.46875, 392495.78125, 380572.875, 380263.65625, 352335.1875, 368281.03125, 335030.5625, 341423.375, 341445.5625, 339126.53125, 363423.40625, 329621.84375], "mae": [460.55560302734375, 318.4075622558594, 238.74063110351562, 194.1924285888672, 170.5684051513672, 163.5779571533203, 147.21202087402344, 141.08677673339844, 131.99432373046875, 128.2035675048828, 121.18689727783203, 119.02672576904297, 116.39230346679688, 112.14934539794922, 113.46770477294922, 110.2208251953125, 110.91205596923828, 109.7116928100586, 109.91292572021484, 111.83778381347656, 107.5998306274414], "mse": [7183182.5, 1500810.625, 900574.625, 676009.0625, 601024.75, 546268.3125, 478388.71875, 482074.625, 446700.375, 401256.03125, 392486.84375, 380564.78125, 380254.59375, 352326.3125, 368271.71875, 335020.5625, 341413.84375, 341436.34375, 339116.78125, 363413.125, 329612.875], "mape": [1727.720458984375, 1075.403564453125, 766.388916015625, 562.6054077148438, 448.61474609375, 456.0423889160156, 408.67828369140625, 377.3025817871094, 331.38641357421875, 353.5180969238281, 330.4330139160156, 344.97998046875, 333.6754150390625, 309.8276062011719, 333.3609924316406, 317.30743408203125, 322.0670471191406, 315.3929138183594, 310.6412658691406, 323.4357604980469, 308.14666748046875], "val_loss": [1304512.875, 834885.0625, 631933.9375, 608143.75, 386521.5625, 457686.1875, 753690.8125, 541071.75, 420551.6875, 486671.03125, 303044.6875, 463719.78125, 341818.40625, 621089.8125, 326768.9375, 339112.65625, 339964.09375, 405216.75, 482482.125, 470893.65625, 351989.34375], "val_mae": [327.4198303222656, 214.26498413085938, 143.06146240234375, 168.56314086914062, 102.21878051757812, 107.70622253417969, 129.85748291015625, 92.01849365234375, 94.32279205322266, 88.43892669677734, 79.9137954711914, 83.59716796875, 78.417236328125, 104.22711181640625, 87.17139434814453, 86.3688735961914, 75.67413330078125, 88.88317108154297, 83.7667236328125, 100.40997314453125, 70.64651489257812], "val_mse": [1304510.375, 834881.9375, 631928.875, 608137.25, 386514.71875, 457679.78125, 753682.8125, 541063.875, 420543.5625, 486662.75, 303036.71875, 463711.375, 341809.59375, 621080.6875, 326759.71875, 339103.21875, 339954.28125, 405207.25, 482472.375, 470884.46875, 351979.3125], "val_mape": [1328.74267578125, 473.6189270019531, 334.8940124511719, 343.8460998535156, 333.92120361328125, 323.0939636230469, 529.5597534179688, 214.6143798828125, 351.102783203125, 314.0337219238281, 339.3240051269531, 246.06021118164062, 424.1925354003906, 510.22869873046875, 297.4031066894531, 345.8304138183594, 283.51470947265625, 267.3759460449219, 389.86529541015625, 376.9481506347656, 259.8390197753906]}