{"loss": [7513468.0, 1275211.375, 715996.875, 579049.375, 532733.1875, 507563.0, 548438.0625, 437064.03125, 423280.875, 396665.03125, 387596.65625, 372774.40625, 354055.375, 350670.0, 321906.21875, 328312.875, 333321.28125, 315262.03125, 306440.4375, 313675.0, 313445.75, 293145.40625, 323248.5, 288851.53125, 295582.0625, 287077.75, 283042.21875], "mae": [446.0902099609375, 295.7275695800781, 201.49891662597656, 165.63400268554688, 153.90086364746094, 146.91233825683594, 140.62490844726562, 134.25540161132812, 129.50558471679688, 126.01216125488281, 121.9453353881836, 118.22591400146484, 113.5848617553711, 110.33000183105469, 105.36640930175781, 107.08062744140625, 107.35350036621094, 103.77680969238281, 102.63245391845703, 103.85657501220703, 103.31852722167969, 98.929931640625, 101.89774322509766, 98.82884979248047, 100.53141021728516, 98.0223617553711, 97.53594970703125], "mse": [7513466.0, 1275206.875, 715990.8125, 579041.5, 532724.5625, 507553.53125, 548428.0625, 437052.8125, 423269.9375, 396654.03125, 387585.375, 372762.1875, 354042.6875, 350656.375, 321892.40625, 328299.3125, 333307.21875, 315246.84375, 306425.0625, 313658.59375, 313429.46875, 293128.5, 323230.09375, 288832.09375, 295562.6875, 287057.40625, 283022.78125], "mape": [1732.21923828125, 1077.675048828125, 616.0687255859375, 462.989501953125, 424.2191162109375, 411.0282897949219, 400.8470153808594, 387.9245300292969, 374.40069580078125, 359.5905456542969, 351.080322265625, 339.5435791015625, 331.933349609375, 320.9954528808594, 300.3843688964844, 319.10394287109375, 315.765625, 305.5035705566406, 301.49127197265625, 305.0308837890625, 301.2511901855469, 278.9471435546875, 301.41015625, 285.5423889160156, 287.3115539550781, 275.96710205078125, 275.44598388671875], "val_loss": [1274868.875, 813173.25, 645083.0, 653844.0, 555400.0625, 465601.15625, 918555.0625, 378405.09375, 496160.625, 337992.125, 331611.9375, 315731.59375, 414165.4375, 475697.96875, 342901.65625, 318793.9375, 275664.8125, 455756.96875, 644929.1875, 485694.78125, 437486.65625, 416554.9375, 358018.125, 473887.875, 303717.34375, 422416.4375, 399814.53125], "val_mae": [305.27288818359375, 197.6847381591797, 139.9806671142578, 138.1082305908203, 116.62748718261719, 125.12972259521484, 131.0024871826172, 110.91136932373047, 109.75130462646484, 99.79014587402344, 107.69413757324219, 82.88163757324219, 102.0620346069336, 101.43942260742188, 97.8769302368164, 71.67366790771484, 68.55193328857422, 74.24803161621094, 101.75225830078125, 87.29497528076172, 118.28529357910156, 103.90849304199219, 79.06800079345703, 88.19780731201172, 81.1623306274414, 78.21849822998047, 76.1347885131836], "val_mse": [1274865.75, 813167.6875, 645076.4375, 653836.1875, 555391.5, 465590.9375, 918545.125, 378394.96875, 496149.78125, 337981.40625, 331600.4375, 315718.9375, 414152.6875, 475684.65625, 342887.59375, 318779.71875, 275649.75, 455741.625, 644912.75, 485678.03125, 437469.5, 416537.59375, 358000.375, 473869.28125, 303697.6875, 422396.09375, 399793.96875], "val_mape": [1378.41455078125, 456.07281494140625, 435.00537109375, 190.30368041992188, 392.7857360839844, 344.5052490234375, 747.8450927734375, 466.07598876953125, 352.0806579589844, 334.10638427734375, 326.9987487792969, 231.2457733154297, 343.87982177734375, 518.2525634765625, 404.45513916015625, 249.77279663085938, 228.9226531982422, 291.923583984375, 433.1469421386719, 490.85009765625, 338.6817932128906, 421.517578125, 307.60321044921875, 485.41241455078125, 227.90206909179688, 443.08258056640625, 252.0779266357422]}