{"loss": [4320518.0, 2392657.5, 1184347.375, 810911.875, 672703.1875, 597404.3125, 525931.75, 489319.84375, 452498.125, 411170.03125, 425422.375, 388500.03125, 392254.4375, 372354.3125, 365654.4375, 379395.9375, 355408.59375, 353129.625, 345231.125, 361405.75, 342676.96875, 335272.34375, 349575.875, 320599.71875, 415124.375, 331666.9375, 317907.15625, 329392.96875, 310030.4375, 326135.96875, 312723.78125, 303604.03125, 305742.28125, 308819.34375, 325059.1875, 302981.46875, 309578.15625, 298398.875], "mae": [524.6576538085938, 413.1453552246094, 321.87139892578125, 253.57672119140625, 209.6618194580078, 187.47010803222656, 169.77810668945312, 153.24624633789062, 143.5178680419922, 133.60939025878906, 132.44374084472656, 135.97825622558594, 131.00009155273438, 125.0112075805664, 124.76724243164062, 123.91036987304688, 122.5802001953125, 121.64070129394531, 118.68206024169922, 121.6207275390625, 116.46124267578125, 114.9439468383789, 116.80545043945312, 111.27162170410156, 113.72464752197266, 110.88521575927734, 109.44880676269531, 110.49887084960938, 110.2243423461914, 108.95570373535156, 109.7773208618164, 107.71212005615234, 109.47502136230469, 108.8005142211914, 109.9015884399414, 107.93091583251953, 108.031494140625, 106.37410736083984], "mse": [4320517.0, 2392656.0, 1184343.75, 810908.25, 672698.8125, 597399.0625, 525926.8125, 489314.25, 452492.4375, 411164.125, 425415.53125, 388493.09375, 392248.0625, 372347.71875, 365647.21875, 379389.375, 355401.125, 353122.375, 345223.71875, 361398.875, 342668.6875, 335265.0, 349568.0, 320591.46875, 415116.5625, 331658.84375, 317899.09375, 329384.3125, 310021.78125, 326127.5, 312715.6875, 303595.0, 305733.375, 308810.875, 325050.78125, 302972.6875, 309569.65625, 298390.3125], "mape": [2117.194091796875, 1632.63427734375, 1116.3765869140625, 736.4319458007812, 575.918212890625, 532.6177978515625, 465.345947265625, 421.1092529296875, 385.633544921875, 360.2884216308594, 367.37652587890625, 422.1180419921875, 398.97161865234375, 347.2690734863281, 352.70458984375, 341.3230895996094, 340.0537414550781, 341.0782775878906, 327.21710205078125, 344.8448791503906, 312.7587585449219, 301.01776123046875, 319.67132568359375, 291.12994384765625, 299.4584045410156, 283.3074645996094, 269.8470458984375, 280.7942199707031, 291.98602294921875, 277.5460510253906, 293.75860595703125, 286.67547607421875, 293.2228698730469, 295.9452819824219, 304.5719909667969, 296.8836669921875, 286.4042663574219, 281.4575500488281], "val_loss": [1284864.25, 858642.25, 700801.8125, 654274.3125, 471350.84375, 390264.875, 513271.28125, 336446.65625, 388091.28125, 307051.78125, 299982.78125, 378116.46875, 331612.4375, 675505.375, 433591.375, 274485.3125, 306561.15625, 281224.96875, 263630.1875, 332069.3125, 347049.5, 268557.625, 247965.828125, 378781.625, 281979.8125, 242225.96875, 356026.25, 233478.203125, 547076.5, 358898.5, 253888.46875, 309636.25, 296890.96875, 304577.5, 272311.96875, 302641.71875, 238787.09375, 271512.09375], "val_mae": [349.3195495605469, 252.93385314941406, 204.33750915527344, 174.57989501953125, 141.2698211669922, 106.11444091796875, 101.42668151855469, 114.72061157226562, 90.22899627685547, 76.59324645996094, 91.6344223022461, 98.38191986083984, 70.46159362792969, 94.97301483154297, 79.58704376220703, 85.50598907470703, 98.10833740234375, 78.04396057128906, 65.70162963867188, 74.6088638305664, 76.47673034667969, 61.53404235839844, 64.8338851928711, 79.55088806152344, 64.07054138183594, 72.53872680664062, 89.82575225830078, 83.31343841552734, 81.0943374633789, 73.15752410888672, 74.7350082397461, 87.05941009521484, 78.91971588134766, 96.1181411743164, 77.47383117675781, 61.66505813598633, 69.68659973144531, 68.2646484375], "val_mse": [1284863.0, 858639.625, 700798.625, 654270.0, 471346.53125, 390260.40625, 513265.90625, 336440.75, 388085.1875, 307045.5625, 299976.0, 378109.96875, 331605.71875, 675499.0625, 433584.09375, 274478.5625, 306554.4375, 281217.8125, 263622.96875, 332061.90625, 347041.9375, 268549.8125, 247957.671875, 378773.625, 281972.125, 242217.875, 356018.4375, 233470.15625, 547068.5625, 358890.21875, 253880.234375, 309628.125, 296881.9375, 304568.5625, 272302.78125, 302632.40625, 238778.1875, 271503.125], "val_mape": [1221.6715087890625, 668.9354248046875, 562.7069091796875, 297.4128112792969, 525.9662475585938, 323.0340576171875, 451.4787902832031, 271.0037841796875, 243.581298828125, 213.3737030029297, 409.9480895996094, 384.4066162109375, 259.25982666015625, 497.1529235839844, 382.90325927734375, 272.816650390625, 273.7503356933594, 243.65586853027344, 320.3761901855469, 375.8872375488281, 251.14151000976562, 315.4903259277344, 202.38577270507812, 149.70387268066406, 185.285888671875, 258.1018981933594, 279.6910095214844, 323.4320068359375, 427.70159912109375, 232.6177520751953, 271.8910217285156, 314.0860290527344, 318.5578918457031, 271.95379638671875, 280.7114562988281, 224.40640258789062, 200.28073120117188, 258.83905029296875]}