{"loss": [6813245.0, 1675798.875, 837952.5625, 623758.1875, 548136.625, 519329.125, 484585.875, 474825.84375, 432274.09375, 415946.0, 380696.3125, 380233.1875, 355561.625, 338848.3125, 352286.40625, 324623.21875, 375900.28125, 345260.875, 341193.25, 326579.125, 438865.96875, 307907.25, 310377.34375, 733896.25, 311050.03125, 326684.59375, 294822.4375, 308533.03125, 325968.34375, 342943.40625, 286463.0625, 320374.40625, 3187478.75, 301651.71875, 285236.5, 277285.09375, 290838.34375, 283192.1875, 279150.25, 283321.46875, 279710.34375, 317505.625, 269806.9375, 349580.25, 262099.703125, 268733.5625, 270838.4375, 269301.78125, 253450.96875, 259234.515625], "mae": [466.1262512207031, 360.03961181640625, 250.09864807128906, 184.03451538085938, 160.30751037597656, 148.7902374267578, 136.8732452392578, 134.61276245117188, 127.4612045288086, 117.88155364990234, 112.2305908203125, 116.66714477539062, 114.27217102050781, 110.05442810058594, 113.00518798828125, 107.87120819091797, 111.48467254638672, 108.21310424804688, 108.3883285522461, 107.84844970703125, 111.60955810546875, 105.58961486816406, 105.58013916015625, 112.5552749633789, 106.23430633544922, 107.34341430664062, 102.88243865966797, 103.78467559814453, 105.7767105102539, 107.18354797363281, 100.52776336669922, 103.55208587646484, 118.15721893310547, 107.40192413330078, 102.28688049316406, 100.44278717041016, 102.57188415527344, 100.24820709228516, 100.16915893554688, 100.17900848388672, 99.29464721679688, 102.88793182373047, 98.36137390136719, 104.19586944580078, 97.08997344970703, 98.21202087402344, 97.79647064208984, 97.36617279052734, 96.13915252685547, 96.01292419433594], "mse": [6813231.0, 1675771.875, 837909.4375, 623703.3125, 548075.0625, 519265.65625, 484519.03125, 474756.875, 432200.0625, 415870.9375, 380619.9375, 380155.46875, 355481.34375, 338765.375, 352200.65625, 324537.59375, 375813.6875, 345167.59375, 341097.6875, 326479.625, 438766.25, 307798.0625, 310265.78125, 733778.9375, 310925.96875, 326558.09375, 294692.4375, 308401.59375, 325837.0625, 342800.875, 286317.78125, 320227.0625, 3187323.25, 301476.125, 285048.375, 277096.0625, 290648.59375, 283000.84375, 278960.65625, 283134.25, 279523.46875, 317316.03125, 269617.40625, 349383.71875, 261896.0625, 268531.21875, 270634.625, 269097.5, 253247.4375, 259032.90625], "mape": [1751.3948974609375, 1333.6405029296875, 788.905517578125, 500.95416259765625, 400.5559997558594, 361.6880798339844, 331.9947204589844, 341.005126953125, 336.12152099609375, 302.9953918457031, 285.6836242675781, 319.9076232910156, 331.91015625, 319.47674560546875, 336.25140380859375, 320.2506408691406, 317.4252014160156, 326.72021484375, 313.3178405761719, 309.030029296875, 333.1551513671875, 308.566162109375, 311.80792236328125, 302.1020202636719, 309.45086669921875, 309.79046630859375, 287.9188537597656, 292.4617004394531, 295.41766357421875, 306.6458435058594, 279.6108093261719, 288.1517028808594, 290.6476135253906, 280.99334716796875, 281.75701904296875, 275.9633483886719, 283.0021057128906, 274.3951110839844, 271.45404052734375, 274.0334777832031, 266.5083923339844, 283.72900390625, 269.73577880859375, 265.7662658691406, 262.27789306640625, 265.7330627441406, 270.8598937988281, 254.67169189453125, 256.6117858886719, 250.76504516601562], "val_loss": [1294129.375, 820558.25, 588192.5, 433862.65625, 366699.53125, 360435.25, 487976.15625, 424590.09375, 504741.46875, 382553.46875, 353231.03125, 449445.9375, 329697.59375, 412688.03125, 358995.75, 349731.03125, 321087.59375, 314588.34375, 355472.46875, 451746.03125, 397660.65625, 330100.28125, 310604.1875, 300653.46875, 304988.53125, 379238.25, 311272.40625, 313593.125, 340143.4375, 461190.90625, 291227.65625, 1486282.875, 376995.53125, 404527.0625, 353587.78125, 346900.71875, 332699.9375, 278996.15625, 640818.5, 261374.78125, 360609.53125, 344721.71875, 671660.0, 317394.78125, 389897.96875, 257528.90625, 391729.625, 206118.34375, 228989.046875, 246452.703125], "val_mae": [333.36309814453125, 241.54444885253906, 152.02658081054688, 132.92893981933594, 102.1020278930664, 99.17694854736328, 86.30574798583984, 94.37369537353516, 121.77246856689453, 89.16571044921875, 86.8373794555664, 81.15028381347656, 65.80374145507812, 97.18327331542969, 80.90092468261719, 88.12677764892578, 67.84027862548828, 68.58306121826172, 90.32393646240234, 119.780029296875, 78.66088104248047, 72.76869201660156, 69.14315795898438, 76.61383819580078, 72.44984436035156, 73.37997436523438, 80.35916900634766, 80.96192932128906, 81.9546127319336, 93.1796875, 70.29350280761719, 78.87154388427734, 96.94971466064453, 79.58770751953125, 86.62226104736328, 80.09102630615234, 76.5585708618164, 73.80274963378906, 91.98151397705078, 88.03366088867188, 69.37067413330078, 92.86454010009766, 75.65625, 77.74858093261719, 90.45830535888672, 57.98473358154297, 69.41929626464844, 65.16911315917969, 54.83170700073242, 63.13315200805664], "val_mse": [1294106.25, 820523.1875, 588140.875, 433804.9375, 366637.3125, 360369.90625, 487907.625, 424519.625, 504668.0, 382477.25, 353154.71875, 449365.75, 329615.84375, 412603.875, 358910.84375, 349645.40625, 320995.84375, 314492.46875, 355375.625, 451647.875, 397555.0, 329989.5, 310491.65625, 300530.53125, 304863.5625, 379109.46875, 311141.0625, 313461.71875, 340009.625, 461047.84375, 291082.09375, 1486132.0, 376826.09375, 404341.28125, 353399.71875, 346711.65625, 332510.09375, 278805.9375, 640630.3125, 261186.84375, 360423.84375, 344532.8125, 671469.3125, 317191.625, 389694.59375, 257324.125, 391526.125, 205915.046875, 228786.5625, 246252.515625], "val_mape": [1327.4051513671875, 826.0524291992188, 371.3507995605469, 375.9659729003906, 289.9369812011719, 311.565185546875, 354.89910888671875, 382.5375671386719, 378.2618713378906, 328.7334899902344, 387.99395751953125, 367.7298889160156, 312.0445251464844, 445.7043151855469, 299.629150390625, 358.8736877441406, 295.7890625, 215.34767150878906, 396.928466796875, 316.9771728515625, 290.84771728515625, 277.5168151855469, 278.4992370605469, 225.5676727294922, 350.6932678222656, 292.9242248535156, 216.45761108398438, 275.29345703125, 420.0764465332031, 372.70501708984375, 285.2560729980469, 399.82513427734375, 293.1882019042969, 423.5303039550781, 316.17877197265625, 361.7196960449219, 325.62713623046875, 291.54315185546875, 339.5743713378906, 256.1121520996094, 362.7089538574219, 365.0675354003906, 327.0316467285156, 386.70831298828125, 326.5835876464844, 214.67044067382812, 415.59222412109375, 209.36268615722656, 228.84280395507812, 265.2830505371094]}