{"loss": [6819484.5, 3061993.25, 1479327.875, 981170.5, 789050.8125, 642590.75, 562516.3125, 492171.28125, 460992.4375, 828739.5625, 426608.53125, 421650.75, 406089.21875, 513759.5625, 422216.09375, 388694.34375, 512210.03125, 428003.28125, 426362.875, 382800.34375, 376616.5625, 357749.625, 358481.6875, 347503.21875, 354926.0, 356088.0625, 348260.21875, 351881.75, 422705.28125, 335576.28125, 343234.90625, 343267.0], "mae": [559.0885009765625, 434.7037048339844, 329.43780517578125, 265.4705505371094, 223.62203979492188, 191.0749969482422, 168.17869567871094, 146.69821166992188, 136.66795349121094, 133.29171752929688, 127.84415435791016, 129.17332458496094, 124.62924194335938, 124.65340423583984, 125.47382354736328, 124.35481262207031, 124.54568481445312, 121.7381820678711, 122.74462127685547, 122.58985137939453, 120.59867095947266, 116.57620239257812, 116.79045104980469, 113.29271697998047, 115.76864624023438, 112.03985595703125, 114.59626007080078, 113.36660766601562, 117.54592895507812, 116.32424926757812, 115.93122863769531, 115.81489562988281], "mse": [6819483.0, 3061991.25, 1479325.375, 981166.3125, 789045.1875, 642584.1875, 562509.0625, 492164.1875, 460984.84375, 828732.375, 426601.5625, 421643.90625, 406081.65625, 513752.34375, 422208.90625, 388686.6875, 512203.0, 427995.5, 426354.84375, 382792.15625, 376608.34375, 357741.46875, 358473.375, 347495.03125, 354917.40625, 356079.4375, 348251.1875, 351872.8125, 422696.6875, 335567.375, 343225.75, 343257.40625], "mape": [2415.21240234375, 1705.7783203125, 996.595947265625, 650.6397094726562, 478.1263427734375, 410.2194519042969, 375.9900207519531, 329.47564697265625, 319.77825927734375, 324.02471923828125, 305.6521911621094, 319.0009765625, 304.8819580078125, 305.83502197265625, 296.9658203125, 311.4862976074219, 299.30438232421875, 294.0025329589844, 290.14892578125, 314.95037841796875, 308.7530212402344, 290.6077880859375, 292.2477722167969, 271.8358154296875, 288.8118896484375, 264.4386291503906, 287.3766784667969, 276.8891906738281, 296.3009948730469, 315.9945983886719, 312.46435546875, 310.4164733886719], "val_loss": [1309840.0, 943434.6875, 712016.8125, 656890.0625, 505398.5, 428091.40625, 441885.75, 651373.375, 751057.0625, 386219.09375, 312580.40625, 365373.5625, 397799.78125, 706538.9375, 432195.15625, 304311.1875, 361929.375, 392609.78125, 421222.90625, 405004.3125, 385904.3125, 288818.40625, 453704.5625, 438029.96875, 324449.90625, 321931.375, 373083.0625, 373258.5, 304997.6875, 335299.5, 289685.6875, 336276.1875], "val_mae": [342.8787841796875, 268.1268310546875, 207.86260986328125, 194.674072265625, 142.82260131835938, 116.99887084960938, 101.82598876953125, 130.8106231689453, 91.91848754882812, 81.67327880859375, 89.41487884521484, 88.66217041015625, 79.15925598144531, 177.30882263183594, 83.20813751220703, 89.291015625, 72.4363784790039, 84.03034973144531, 78.04308319091797, 103.47779846191406, 84.8347396850586, 62.931373596191406, 115.80815887451172, 69.4765396118164, 82.71717834472656, 63.85308074951172, 72.98939514160156, 68.83245086669922, 65.02285766601562, 69.30833435058594, 78.70179748535156, 76.9175796508789], "val_mse": [1309838.5, 943432.5, 712012.8125, 656885.375, 505392.84375, 428085.125, 441878.625, 651366.0625, 751049.8125, 386212.125, 312573.125, 365365.78125, 397792.40625, 706531.0625, 432187.625, 304303.25, 361921.71875, 392601.75, 421215.25, 404995.90625, 385896.1875, 288809.65625, 453695.6875, 438021.5, 324441.125, 321922.59375, 373074.65625, 373249.15625, 304988.34375, 335290.40625, 289676.1875, 336266.4375], "val_mape": [1184.9788818359375, 713.998046875, 465.1910095214844, 437.1051330566406, 280.385498046875, 408.44879150390625, 401.1029052734375, 466.8070373535156, 278.6953430175781, 345.29437255859375, 289.3165283203125, 226.91424560546875, 268.0518493652344, 394.4947814941406, 312.39892578125, 259.11968994140625, 290.9561767578125, 175.44564819335938, 324.5559997558594, 417.76904296875, 311.9754943847656, 304.1677551269531, 198.9536590576172, 232.12591552734375, 159.91188049316406, 248.01702880859375, 286.61572265625, 192.17391967773438, 295.4368591308594, 272.68804931640625, 286.023681640625, 354.34503173828125]}