{"loss": [5254602.5, 2227641.0, 1310285.5, 850913.875, 748424.8125, 622518.5625, 676362.5625, 514732.9375, 548478.1875, 520667.53125, 456584.34375, 611692.375, 456802.96875, 424874.4375, 409250.3125, 391648.96875, 372481.78125, 387289.5, 383587.9375, 401494.09375, 356069.21875, 344870.5625, 367141.90625, 342882.3125, 348832.78125, 353323.96875, 339940.65625, 355465.5, 332310.65625, 330632.125, 339818.15625, 337450.0, 328180.84375, 317856.1875, 340510.96875, 313143.5625, 324993.1875, 319423.34375], "mae": [514.5380859375, 392.34173583984375, 309.1475524902344, 242.54150390625, 203.1494903564453, 182.72976684570312, 171.52296447753906, 157.97158813476562, 155.10391235351562, 149.64382934570312, 141.1212615966797, 145.7353973388672, 139.16883850097656, 133.03517150878906, 127.17349243164062, 123.71414184570312, 118.40345001220703, 116.97589111328125, 114.9848861694336, 119.37386322021484, 117.05960845947266, 111.47684478759766, 116.17573547363281, 114.4073486328125, 114.22787475585938, 115.48609924316406, 113.33876037597656, 114.14505004882812, 109.44845581054688, 112.27361297607422, 111.81892395019531, 112.2276840209961, 111.22759246826172, 109.73018646240234, 111.87577056884766, 107.75099182128906, 109.74332427978516, 108.65631866455078], "mse": [5254590.5, 2227619.75, 1310257.5, 850874.625, 748377.0, 622465.4375, 676305.0, 514670.09375, 548412.375, 520599.40625, 456513.96875, 611620.6875, 456726.5625, 424796.53125, 409171.40625, 391572.09375, 372405.84375, 387214.84375, 383514.78125, 401422.84375, 355997.65625, 344799.125, 367070.1875, 342810.15625, 348761.03125, 353251.28125, 339868.65625, 355392.84375, 332236.875, 330556.875, 339742.59375, 337375.53125, 328104.40625, 317777.875, 340432.375, 313064.75, 324913.625, 319343.59375], "mape": [2065.93310546875, 1512.1800537109375, 1099.2200927734375, 729.91552734375, 527.7701416015625, 456.8190002441406, 399.4888916015625, 357.5717468261719, 340.58599853515625, 334.94879150390625, 309.33306884765625, 334.0624694824219, 318.1498718261719, 294.222412109375, 286.7773742675781, 304.19329833984375, 294.712158203125, 287.2239990234375, 285.4761962890625, 323.5638122558594, 312.0697021484375, 278.8060302734375, 306.16363525390625, 303.8058776855469, 305.02392578125, 313.53399658203125, 298.9043884277344, 304.7332763671875, 273.5881652832031, 294.0379333496094, 300.6919250488281, 306.87158203125, 296.95709228515625, 296.4996032714844, 302.9835205078125, 289.4778137207031, 296.4576721191406, 294.4194030761719], "val_loss": [1249047.25, 763833.1875, 601149.0, 1215973.0, 567009.1875, 455773.125, 553268.4375, 1451110.0, 457993.625, 443501.875, 375085.71875, 483191.71875, 396474.125, 632299.1875, 371585.3125, 344335.96875, 390422.5625, 357568.5, 506445.875, 520373.0, 356754.1875, 365906.90625, 321493.25, 325668.59375, 383241.15625, 302253.5625, 326880.21875, 280906.46875, 293972.40625, 288014.5, 303974.9375, 307580.03125, 285256.90625, 374795.1875, 308521.375, 411366.46875, 335184.25, 315373.46875], "val_mae": [326.8638916015625, 238.59510803222656, 184.42848205566406, 156.82191467285156, 132.3052215576172, 101.35164642333984, 109.76482391357422, 116.90904235839844, 92.05070495605469, 78.35095977783203, 89.52336120605469, 95.42060852050781, 63.16377639770508, 91.59049224853516, 85.19271087646484, 81.59669494628906, 63.1995735168457, 78.26258087158203, 80.36154174804688, 75.33663940429688, 70.87151336669922, 78.80589294433594, 78.32421875, 69.41328430175781, 93.80899047851562, 68.67683410644531, 84.49829864501953, 93.07615661621094, 72.43824005126953, 76.46873474121094, 83.29631042480469, 85.4655990600586, 74.69900512695312, 109.68763732910156, 76.94100952148438, 78.4931869506836, 68.97168731689453, 77.18257141113281], "val_mse": [1249031.375, 763808.4375, 601114.5, 1215927.875, 566957.875, 455716.46875, 553208.5625, 1451045.875, 457926.96875, 443432.5, 375014.125, 483116.09375, 396396.28125, 632220.4375, 371507.78125, 344259.71875, 390346.625, 357494.96875, 506374.0625, 520301.75, 356682.46875, 365834.40625, 321420.8125, 325596.3125, 383168.8125, 302181.5, 326807.875, 280832.46875, 293897.875, 287939.71875, 303899.28125, 307503.59375, 285179.875, 374716.125, 308442.34375, 411287.28125, 335104.5, 315293.125], "val_mape": [1265.30419921875, 695.23876953125, 542.28515625, 601.2440185546875, 320.56317138671875, 300.0980224609375, 481.935302734375, 296.0473937988281, 348.10400390625, 300.8404235839844, 326.4984436035156, 364.6971740722656, 209.94952392578125, 396.6271667480469, 406.68621826171875, 321.93817138671875, 178.76229858398438, 275.0962829589844, 343.20037841796875, 292.1915588378906, 255.13824462890625, 294.1721496582031, 266.00701904296875, 266.1378479003906, 405.4613952636719, 291.3260192871094, 249.7825164794922, 257.3174743652344, 224.37774658203125, 247.05654907226562, 257.9483947753906, 306.8972473144531, 309.5953063964844, 368.8616943359375, 245.99180603027344, 484.10906982421875, 336.2311096191406, 284.20440673828125]}