{
    "loss": [
        8347035.5,
        3150991.5,
        1482723.75,
        944261.6875,
        825412.0,
        624636.125,
        795023.4375,
        515943.46875,
        514018.28125,
        487185.96875,
        442252.9375,
        434196.34375,
        465437.1875,
        384437.875,
        388709.1875,
        386283.96875,
        365551.53125,
        332000.625,
        359842.75,
        390696.0,
        338039.28125,
        341179.21875,
        336544.1875,
        322784.5,
        337341.21875,
        331650.71875,
        316213.6875,
        337255.6875,
        319312.09375,
        324540.71875,
        307421.09375,
        436732.78125,
        328929.8125
    ],
    "mae": [
        547.6359252929688,
        487.8241271972656,
        385.2900085449219,
        285.8169860839844,
        220.58828735351562,
        188.42164611816406,
        179.46205139160156,
        166.41464233398438,
        160.2663116455078,
        149.3297119140625,
        144.85385131835938,
        137.47889709472656,
        133.86383056640625,
        126.4590072631836,
        126.39230346679688,
        124.48529052734375,
        123.55748748779297,
        119.79212951660156,
        118.95775604248047,
        117.7865982055664,
        116.1653823852539,
        117.79963684082031,
        118.3801498413086,
        113.32332611083984,
        117.1170654296875,
        110.37833404541016,
        111.93231964111328,
        110.8263931274414,
        112.14971923828125,
        109.7694320678711,
        109.08663940429688,
        107.4018783569336,
        106.92410278320312
    ],
    "mse": [
        8347025.0,
        3150975.5,
        1482698.5,
        944228.9375,
        825373.0,
        624591.0,
        794973.0,
        515891.84375,
        513965.3125,
        487129.90625,
        442196.8125,
        434137.625,
        465377.5,
        384377.71875,
        388646.28125,
        386219.3125,
        365487.375,
        331934.8125,
        359775.15625,
        390628.09375,
        337971.15625,
        341109.75,
        336474.53125,
        322714.59375,
        337269.875,
        331579.9375,
        316142.28125,
        337184.21875,
        319239.0625,
        324466.46875,
        307346.625,
        436657.84375,
        328854.0625
    ],
    "mape": [
        2311.41015625,
        2160.76513671875,
        1514.6832275390625,
        910.6632690429688,
        570.6724853515625,
        448.0891418457031,
        404.7522277832031,
        400.9002380371094,
        386.5604553222656,
        356.0365905761719,
        371.90423583984375,
        358.788330078125,
        361.4769287109375,
        333.88525390625,
        336.2110290527344,
        329.6761779785156,
        335.02679443359375,
        329.249267578125,
        310.7886047363281,
        299.3858642578125,
        305.7927551269531,
        311.1268005371094,
        338.91973876953125,
        302.6037902832031,
        327.1585998535156,
        280.9716491699219,
        300.0167541503906,
        294.8817138671875,
        310.139404296875,
        287.77703857421875,
        293.6133728027344,
        283.542236328125,
        274.4014587402344
    ],
    "val_loss": [
        1400939.375,
        1071181.0,
        808004.9375,
        679451.9375,
        506138.4375,
        486469.375,
        535835.25,
        449737.65625,
        389153.5,
        361681.46875,
        299091.15625,
        347121.875,
        273653.46875,
        351559.5,
        304807.8125,
        326204.59375,
        292968.625,
        311378.75,
        355411.21875,
        407995.3125,
        289506.1875,
        302993.875,
        248025.625,
        326256.65625,
        292234.125,
        282196.21875,
        366833.9375,
        249656.15625,
        469046.65625,
        315804.84375,
        287110.03125,
        323191.75,
        269222.15625
    ],
    "val_mae": [
        363.96429443359375,
        302.7500305175781,
        233.0467071533203,
        186.0176239013672,
        125.60733032226562,
        99.83589172363281,
        108.74641418457031,
        105.78286743164062,
        88.51277923583984,
        117.82025146484375,
        89.12252044677734,
        104.46483612060547,
        63.10190963745117,
        80.58618927001953,
        75.38243865966797,
        101.81488037109375,
        73.4067153930664,
        99.22769165039062,
        101.13115692138672,
        85.15200805664062,
        71.59257507324219,
        80.89325714111328,
        82.03052520751953,
        63.70479202270508,
        62.224422454833984,
        58.7032470703125,
        96.16600036621094,
        76.45401763916016,
        80.26571655273438,
        63.89179229736328,
        80.76253509521484,
        60.66049575805664,
        60.7904052734375
    ],
    "val_mse": [
        1400925.125,
        1071159.875,
        807975.875,
        679415.6875,
        506095.34375,
        486421.53125,
        535785.25,
        449685.375,
        389099.15625,
        361625.125,
        299033.40625,
        347061.78125,
        273592.25,
        351497.625,
        304744.78125,
        326140.375,
        292903.53125,
        311311.90625,
        355344.3125,
        407927.90625,
        289436.875,
        302924.6875,
        247956.296875,
        326185.8125,
        292163.34375,
        282125.65625,
        366762.53125,
        249583.65625,
        468972.71875,
        315730.78125,
        287035.6875,
        323116.1875,
        269145.84375
    ],
    "val_mape": [
        1286.7357177734375,
        1020.7265625,
        730.9086303710938,
        584.32763671875,
        327.6366271972656,
        262.326171875,
        492.1820983886719,
        331.3661193847656,
        299.12213134765625,
        355.4696350097656,
        225.61827087402344,
        369.33245849609375,
        246.67449951171875,
        363.5589599609375,
        320.3143005371094,
        327.7010192871094,
        206.37503051757812,
        299.41094970703125,
        343.6390380859375,
        407.7625427246094,
        274.7648620605469,
        272.7200622558594,
        288.4076232910156,
        189.54798889160156,
        228.95672607421875,
        280.1771545410156,
        269.0673522949219,
        338.81854248046875,
        220.76792907714844,
        208.3429718017578,
        292.6712951660156,
        266.991943359375,
        239.78489685058594
    ]
}