{"loss": [5734760.5, 1125269.625, 677324.625, 671525.6875, 568616.75, 519372.625, 490542.09375, 476548.0, 439607.8125, 409070.4375, 393323.78125, 384111.59375, 385113.1875, 363224.9375, 351702.3125, 340565.125, 342057.03125, 319541.90625, 339053.625, 345639.1875, 316803.78125, 327280.0, 342417.65625, 368529.28125, 317024.5625, 315759.65625, 321163.9375, 299880.6875, 301188.4375, 294538.25, 289503.15625, 285225.46875, 281288.75, 281026.34375, 285634.71875, 261892.703125, 287289.09375], "mae": [433.9307556152344, 260.178955078125, 191.58203125, 170.09593200683594, 156.89036560058594, 150.6197967529297, 141.5150604248047, 139.2022247314453, 130.9347381591797, 125.29034423828125, 122.24495697021484, 118.9419937133789, 117.71887969970703, 110.4417953491211, 109.03984069824219, 107.44365692138672, 106.2334213256836, 103.39271545410156, 106.18999481201172, 108.24484252929688, 103.57437133789062, 104.85342407226562, 106.5327377319336, 103.4538803100586, 101.98411560058594, 102.38208770751953, 102.20792388916016, 100.2431411743164, 101.01533508300781, 99.69615173339844, 98.24088287353516, 98.12388610839844, 96.80139923095703, 95.78771209716797, 97.22627258300781, 92.9797134399414, 96.32002258300781], "mse": [5734732.0, 1125216.875, 677255.6875, 671444.125, 568526.375, 519279.09375, 490444.125, 476444.8125, 439502.03125, 408960.71875, 393207.84375, 383994.0625, 384991.5625, 363098.5625, 351572.28125, 340430.0, 341917.78125, 319399.0, 338906.0625, 345489.125, 316649.1875, 327122.5625, 342255.96875, 368362.0, 316848.625, 315578.5625, 320978.8125, 299685.78125, 300988.84375, 294335.15625, 289294.9375, 285013.96875, 281070.875, 280803.3125, 285408.25, 261659.59375, 287050.40625], "mape": [1627.6934814453125, 851.9112548828125, 586.0986328125, 475.5067443847656, 449.25994873046875, 418.9613037109375, 392.4459228515625, 391.8260192871094, 370.218505859375, 346.4161682128906, 344.8922119140625, 339.9959716796875, 340.96978759765625, 320.128173828125, 311.4324035644531, 314.37066650390625, 304.400390625, 297.5596923828125, 309.7010192871094, 324.0614929199219, 300.0113220214844, 303.2701110839844, 319.27423095703125, 298.4344177246094, 304.34716796875, 303.23223876953125, 297.9542236328125, 294.0107727050781, 291.8988037109375, 288.7977600097656, 281.4480285644531, 280.4209899902344, 275.9757080078125, 268.6726989746094, 285.31201171875, 258.08636474609375, 271.16302490234375], "val_loss": [1235537.75, 644472.25, 539548.0625, 479673.03125, 406017.84375, 436205.34375, 759963.8125, 466358.6875, 413211.34375, 370861.34375, 475103.71875, 350661.96875, 438806.03125, 555480.6875, 319252.21875, 409766.09375, 434323.25, 604702.5625, 555549.0625, 381898.9375, 361573.03125, 336704.90625, 316017.84375, 439600.375, 364365.5, 398824.40625, 257545.203125, 303994.5, 305159.34375, 341510.9375, 336814.5625, 404411.15625, 367879.15625, 326359.4375, 303472.9375, 434742.25, 316398.4375], "val_mae": [289.9094543457031, 166.44549560546875, 139.68443298339844, 111.25872802734375, 98.0500717163086, 110.5592041015625, 118.77896881103516, 109.04817199707031, 103.08554077148438, 101.99342346191406, 100.17327117919922, 82.40792083740234, 84.33039855957031, 108.56246185302734, 81.2964096069336, 79.94625854492188, 73.37720489501953, 80.56803894042969, 72.73489379882812, 118.26631164550781, 95.93342590332031, 83.36359405517578, 74.34622955322266, 89.80350494384766, 79.15608978271484, 86.70011901855469, 66.63190460205078, 127.21212768554688, 108.16846466064453, 106.31121826171875, 79.02079772949219, 76.8189468383789, 74.76770782470703, 69.85263061523438, 77.06351470947266, 83.57683563232422, 97.78877258300781], "val_mse": [1235496.5, 644408.4375, 539471.375, 479584.59375, 405926.8125, 436110.78125, 759863.3125, 466254.34375, 413103.0625, 370748.0, 474987.21875, 350541.46875, 438682.25, 555353.5625, 319120.5625, 409628.71875, 434182.34375, 604557.25, 555399.875, 381748.09375, 361417.15625, 336545.3125, 315855.15625, 439428.0625, 364186.875, 398641.9375, 257353.578125, 303799.59375, 304958.21875, 341306.15625, 336605.8125, 404197.53125, 367657.25, 326134.84375, 303243.59375, 434505.8125, 316158.5625], "val_mape": [1371.1678466796875, 377.3023986816406, 401.8160400390625, 353.14300537109375, 414.9920349121094, 364.6852722167969, 599.1343994140625, 518.0388793945312, 437.81640625, 324.31463623046875, 286.5782775878906, 257.1468811035156, 441.51361083984375, 479.1512756347656, 365.9523620605469, 208.8189697265625, 256.6056823730469, 224.0427703857422, 373.4759216308594, 354.4076843261719, 344.8522033691406, 214.73114013671875, 265.56658935546875, 174.2042236328125, 213.6239776611328, 271.688232421875, 245.54144287109375, 271.82525634765625, 263.6772155761719, 243.4183807373047, 341.4404602050781, 360.79296875, 281.7030029296875, 327.759033203125, 337.8394470214844, 454.6571350097656, 347.14678955078125]}