{"loss": [8609803.0, 1894816.0, 878815.0625, 663542.3125, 584556.5625, 576104.625, 519806.3125, 587744.5625, 461934.15625, 422864.625, 425238.25, 456355.625, 389320.28125, 375497.96875, 613868.0625, 366551.71875, 374574.71875, 367354.09375, 374760.1875, 365740.65625, 371985.90625, 353551.90625, 354907.9375, 331890.65625, 328231.03125, 331546.34375, 316737.0, 325123.03125, 323950.53125, 305422.15625, 308919.46875, 306456.71875, 325442.3125], "mae": [471.8589782714844, 340.68243408203125, 253.20071411132812, 191.99208068847656, 167.85223388671875, 154.4365692138672, 147.45742797851562, 143.43606567382812, 136.6749725341797, 128.72610473632812, 123.43609619140625, 124.79950714111328, 118.15467071533203, 115.61613464355469, 117.72526550292969, 113.2221908569336, 112.54226684570312, 114.22189331054688, 116.9032211303711, 116.99125671386719, 117.71156311035156, 114.92998504638672, 116.48685455322266, 112.45687103271484, 111.32166290283203, 111.35460662841797, 107.9222412109375, 110.36913299560547, 109.04545593261719, 107.33470153808594, 105.97832489013672, 105.48974609375, 105.07279205322266], "mse": [8609801.0, 1894813.25, 878809.4375, 663536.3125, 584549.8125, 576097.75, 519799.1875, 587737.5, 461926.0625, 422856.125, 425229.71875, 456347.15625, 389312.625, 375488.75, 613859.0, 366542.21875, 374564.90625, 367344.53125, 374750.78125, 365729.84375, 371974.84375, 353541.0, 354896.15625, 331879.40625, 328219.46875, 331534.1875, 316724.71875, 325111.75, 323938.71875, 305409.5625, 308905.90625, 306444.4375, 325428.46875], "mape": [1797.089111328125, 1178.4493408203125, 751.1060791015625, 524.215576171875, 436.2242736816406, 374.259521484375, 368.95196533203125, 353.0158386230469, 345.7816162109375, 327.96197509765625, 316.8122253417969, 337.1641540527344, 322.14569091796875, 311.416748046875, 311.0264587402344, 308.08807373046875, 301.4493103027344, 323.27099609375, 331.6626281738281, 338.9346618652344, 352.87158203125, 338.80841064453125, 361.87445068359375, 344.068603515625, 332.9379577636719, 330.32025146484375, 316.58575439453125, 322.0973815917969, 316.3897399902344, 311.5453186035156, 300.8124084472656, 302.18798828125, 299.3822937011719], "val_loss": [1342782.375, 763540.4375, 632245.25, 552458.125, 472794.34375, 459392.09375, 553285.9375, 492159.125, 624229.0625, 475601.8125, 413171.53125, 347201.03125, 474268.4375, 691465.75, 453113.15625, 445053.4375, 387301.09375, 518806.03125, 424844.71875, 357574.96875, 431079.8125, 340461.59375, 312582.15625, 313592.84375, 384506.21875, 316233.375, 413359.8125, 314198.8125, 529891.875, 357261.3125, 356049.5625, 337824.375, 330925.09375], "val_mae": [326.76593017578125, 213.17930603027344, 156.64512634277344, 149.62290954589844, 113.36934661865234, 100.80281066894531, 105.41703796386719, 89.92557525634766, 129.92291259765625, 113.54759216308594, 95.60087585449219, 81.53272247314453, 99.46234130859375, 120.8017349243164, 81.72427368164062, 79.31781005859375, 70.14736938476562, 107.62724304199219, 71.55621337890625, 80.80630493164062, 95.99493408203125, 76.52622985839844, 114.1584701538086, 81.43399810791016, 79.62332153320312, 75.44718170166016, 86.37067413330078, 83.26299285888672, 88.71453094482422, 102.83361053466797, 108.1870346069336, 85.55548095703125, 68.13512420654297], "val_mse": [1342780.0, 763536.0625, 632239.4375, 552451.5, 472788.3125, 459384.9375, 553278.5, 492151.5625, 624221.5, 475594.0625, 413163.125, 347192.1875, 474258.78125, 691456.8125, 453103.1875, 445044.0, 387291.1875, 518796.28125, 424834.5625, 357564.65625, 431068.78125, 340450.53125, 312570.9375, 313580.875, 384494.75, 316221.71875, 413347.34375, 314186.46875, 529878.8125, 357248.90625, 356036.46875, 337811.90625, 330911.75], "val_mape": [1331.8348388671875, 459.5551452636719, 360.7376403808594, 310.44183349609375, 268.3667907714844, 445.94464111328125, 466.4493713378906, 342.5838623046875, 377.12164306640625, 350.43988037109375, 373.0108337402344, 311.8612365722656, 220.3970489501953, 598.0297241210938, 459.0946960449219, 273.0850524902344, 262.4872131347656, 263.1805725097656, 295.0458068847656, 402.56402587890625, 346.33123779296875, 311.6064147949219, 376.2198181152344, 334.6412658691406, 298.9053649902344, 366.6505126953125, 346.2705078125, 308.6630859375, 233.20240783691406, 276.3150329589844, 378.893798828125, 392.6727600097656, 349.49737548828125]}