{"loss": [5222784.0, 1233245.25, 704122.6875, 591947.4375, 550465.8125, 500645.46875, 467873.4375, 457653.65625, 432777.84375, 404631.09375, 398571.4375, 391030.40625, 409124.28125, 365755.5, 353166.84375, 348079.25, 338635.375, 325611.59375, 344028.1875, 318959.25, 314862.90625, 331738.875, 300869.9375, 289194.71875, 307593.84375, 293525.84375, 288963.0625], "mae": [433.776611328125, 271.95880126953125, 197.03994750976562, 167.60690307617188, 155.942138671875, 145.7117919921875, 138.52743530273438, 137.4475860595703, 130.83139038085938, 124.63594818115234, 120.58674621582031, 118.8397216796875, 115.2916030883789, 111.28842163085938, 110.75718688964844, 109.46379852294922, 107.83171081542969, 106.0175552368164, 104.6015625, 104.66571044921875, 103.58369445800781, 103.08063507080078, 100.87140655517578, 98.17557525634766, 102.39698028564453, 99.30081176757812, 98.7740707397461], "mse": [5222782.5, 1233239.875, 704116.1875, 591939.1875, 550457.3125, 500636.75, 467863.75, 457643.375, 432766.78125, 404620.125, 398559.6875, 391017.40625, 409112.03125, 365741.8125, 353152.96875, 348065.0625, 338620.90625, 325595.78125, 344011.8125, 318942.25, 314845.25, 331720.65625, 300851.0625, 289175.34375, 307573.8125, 293505.15625, 288942.5625], "mape": [1707.307861328125, 1004.72998046875, 601.1336669921875, 479.62841796875, 442.8629150390625, 395.1051330566406, 382.7532958984375, 386.7996826171875, 367.64892578125, 349.5275573730469, 345.67779541015625, 346.519287109375, 336.10333251953125, 323.6630554199219, 331.8625793457031, 332.802734375, 322.6361999511719, 317.41717529296875, 309.3101501464844, 313.20562744140625, 309.704345703125, 303.9158020019531, 297.7673645019531, 290.69110107421875, 301.42315673828125, 288.3376159667969, 283.69305419921875], "val_loss": [985054.0625, 853198.0, 542597.875, 673778.5625, 435622.3125, 519539.28125, 652071.1875, 638343.125, 582992.8125, 396231.9375, 766238.0, 517996.28125, 350508.5, 469602.875, 414045.15625, 324495.625, 245777.265625, 274663.9375, 530530.0, 486418.8125, 597805.5, 347021.4375, 287109.28125, 670181.75, 419556.40625, 294016.9375, 405446.5], "val_mae": [259.56158447265625, 187.88194274902344, 120.2177505493164, 132.0986785888672, 139.59442138671875, 140.26988220214844, 101.35124969482422, 139.9382781982422, 112.46885681152344, 109.76122283935547, 85.46756744384766, 97.39598846435547, 84.51864624023438, 99.45285034179688, 95.9736099243164, 79.90553283691406, 73.9046630859375, 80.10164642333984, 98.24542236328125, 116.9525375366211, 128.82794189453125, 96.57723236083984, 73.15167999267578, 101.59307861328125, 73.6129379272461, 76.59706115722656, 69.50662231445312], "val_mse": [985050.0625, 853191.5, 542590.5, 673771.3125, 435613.5625, 519529.28125, 652061.5, 638332.9375, 582982.75, 396220.9375, 766226.0, 517983.75, 350495.5625, 469589.25, 414031.03125, 324481.40625, 245762.140625, 274648.46875, 530513.5625, 486402.1875, 597788.0, 347003.09375, 287090.375, 670162.3125, 419536.71875, 293996.0625, 405424.75], "val_mape": [1079.377685546875, 582.823974609375, 405.01751708984375, 212.8977508544922, 284.0001220703125, 364.3348083496094, 514.715576171875, 581.6451416015625, 443.6000671386719, 367.2825927734375, 355.78570556640625, 497.5667419433594, 350.4007568359375, 427.5924072265625, 268.21575927734375, 369.084716796875, 213.0098876953125, 242.6040802001953, 341.99407958984375, 350.9875183105469, 468.7744445800781, 414.76116943359375, 232.86077880859375, 254.07334899902344, 327.0182189941406, 276.7974548339844, 241.2052459716797]}