{"loss": [0.44162094593048096, 0.3753538727760315, 0.3526376783847809, 0.35330259799957275, 0.3477790057659149, 0.33293911814689636, 0.32947292923927307, 0.32189664244651794, 0.31634995341300964, 0.31399062275886536, 0.31536170840263367, 0.30668023228645325, 0.31430256366729736, 0.3192066252231598, 0.3209010362625122, 0.3101644217967987, 0.3151586055755615, 0.3033656179904938, 0.29870888590812683, 0.2952673137187958, 0.29555460810661316, 0.29457154870033264, 0.2945821285247803, 0.30160945653915405, 0.2916887402534485, 0.31637921929359436, 0.2955749034881592, 0.29173362255096436, 0.3158295452594757, 0.3055606186389923], "mae": [0.4628032147884369, 0.42746439576148987, 0.41321632266044617, 0.4111422300338745, 0.40327489376068115, 0.39833152294158936, 0.39774593710899353, 0.39473995566368103, 0.3911101222038269, 0.3893451988697052, 0.38925111293792725, 0.3848891258239746, 0.3869808316230774, 0.3856027126312256, 0.38449108600616455, 0.38092952966690063, 0.38287243247032166, 0.3792019188404083, 0.3786090612411499, 0.3767766058444977, 0.37698519229888916, 0.37635645270347595, 0.3756130635738373, 0.3767250180244446, 0.37320980429649353, 0.3800466060638428, 0.3719440996646881, 0.37153592705726624, 0.37426987290382385, 0.3731946349143982], "mse": [0.36521726846694946, 0.31315600872039795, 0.29755210876464844, 0.3019367456436157, 0.2854442000389099, 0.280288428068161, 0.2783855199813843, 0.276263564825058, 0.2724236845970154, 0.27039825916290283, 0.2706950604915619, 0.2656196653842926, 0.26985904574394226, 0.27691829204559326, 0.26786527037620544, 0.26238158345222473, 0.2667343318462372, 0.25945809483528137, 0.25831952691078186, 0.25635039806365967, 0.25660598278045654, 0.2557295560836792, 0.2550869882106781, 0.25760480761528015, 0.2512880861759186, 0.27007269859313965, 0.25152307748794556, 0.250405877828598, 0.2744919955730438, 0.2537485957145691], "mape": [4.45084285736084, 4.123485565185547, 3.99320125579834, 3.975970983505249, 3.9030039310455322, 3.857576370239258, 3.8522963523864746, 3.825242042541504, 3.7910757064819336, 3.7750625610351562, 3.774717330932617, 3.734771966934204, 3.755082845687866, 3.7423315048217773, 3.733919143676758, 3.698563814163208, 3.7159478664398193, 3.6820383071899414, 3.6769967079162598, 3.6594340801239014, 3.662173271179199, 3.6561527252197266, 3.6475729942321777, 3.6603033542633057, 3.6253631114959717, 3.691519021987915, 3.6142380237579346, 3.6098475456237793, 3.635270833969116, 3.6271486282348633], "val_loss": [0.269366055727005, 0.24852530658245087, 0.2500239908695221, 0.2878880798816681, 0.25845977663993835, 0.2860487401485443, 0.2530372738838196, 0.24505698680877686, 0.234458789229393, 0.23816286027431488, 0.2313394397497177, 0.2229386568069458, 0.2400614619255066, 0.27002954483032227, 0.25332656502723694, 0.22711096704006195, 0.2406448870897293, 0.22731976211071014, 0.21288228034973145, 0.20950822532176971, 0.22057561576366425, 0.24153320491313934, 0.21256953477859497, 0.234418123960495, 0.23175634443759918, 0.21897631883621216, 0.2119854986667633, 0.2255021035671234, 0.31250885128974915, 0.23510992527008057], "val_mae": [0.34460312128067017, 0.32670754194259644, 0.3282248079776764, 0.34219473600387573, 0.3385758101940155, 0.3611486852169037, 0.32374414801597595, 0.3265908658504486, 0.31976404786109924, 0.31762516498565674, 0.3163302540779114, 0.3198251724243164, 0.3177090585231781, 0.3352929651737213, 0.3287874162197113, 0.31440773606300354, 0.32671818137168884, 0.30272018909454346, 0.2935101091861725, 0.30679595470428467, 0.3227660357952118, 0.3470621705055237, 0.30627766251564026, 0.33179160952568054, 0.3082568645477295, 0.29962772130966187, 0.30054911971092224, 0.3282633125782013, 0.40265873074531555, 0.3218139708042145], "val_mse": [0.20306861400604248, 0.18998751044273376, 0.1975439041852951, 0.22057346999645233, 0.20144250988960266, 0.2321862131357193, 0.20483623445034027, 0.20117877423763275, 0.1906675547361374, 0.19485598802566528, 0.18741942942142487, 0.1832692176103592, 0.19737555086612701, 0.21272940933704376, 0.20076875388622284, 0.1822352111339569, 0.1949208825826645, 0.1839817315340042, 0.1733092963695526, 0.1707114279270172, 0.18190623819828033, 0.20271910727024078, 0.1728784590959549, 0.19294404983520508, 0.19194096326828003, 0.17271961271762848, 0.17045439779758453, 0.18577514588832855, 0.25803419947624207, 0.18579360842704773], "val_mape": [3.323899030685425, 3.1537861824035645, 3.205554962158203, 3.374110460281372, 3.27716064453125, 3.522433280944824, 3.2007436752319336, 3.205205202102661, 3.1301827430725098, 3.1335718631744385, 3.0897810459136963, 3.092785596847534, 3.138274669647217, 3.298983335494995, 3.2152514457702637, 3.060668706893921, 3.183659076690674, 2.999786138534546, 2.8946053981781006, 2.9595885276794434, 3.103093147277832, 3.3263285160064697, 2.9756150245666504, 3.1943483352661133, 3.06531023979187, 2.9364850521087646, 2.9321815967559814, 3.1597578525543213, 3.822073221206665, 3.128822088241577]}