{"loss": [0.615993320941925, 0.4860583543777466, 0.44560176134109497, 0.42483821511268616, 0.41488751769065857, 0.4100040793418884, 0.406097412109375, 0.4051482677459717, 0.4014030694961548, 0.40117892622947693, 0.40040847659111023, 0.4002154767513275, 0.3999757170677185, 0.39980700612068176, 0.4008862376213074, 0.3991992473602295, 0.40163207054138184, 0.4002945125102997, 0.4000187814235687, 0.3990972638130188, 0.40118929743766785, 0.3995440602302551, 0.3999011516571045, 0.399815171957016, 0.40015721321105957, 0.40009334683418274, 0.4006155729293823, 0.39892643690109253, 0.39894357323646545, 0.39958125352859497, 0.4006098806858063, 0.4003966450691223], "mae": [0.57225501537323, 0.5123894810676575, 0.49451732635498047, 0.48396122455596924, 0.47910332679748535, 0.47565120458602905, 0.4727000594139099, 0.4721856713294983, 0.4698637127876282, 0.46991246938705444, 0.4693007171154022, 0.4688762426376343, 0.4689033031463623, 0.46905308961868286, 0.4694024622440338, 0.4682278335094452, 0.47018224000930786, 0.4687192142009735, 0.46906137466430664, 0.46865665912628174, 0.46977266669273376, 0.46881940960884094, 0.4690656065940857, 0.4690892696380615, 0.46940237283706665, 0.46919307112693787, 0.4693465232849121, 0.46873772144317627, 0.46883124113082886, 0.4687274694442749, 0.4698737859725952, 0.4692907929420471], "mse": [0.534392237663269, 0.4316352903842926, 0.4072278141975403, 0.39297232031822205, 0.3848015367984772, 0.38039207458496094, 0.37675559520721436, 0.37627437710762024, 0.37299978733062744, 0.373100608587265, 0.37257879972457886, 0.3725922703742981, 0.37259209156036377, 0.3725108504295349, 0.37366828322410583, 0.37200087308883667, 0.37449806928634644, 0.37317392230033875, 0.37295079231262207, 0.3721192181110382, 0.3741976022720337, 0.37247928977012634, 0.3729690909385681, 0.37283238768577576, 0.37315085530281067, 0.37315747141838074, 0.3736061155796051, 0.37199944257736206, 0.37200307846069336, 0.3727508783340454, 0.3737533986568451, 0.373593270778656], "mape": [5.496511936187744, 4.946260452270508, 4.785068035125732, 4.68693208694458, 4.6420063972473145, 4.610160827636719, 4.582942485809326, 4.579160690307617, 4.557058811187744, 4.557954788208008, 4.552773952484131, 4.549258708953857, 4.549664497375488, 4.551281452178955, 4.55476713180542, 4.543530464172363, 4.5615668296813965, 4.548677921295166, 4.55133581161499, 4.547821998596191, 4.5584588050842285, 4.549254894256592, 4.5511369705200195, 4.551424503326416, 4.554582118988037, 4.552459716796875, 4.5542755126953125, 4.548611640930176, 4.548821449279785, 4.547815799713135, 4.55896520614624, 4.5537567138671875], "val_loss": [0.4832814335823059, 0.40356943011283875, 0.4011189937591553, 0.3889840841293335, 0.3891068398952484, 0.39629966020584106, 0.3872792422771454, 0.3844572603702545, 0.3828352987766266, 0.39563408493995667, 0.38353389501571655, 0.3854660093784332, 0.38605666160583496, 0.3847259283065796, 0.38492414355278015, 0.38802120089530945, 0.3814433813095093, 0.38945040106773376, 0.38084203004837036, 0.3797278106212616, 0.38220274448394775, 0.37968921661376953, 0.38455402851104736, 0.38433602452278137, 0.38332533836364746, 0.38543203473091125, 0.38315966725349426, 0.382881224155426, 0.3884005844593048, 0.38401252031326294, 0.3843957483768463, 0.3860779404640198], "val_mae": [0.5224626064300537, 0.46434298157691956, 0.4742835462093353, 0.4642373025417328, 0.46413204073905945, 0.4737921953201294, 0.4618864953517914, 0.4623122811317444, 0.4588357210159302, 0.4747862219810486, 0.46285730600357056, 0.4633024036884308, 0.4637499749660492, 0.4638170897960663, 0.46271443367004395, 0.46824848651885986, 0.4590485394001007, 0.46947118639945984, 0.4590197801589966, 0.45940935611724854, 0.46057412028312683, 0.45939570665359497, 0.4627118408679962, 0.4639829099178314, 0.45968225598335266, 0.4636370837688446, 0.45817825198173523, 0.4633001983165741, 0.46910637617111206, 0.4609682559967041, 0.4622257351875305, 0.4647368788719177], "val_mse": [0.41827622056007385, 0.3586118221282959, 0.36706769466400146, 0.3575170636177063, 0.35962656140327454, 0.3673020303249359, 0.3584394156932831, 0.35451292991638184, 0.3545065224170685, 0.3679146468639374, 0.3558323383331299, 0.35802188515663147, 0.358855277299881, 0.3572210669517517, 0.35799387097358704, 0.3609011471271515, 0.3539067506790161, 0.36229613423347473, 0.3533690571784973, 0.3526693880558014, 0.3551991283893585, 0.3524573743343353, 0.35760077834129333, 0.35713428258895874, 0.3565218448638916, 0.3584359288215637, 0.356189101934433, 0.3557864725589752, 0.3614138960838318, 0.3574562966823578, 0.35777565836906433, 0.3595321774482727], "val_mape": [4.953688144683838, 4.501774311065674, 4.572531700134277, 4.495174884796143, 4.503243446350098, 4.5721659660339355, 4.4903998374938965, 4.474236965179443, 4.465132713317871, 4.575974941253662, 4.4833292961120605, 4.4928178787231445, 4.497661590576172, 4.490444660186768, 4.49068546295166, 4.523291110992432, 4.459784507751465, 4.531739711761475, 4.457450866699219, 4.457220554351807, 4.47195291519165, 4.455998420715332, 4.488839626312256, 4.490233898162842, 4.473155498504639, 4.494623184204102, 4.465017795562744, 4.4822869300842285, 4.526555061340332, 4.480900764465332, 4.487015247344971, 4.5044097900390625]}