{"loss": [0.09457145631313324, 0.07309012860059738, 0.06777288764715195, 0.06613156199455261, 0.064499132335186, 0.06403407454490662, 0.06345169991254807, 0.06333884596824646, 0.06316696107387543, 0.06237751990556717, 0.06194176524877548, 0.06213533878326416, 0.06189367547631264, 0.06160710006952286, 0.06123601645231247, 0.06114822253584862, 0.06097958981990814, 0.06111491098999977, 0.060545530170202255, 0.0607493631541729, 0.060290779918432236, 0.06102174147963524, 0.05995068699121475, 0.06036167964339256, 0.06002094969153404, 0.059846241027116776, 0.059305064380168915, 0.059955332428216934, 0.05956849828362465, 0.059804078191518784, 0.060061629861593246], "mae": [0.19921748340129852, 0.17309913039207458, 0.16420920193195343, 0.15893876552581787, 0.1556970775127411, 0.1543056219816208, 0.1539735049009323, 0.15413226187229156, 0.15343625843524933, 0.15338890254497528, 0.15318870544433594, 0.15306274592876434, 0.15345793962478638, 0.15290798246860504, 0.15231750905513763, 0.15265405178070068, 0.15263289213180542, 0.1530565768480301, 0.15223203599452972, 0.15300032496452332, 0.15231585502624512, 0.15314872562885284, 0.151735320687294, 0.15270642936229706, 0.15219107270240784, 0.15193648636341095, 0.15177826583385468, 0.15215790271759033, 0.15204106271266937, 0.15264417231082916, 0.15299788117408752], "mse": [0.07488889247179031, 0.05812221020460129, 0.05405678600072861, 0.05293712764978409, 0.0516321174800396, 0.051662348210811615, 0.051433734595775604, 0.0516057163476944, 0.05163519084453583, 0.05121954157948494, 0.051073577255010605, 0.05132107064127922, 0.05134811997413635, 0.0512976311147213, 0.05108676478266716, 0.051090799272060394, 0.051117897033691406, 0.051321811974048615, 0.05087974667549133, 0.051294274628162384, 0.050965566188097, 0.05170042812824249, 0.0507105216383934, 0.05122842267155647, 0.051030151546001434, 0.0509212464094162, 0.05036657303571701, 0.051108382642269135, 0.05081617832183838, 0.051093608140945435, 0.051324717700481415], "mape": [1.9109108448028564, 1.6605627536773682, 1.5790741443634033, 1.5333247184753418, 1.5044749975204468, 1.492222547531128, 1.4897929430007935, 1.4914406538009644, 1.4849740266799927, 1.4844624996185303, 1.4823195934295654, 1.4807459115982056, 1.4845527410507202, 1.4795901775360107, 1.4742026329040527, 1.4779243469238281, 1.4769264459609985, 1.4811943769454956, 1.4735386371612549, 1.4800989627838135, 1.4740556478500366, 1.4819729328155518, 1.4678122997283936, 1.4776452779769897, 1.4728928804397583, 1.470444917678833, 1.4685267210006714, 1.472429871559143, 1.4706462621688843, 1.476896047592163, 1.4797812700271606], "val_loss": [0.049433231353759766, 0.042603734880685806, 0.04231209307909012, 0.043462056666612625, 0.041832853108644485, 0.041735146194696426, 0.04133472219109535, 0.044918183237314224, 0.043297719210386276, 0.04027638956904411, 0.04209934175014496, 0.04008597880601883, 0.0431840643286705, 0.04289097711443901, 0.04154989495873451, 0.040432158857584, 0.04043998196721077, 0.0406486913561821, 0.03947240859270096, 0.040730636566877365, 0.037771180272102356, 0.04245110973715782, 0.03905724361538887, 0.04158543795347214, 0.04033450037240982, 0.03893791884183884, 0.039238784462213516, 0.039070431143045425, 0.0470767617225647, 0.04161599278450012, 0.03800973668694496], "val_mae": [0.12300480902194977, 0.09650245308876038, 0.09788358956575394, 0.09582465887069702, 0.08589398860931396, 0.09117978066205978, 0.08535114675760269, 0.10185931622982025, 0.09672572463750839, 0.08641663193702698, 0.09621011465787888, 0.0865168645977974, 0.09899985790252686, 0.10726797580718994, 0.09381552785634995, 0.088765449821949, 0.09432874619960785, 0.09499561786651611, 0.08954108506441116, 0.08782882988452911, 0.08464355021715164, 0.10243352502584457, 0.08558107912540436, 0.10313448309898376, 0.09388414770364761, 0.08851442486047745, 0.09285955131053925, 0.09013980627059937, 0.11659947037696838, 0.09837878495454788, 0.08660027384757996], "val_mse": [0.033312469720840454, 0.028577420860528946, 0.029006462544202805, 0.03038286231458187, 0.029378855600953102, 0.02968806028366089, 0.029240142554044724, 0.03317926824092865, 0.03241296112537384, 0.02947169356048107, 0.03141383081674576, 0.029606571421027184, 0.03278859332203865, 0.032612260431051254, 0.03097068890929222, 0.030219240114092827, 0.03050130233168602, 0.031096816062927246, 0.02994399517774582, 0.031366754323244095, 0.028593547642230988, 0.0336320735514164, 0.029826367273926735, 0.032784223556518555, 0.03125034272670746, 0.030011095106601715, 0.030406814068555832, 0.03015148639678955, 0.03848882019519806, 0.03296324610710144, 0.029361940920352936], "val_mape": [1.1956640481948853, 0.9464787244796753, 0.9551323652267456, 0.9490600824356079, 0.8528890609741211, 0.899337649345398, 0.8492200970649719, 0.9896195530891418, 0.9517393708229065, 0.8557196855545044, 0.9561815857887268, 0.8577906489372253, 0.9793590307235718, 1.0406463146209717, 0.9288510680198669, 0.8783286213874817, 0.9322313070297241, 0.9385225772857666, 0.8870581984519958, 0.8690011501312256, 0.8391193151473999, 1.0157477855682373, 0.8488098978996277, 1.0099180936813354, 0.922059178352356, 0.8716491460800171, 0.9136360883712769, 0.8952728509902954, 1.1380821466445923, 0.9740837812423706, 0.8568820357322693]}