{"loss": [4.525452613830566, 2.395582675933838, 2.1085927486419678, 1.8583197593688965, 1.6067339181900024, 1.3685725927352905, 1.200477123260498, 1.0747227668762207, 0.976148247718811, 0.9224152565002441, 0.8833935856819153, 0.8432688117027283, 0.8128966093063354, 0.7807387709617615, 0.7553102970123291, 0.7256879210472107, 0.6962065696716309, 0.6699223518371582, 0.643910825252533, 0.6168811917304993, 0.590770959854126, 0.5678126811981201, 0.5452297925949097, 0.5303662419319153, 0.5076257586479187, 0.4848465323448181, 0.4678167402744293, 0.45172566175460815, 0.4340681731700897, 0.4181500971317291, 0.40025874972343445, 0.38585230708122253, 0.37042146921157837, 0.3560210168361664, 0.3448983132839203, 0.33209893107414246, 0.3188783824443817, 0.30864229798316956, 0.2974645793437958, 0.28841933608055115, 0.27941176295280457, 0.27138057351112366, 0.2630990147590637, 0.2542164623737335, 0.24622531235218048, 0.2400721162557602, 0.23380951583385468, 0.22734151780605316, 0.22209076583385468, 0.21754314005374908, 0.21303220093250275, 0.2083025723695755, 0.2038438320159912, 0.20010963082313538, 0.19656988978385925, 0.19178929924964905, 0.18923921883106232, 0.18695585429668427, 0.18541091680526733, 0.18253183364868164, 0.18065348267555237, 0.17919699847698212, 0.1773168444633484, 0.17560066282749176, 0.17442944645881653, 0.1735103875398636, 0.1721523106098175, 0.17179761826992035, 0.1709263026714325, 0.16992951929569244, 0.17053495347499847, 0.1690460592508316, 0.16918960213661194, 0.16839593648910522, 0.16906075179576874, 0.16774119436740875, 0.16782763600349426, 0.1679406762123108, 0.1674802154302597, 0.16757436096668243, 0.1674043834209442, 0.1674497276544571, 0.16762128472328186], "mae": [1.5877692699432373, 1.2225583791732788, 1.1448276042938232, 1.074486494064331, 0.9971746802330017, 0.916830837726593, 0.8552318215370178, 0.8075865507125854, 0.7670888304710388, 0.7461704015731812, 0.7314221858978271, 0.7147963047027588, 0.7014186382293701, 0.6874383687973022, 0.6752698421478271, 0.6602628827095032, 0.6465173363685608, 0.6332286596298218, 0.6202989816665649, 0.606691837310791, 0.5920000076293945, 0.5801409482955933, 0.5672207474708557, 0.5585622191429138, 0.5447437763214111, 0.5310470461845398, 0.5205173492431641, 0.5099936127662659, 0.4997173547744751, 0.48824116587638855, 0.4764546751976013, 0.4659205675125122, 0.45586252212524414, 0.44501370191574097, 0.4361342191696167, 0.4262460768222809, 0.41634517908096313, 0.40762439370155334, 0.39936915040016174, 0.3908795714378357, 0.38366758823394775, 0.3762892484664917, 0.3695840537548065, 0.3611087501049042, 0.3537710905075073, 0.34850242733955383, 0.3426400125026703, 0.3366681635379791, 0.33164525032043457, 0.326678603887558, 0.32226210832595825, 0.3177623450756073, 0.3134689927101135, 0.30912113189697266, 0.305812269449234, 0.3013593554496765, 0.29834112524986267, 0.29591771960258484, 0.2938147485256195, 0.28999385237693787, 0.2883748412132263, 0.28646090626716614, 0.2848074436187744, 0.28300076723098755, 0.2813853621482849, 0.28061726689338684, 0.2783900499343872, 0.27801793813705444, 0.2769126296043396, 0.275907427072525, 0.27619317173957825, 0.274549275636673, 0.27492767572402954, 0.2739697992801666, 0.2741318941116333, 0.27269789576530457, 0.27318909764289856, 0.27256178855895996, 0.27243345975875854, 0.2728055417537689, 0.2722551226615906, 0.27276816964149475, 0.27260538935661316], "mse": [4.461312770843506, 2.3391029834747314, 2.058903932571411, 1.8157304525375366, 1.5679683685302734, 1.3320735692977905, 1.1652557849884033, 1.039405345916748, 0.9400728344917297, 0.8891237378120422, 0.8540399074554443, 0.8164739608764648, 0.787573516368866, 0.7563953995704651, 0.7315164804458618, 0.7021968960762024, 0.6729255318641663, 0.6466711163520813, 0.6207645535469055, 0.5937426090240479, 0.5676610469818115, 0.5447263121604919, 0.5221676826477051, 0.5072017908096313, 0.484605610370636, 0.46175965666770935, 0.44475364685058594, 0.4286471903324127, 0.41100385785102844, 0.39506903290748596, 0.37714114785194397, 0.36269116401672363, 0.3472484350204468, 0.33284395933151245, 0.3218143880367279, 0.308981329202652, 0.2957953214645386, 0.2856059968471527, 0.27454179525375366, 0.26571449637413025, 0.2568013072013855, 0.24884238839149475, 0.2407674640417099, 0.2320147454738617, 0.22423972189426422, 0.2182798981666565, 0.21231943368911743, 0.20610176026821136, 0.20112697780132294, 0.19693034887313843, 0.19264093041419983, 0.18821506202220917, 0.18401291966438293, 0.18053142726421356, 0.1772487908601761, 0.17268550395965576, 0.17034141719341278, 0.16826686263084412, 0.16688615083694458, 0.1641608625650406, 0.16239182651042938, 0.16109779477119446, 0.1593337059020996, 0.15771394968032837, 0.15670150518417358, 0.155873641371727, 0.15465983748435974, 0.1544238179922104, 0.15365462005138397, 0.15273083746433258, 0.1534648835659027, 0.1520605981349945, 0.15229018032550812, 0.1515897512435913, 0.15235650539398193, 0.15110307931900024, 0.15125715732574463, 0.15142561495304108, 0.1510259360074997, 0.15117992460727692, 0.15103381872177124, 0.15113355219364166, 0.15134577453136444], "mape": [15.017641067504883, 11.585529327392578, 10.853164672851562, 10.190916061401367, 9.468270301818848, 8.721805572509766, 8.144673347473145, 7.696457386016846, 7.302082538604736, 7.100814342498779, 6.961187362670898, 6.803067684173584, 6.677252292633057, 6.545628070831299, 6.4310407638549805, 6.288182735443115, 6.159031391143799, 6.033190727233887, 5.9133620262146, 5.784684658050537, 5.645991325378418, 5.534870624542236, 5.411579132080078, 5.332418441772461, 5.201009750366211, 5.071599960327148, 4.974275588989258, 4.873592376708984, 4.776747703552246, 4.670941352844238, 4.557592868804932, 4.460322856903076, 4.3655877113342285, 4.263826847076416, 4.1803388595581055, 4.087778568267822, 3.994525909423828, 3.913233518600464, 3.8348512649536133, 3.755781412124634, 3.687706708908081, 3.6187338829040527, 3.5554847717285156, 3.475884199142456, 3.4071459770202637, 3.3579628467559814, 3.3027923107147217, 3.246870994567871, 3.1990795135498047, 3.1533279418945312, 3.1119325160980225, 3.069258689880371, 3.0285959243774414, 2.988464593887329, 2.956904649734497, 2.9151439666748047, 2.8869330883026123, 2.8647005558013916, 2.8459246158599854, 2.810105562210083, 2.7949471473693848, 2.7773962020874023, 2.7621114253997803, 2.744828701019287, 2.7306742668151855, 2.7236263751983643, 2.7036166191101074, 2.700547218322754, 2.6908953189849854, 2.681053638458252, 2.68524432182312, 2.669163227081299, 2.6729447841644287, 2.6647024154663086, 2.666703939437866, 2.6536970138549805, 2.6584973335266113, 2.652484178543091, 2.6514196395874023, 2.654712200164795, 2.6495566368103027, 2.654515027999878, 2.6533453464508057],