{"loss": [9.609222412109375, 1.322735071182251, 0.9577376842498779, 0.8558605909347534, 0.7814772129058838, 0.7158110737800598, 0.5837205052375793, 0.5035539269447327, 0.4595169425010681, 0.39897140860557556, 0.44733095169067383, 0.3146645724773407, 0.2741486132144928, 0.2534995675086975, 0.22293898463249207, 0.19743163883686066, 0.18511460721492767, 0.15411189198493958, 0.13859522342681885, 0.12472669035196304, 0.1179121807217598, 0.10564683377742767, 0.09616362303495407, 0.08867723494768143, 0.08128880709409714, 0.07700099796056747, 0.07151410728693008, 0.06907019019126892, 0.06569921970367432, 0.06446007639169693, 0.06317228823900223, 0.06247027963399887, 0.06123218312859535, 0.061916302889585495, 0.06126876920461655, 0.06094110384583473, 0.06047763302922249, 0.06121516227722168, 0.061101045459508896, 0.06049314886331558, 0.06015190854668617, 0.05998982489109039, 0.06001418083906174, 0.05987033620476723, 0.05965961143374443, 0.05907130613923073, 0.05970660597085953, 0.05935482308268547, 0.05920672416687012, 0.05898973345756531, 0.05895392969250679, 0.059042878448963165, 0.05872660130262375, 0.058138780295848846], "mae": [1.2697817087173462, 0.7240732908248901, 0.6311144232749939, 0.5926745533943176, 0.5594083070755005, 0.5266271829605103, 0.49355897307395935, 0.4668976366519928, 0.44625547528266907, 0.42512795329093933, 0.404998779296875, 0.37967929244041443, 0.36058947443962097, 0.346887469291687, 0.3298702538013458, 0.3139573931694031, 0.29956692457199097, 0.2826113998889923, 0.26910507678985596, 0.25620606541633606, 0.2458336502313614, 0.2309587448835373, 0.21875464916229248, 0.20755350589752197, 0.19565801322460175, 0.1880454421043396, 0.177571639418602, 0.17096282541751862, 0.1643889844417572, 0.16004760563373566, 0.15638138353824615, 0.15445755422115326, 0.1516641527414322, 0.15169784426689148, 0.150766983628273, 0.15004761517047882, 0.14906078577041626, 0.15036268532276154, 0.15030884742736816, 0.1495756208896637, 0.149692565202713, 0.1491304337978363, 0.14960812032222748, 0.14931616187095642, 0.14938662946224213, 0.14873208105564117, 0.14990690350532532, 0.14931844174861908, 0.14935509860515594, 0.14905866980552673, 0.1492457091808319, 0.1489684134721756, 0.14923591911792755, 0.1480986773967743], "mse": [9.171403884887695, 0.9514355659484863, 0.6355896592140198, 0.5756016373634338, 0.5367760062217712, 0.503854513168335, 0.39728596806526184, 0.34818801283836365, 0.3325907588005066, 0.2935567796230316, 0.3576466143131256, 0.24017836153507233, 0.21485143899917603, 0.19785176217556, 0.17946767807006836, 0.1614956557750702, 0.1561720222234726, 0.13248689472675323, 0.12187135964632034, 0.11088686436414719, 0.10412341356277466, 0.09172753989696503, 0.08336783200502396, 0.07626663148403168, 0.06905799359083176, 0.06479489803314209, 0.05918010696768761, 0.05674724653363228, 0.05334262549877167, 0.05208824947476387, 0.050950244069099426, 0.050361912697553635, 0.0493607372045517, 0.05014007166028023, 0.04971841722726822, 0.049571070820093155, 0.049282073974609375, 0.050145093351602554, 0.05014974623918533, 0.049652330577373505, 0.049448005855083466, 0.0494161993265152, 0.04946112260222435, 0.04953634738922119, 0.04947969317436218, 0.04908505454659462, 0.04975444823503494, 0.049512069672346115, 0.0493612103164196, 0.04936271160840988, 0.04936973750591278, 0.04941077530384064, 0.04924161732196808, 0.04884997755289078], "mape": [12.068328857421875, 6.8636298179626465, 5.979525089263916, 5.618144512176514, 5.303284168243408, 4.992245197296143, 4.678309440612793, 4.426232814788818, 4.231494903564453, 4.0309295654296875, 3.844757080078125, 3.6049861907958984, 3.4229581356048584, 3.2925820350646973, 3.1329145431518555, 2.9832022190093994, 2.8480894565582275, 2.6850852966308594, 2.5592918395996094, 2.437808036804199, 2.3418545722961426, 2.2002203464508057, 2.0862300395965576, 1.9803770780563354, 1.8691506385803223, 1.798364520072937, 1.7004748582839966, 1.6401221752166748, 1.5797269344329834, 1.5407183170318604, 1.5086748600006104, 1.4916129112243652, 1.466846227645874, 1.4680039882659912, 1.4592103958129883, 1.4533721208572388, 1.4438726902008057, 1.4567598104476929, 1.4563441276550293, 1.4500504732131958, 1.4502131938934326, 1.4449067115783691, 1.4491448402404785, 1.4476146697998047, 1.4474506378173828, 1.441149115562439, 1.4520633220672607, 1.4468753337860107, 1.4470139741897583, 1.4438053369522095, 1.445655107498169, 1.443663477897644, 1.4454398155212402, 1.4348477125167847], "val_loss": [0.5015799403190613, 0.392624169588089, 0.33655741810798645, 0.29504770040512085, 0.26333385705947876, 0.23682314157485962, 0.24662911891937256, 0.17394617199897766, 0.15386614203453064, 0.13337840139865875, 0.1134665459394455, 0.1110445186495781, 0.09073462337255478, 0.07433626800775528, 0.06460721045732498, 0.05531588941812515, 0.0490243174135685, 0.04729112610220909, 0.04717864468693733, 0.03954567760229111, 0.0480869896709919, 0.04403731971979141, 0.03910587728023529, 0.03562478721141815, 0.03597981855273247, 0.03736073896288872, 0.03844548761844635, 0.03756146505475044, 0.03767874091863632, 0.04065476730465889, 0.049717728048563004, 0.040917977690696716, 0.03998972475528717, 0.040505073964595795, 0.04535939171910286, 0.041311345994472504, 0.0403122641146183, 0.0408962145447731, 0.0460050143301487, 0.03868348151445389, 0.040261778980493546, 0.04068005457520485, 0.04188401997089386, 0.039577193558216095, 0.04002196341753006, 0.040718451142311096, 0.038893796503543854, 0.0489431731402874, 0.03964501619338989, 0.03921063616871834, 0.03764186426997185, 0.03918207809329033, 0.03828440234065056, 0.03877272456884384], "val_mae": [0.2452227622270584, 0.1467369943857193, 0.12601439654827118, 0.11382215470075607, 0.11453928053379059, 0.14385764300823212, 0.23711541295051575, 0.12489113956689835, 0.11241411417722702, 0.10145074129104614, 0.12054654210805893, 0.1537296622991562, 0.1360599845647812, 0.0934542566537857, 0.08077080547809601, 0.08770553022623062, 0.085652194917202, 0.10767322033643723, 0.11541470140218735, 0.09441088140010834, 0.10394319146871567, 0.11209805309772491, 0.10440786927938461, 0.0793614536523819, 0.08038047701120377, 0.08910660445690155, 0.09949763864278793, 0.08599228411912918, 0.08551076799631119, 0.09554880112409592, 0.13315017521381378, 0.08736929297447205, 0.08470350503921509, 0.0828632116317749, 0.10229060053825378, 0.09308887273073196, 0.08718641847372055, 0.08603275567293167, 0.10941101610660553, 0.07739423960447311, 0.08739880472421646, 0.08833996951580048, 0.09579990804195404, 0.08795981109142303, 0.0870976373553276, 0.0919259786605835, 0.08622370660305023, 0.12924720346927643, 0.08952698111534119, 0.08633317053318024, 0.0780753642320633, 0.09081124514341354, 0.08499191701412201, 0.0867760106921196], "val_mse": [0.10425207763910294, 0.04667907580733299, 0.03860067203640938, 0.03402361646294594, 0.034105632454156876, 0.03923174366354942, 0.07592907547950745, 0.033875785768032074, 0.03641726076602936, 0.03619814291596413, 0.030772516503930092, 0.04219670221209526, 0.04002469778060913, 0.025070752948522568, 0.022283099591732025, 0.02486206404864788, 0.02408580482006073, 0.028389982879161835, 0.03274981305003166, 0.02629600651562214, 0.032882463186979294, 0.030560925602912903, 0.026506634429097176, 0.023084547370672226, 0.023339053615927696, 0.025287285447120667, 0.026033952832221985, 0.024773184210062027, 0.025270549580454826, 0.02849433943629265, 0.037514328956604004, 0.02907944656908512, 0.02822447195649147, 0.02858097106218338, 0.03439721092581749, 0.029911039397120476, 0.029155820608139038, 0.030310947448015213, 0.03493596985936165, 0.027807310223579407, 0.029783394187688828, 0.030024955049157143, 0.031638067215681076, 0.029567042365670204, 0.03004956617951393, 0.03111732192337513, 0.028907034546136856, 0.03844815492630005, 0.030028559267520905, 0.029511163011193275, 0.028175409883260727, 0.02967742644250393, 0.028955532237887383, 0.0297675933688879],