{"loss": [1.1357245445251465, 0.39601683616638184, 0.27804890275001526, 0.2295156866312027, 0.1961246132850647, 0.16194628179073334, 0.13448776304721832, 0.11165408045053482, 0.10067259520292282, 0.09356731921434402, 0.08866199105978012, 0.0851399227976799, 0.0821290910243988, 0.07926921546459198, 0.07651089876890182, 0.0730476900935173, 0.0704270675778389, 0.06816001236438751, 0.06659071147441864, 0.06502019613981247, 0.06388669461011887, 0.06108487769961357, 0.05983978509902954, 0.058289170265197754, 0.056671515107154846, 0.0550907664000988, 0.05347684398293495, 0.052261024713516235, 0.05147292837500572, 0.05036493018269539, 0.04875015467405319, 0.048426516354084015, 0.047338541597127914, 0.046595536172389984, 0.045533109456300735, 0.04559546709060669, 0.04467112571001053, 0.04397325590252876, 0.04384026303887367, 0.04296523332595825, 0.04256104305386543, 0.042668793350458145, 0.04192333295941353, 0.041682664304971695, 0.04115995764732361, 0.04010414332151413, 0.040525294840335846, 0.04020114243030548, 0.04060865566134453, 0.04005478322505951], "mae": [1.1604689359664917, 0.588359534740448, 0.5239664912223816, 0.48101139068603516, 0.4444108009338379, 0.4064253866672516, 0.37580710649490356, 0.3481466472148895, 0.33507952094078064, 0.32352739572525024, 0.31408369541168213, 0.3074762225151062, 0.3015468418598175, 0.2955854535102844, 0.2894713282585144, 0.2820458710193634, 0.2767104208469391, 0.27000004053115845, 0.267076313495636, 0.2632349729537964, 0.2597084045410156, 0.25331583619117737, 0.25021034479141235, 0.24588234722614288, 0.24175170063972473, 0.2371802181005478, 0.23253753781318665, 0.22940094769001007, 0.22792740166187286, 0.2240424007177353, 0.21921716630458832, 0.21800971031188965, 0.2154337614774704, 0.21232078969478607, 0.2098163366317749, 0.20942509174346924, 0.20652444660663605, 0.20472796261310577, 0.20375409722328186, 0.2010287493467331, 0.1989871710538864, 0.19942854344844818, 0.19662095606327057, 0.19548802077770233, 0.19369874894618988, 0.1907694786787033, 0.19168934226036072, 0.19040784239768982, 0.19084623456001282, 0.19021961092948914], "mse": [4.473307132720947, 0.5531582832336426, 0.4426363706588745, 0.37723520398139954, 0.32430773973464966, 0.27148884534835815, 0.23318009078502655, 0.20049533247947693, 0.1858479380607605, 0.1742013841867447, 0.16471552848815918, 0.15876096487045288, 0.15242527425289154, 0.14675839245319366, 0.14206920564174652, 0.13477374613285065, 0.1293874979019165, 0.1253349334001541, 0.12223310768604279, 0.1195300817489624, 0.11712174862623215, 0.11136829107999802, 0.10931478440761566, 0.10662484914064407, 0.10338412970304489, 0.1001691073179245, 0.0972210019826889, 0.09478521347045898, 0.09339378774166107, 0.09135735034942627, 0.08776990324258804, 0.08731964975595474, 0.08484720438718796, 0.0837608054280281, 0.08179913461208344, 0.08214560151100159, 0.08023221045732498, 0.07909002900123596, 0.07896321266889572, 0.07707961648702621, 0.07603680342435837, 0.07645218819379807, 0.07519049942493439, 0.07475140690803528, 0.07367224246263504, 0.07190903276205063, 0.07287684082984924, 0.07263483107089996, 0.07320450246334076, 0.07237246632575989], "mape": [10.9945068359375, 5.598267078399658, 4.991464138031006, 4.584263801574707, 4.241397857666016, 3.8812317848205566, 3.5925545692443848, 3.329611301422119, 3.205933094024658, 3.0974016189575195, 3.008143901824951, 2.947864055633545, 2.8895812034606934, 2.8341667652130127, 2.7755746841430664, 2.7048020362854004, 2.654834032058716, 2.592869997024536, 2.5648128986358643, 2.5294106006622314, 2.4977517127990723, 2.4351603984832764, 2.407578945159912, 2.3678197860717773, 2.3291571140289307, 2.2861216068267822, 2.2423481941223145, 2.2138798236846924, 2.198967695236206, 2.1619045734405518, 2.1172914505004883, 2.106374979019165, 2.0818121433258057, 2.053269624710083, 2.030261278152466, 2.0270185470581055, 1.9997001886367798, 1.9838569164276123, 1.9745543003082275, 1.9486881494522095, 1.9308782815933228, 1.9359221458435059, 1.9084575176239014, 1.8986284732818604, 1.8830206394195557, 1.8541159629821777, 1.8644315004348755, 1.8540748357772827, 1.8580173254013062, 1.8526920080184937], "val_loss": [0.31901437044143677, 0.14032727479934692, 0.09032391011714935, 0.08448620140552521, 0.06809550523757935, 0.047669000923633575, 0.04277925565838814, 0.030932126566767693, 0.03329656645655632, 0.025246450677514076, 0.021030550822615623, 0.0237593874335289, 0.022878075018525124, 0.034149181097745895, 0.02935083582997322, 0.03214855119585991, 0.03168616071343422, 0.029119018465280533, 0.029312225058674812, 0.019229482859373093, 0.02020173892378807, 0.021794402971863747, 0.01987772062420845, 0.02581450156867504, 0.021161245182156563, 0.02610178105533123, 0.0241464264690876, 0.041304223239421844, 0.020428523421287537, 0.03190526366233826, 0.03868407383561134, 0.021736258640885353, 0.02273174189031124, 0.02349364198744297, 0.02178858034312725, 0.03650239109992981, 0.02593725174665451, 0.019671287387609482, 0.020565412938594818, 0.030675185844302177, 0.023428115993738174, 0.020444687455892563, 0.0311399158090353, 0.020835159346461296, 0.021588774397969246, 0.02202947810292244, 0.02038343995809555, 0.020290201529860497, 0.02347545325756073, 0.02346937730908394], "val_mae": [0.3046199381351471, 0.24122017621994019, 0.19770647585391998, 0.19549992680549622, 0.18807260692119598, 0.14354224503040314, 0.15366323292255402, 0.12441720068454742, 0.15879692137241364, 0.10865653306245804, 0.09437842667102814, 0.113613560795784, 0.11674162745475769, 0.1937209665775299, 0.15703339874744415, 0.14584659039974213, 0.17847606539726257, 0.15377554297447205, 0.14299416542053223, 0.0985785499215126, 0.09748923778533936, 0.11652832478284836, 0.10289651155471802, 0.1382448673248291, 0.10633856058120728, 0.12913265824317932, 0.116778165102005, 0.20981085300445557, 0.10967613011598587, 0.17816564440727234, 0.2167787104845047, 0.11897149682044983, 0.11950130015611649, 0.13142669200897217, 0.11626024544239044, 0.20150718092918396, 0.13839173316955566, 0.1009124368429184, 0.10607984662055969, 0.1691616177558899, 0.1312832087278366, 0.09951115399599075, 0.15878869593143463, 0.09750218689441681, 0.11241697520017624, 0.11468204855918884, 0.10348156094551086, 0.09103918075561523, 0.12677884101867676, 0.10919307917356491], "val_mse": [0.2221570760011673, 0.11507543921470642, 0.07065878063440323, 0.08552233129739761, 0.07237422466278076, 0.0636642575263977, 0.0744129940867424, 0.04187898337841034, 0.051798269152641296, 0.037105776369571686, 0.02890222892165184, 0.0351618267595768, 0.03371923044323921, 0.055679649114608765, 0.045905888080596924, 0.053662195801734924, 0.05110948905348778, 0.04797946661710739, 0.04877649247646332, 0.026658261194825172, 0.029103489592671394, 0.03159879893064499, 0.02865343727171421, 0.04053054004907608, 0.031134864315390587, 0.039772287011146545, 0.03764679655432701, 0.07166535407304764, 0.02998010814189911, 0.05336325988173485, 0.06667701154947281, 0.03214294835925102, 0.03472929820418358, 0.03713230416178703, 0.03440229222178459, 0.06252912431955338, 0.04186304286122322, 0.030271975323557854, 0.031008077785372734, 0.05165687948465347, 0.03739062696695328, 0.03111020289361477, 0.05462053045630455, 0.0322946235537529, 0.0354580394923687, 0.03547932207584381, 0.032335322350263596, 0.03260200843214989, 0.03946412354707718, 0.03909871354699135],