{"loss": [1.0913362503051758, 0.3884497880935669, 0.27657151222229004, 0.23194754123687744, 0.19841748476028442, 0.16658402979373932, 0.1394045501947403, 0.11459041386842728, 0.10145704448223114, 0.09242559224367142, 0.08680635690689087, 0.08350306004285812, 0.08030323684215546, 0.07779497653245926, 0.0746748223900795, 0.07188813388347626, 0.06909311562776566, 0.06664889305830002, 0.06532349437475204, 0.06381052732467651, 0.06268449872732162, 0.05973482131958008, 0.05883335322141647, 0.05721408873796463, 0.055346954613924026, 0.054088279604911804, 0.05226709693670273, 0.05133792757987976, 0.05074956268072128, 0.04967651516199112, 0.04776322469115257, 0.04761793836951256, 0.046699222177267075, 0.04568348824977875, 0.0447881706058979, 0.045188501477241516, 0.04401089996099472, 0.04352185130119324, 0.04272720590233803, 0.04245299845933914, 0.041841406375169754, 0.04211367666721344, 0.04095993563532829, 0.04081737622618675, 0.04041961207985878, 0.03967548906803131, 0.03994286060333252, 0.039582621306180954, 0.039922840893268585, 0.03950609266757965, 0.03964962065219879, 0.03942876681685448, 0.039806611835956573, 0.03937958553433418, 0.039427462965250015, 0.03940863907337189, 0.038977526128292084, 0.03910233825445175, 0.03905147314071655, 0.03965708240866661, 0.03947662562131882, 0.039361510425806046, 0.03934180364012718, 0.03917832300066948, 0.03927886113524437, 0.039190247654914856, 0.038922298699617386, 0.03864356502890587, 0.039308059960603714, 0.03974394500255585, 0.03942810371518135, 0.03966983035206795], "mae": [1.1198909282684326, 0.5807908177375793, 0.5268673300743103, 0.487661212682724, 0.44903630018234253, 0.4130933880805969, 0.38067373633384705, 0.3505203127861023, 0.33505117893218994, 0.3214414417743683, 0.31073954701423645, 0.30421510338783264, 0.2979920208454132, 0.2926131784915924, 0.28557083010673523, 0.27952417731285095, 0.2740340828895569, 0.2673256993293762, 0.26485496759414673, 0.26078861951828003, 0.2575313448905945, 0.2507496774196625, 0.24791990220546722, 0.24372346699237823, 0.23958691954612732, 0.23501521348953247, 0.23036590218544006, 0.22728168964385986, 0.22649438679218292, 0.22325938940048218, 0.21765775978565216, 0.21652057766914368, 0.21459826827049255, 0.21077099442481995, 0.20872029662132263, 0.2089194804430008, 0.20524457097053528, 0.20334486663341522, 0.20160634815692902, 0.19996042549610138, 0.19786016643047333, 0.19869591295719147, 0.19529423117637634, 0.19441455602645874, 0.19239425659179688, 0.19011850655078888, 0.1908920258283615, 0.18963684141635895, 0.1898353546857834, 0.1896965354681015, 0.18938545882701874, 0.1879304051399231, 0.18844208121299744, 0.1879030019044876, 0.18803679943084717, 0.18796512484550476, 0.18649981915950775, 0.1868186593055725, 0.18615692853927612, 0.1886226236820221, 0.18803927302360535, 0.18682312965393066, 0.18754778802394867, 0.18635888397693634, 0.18703415989875793, 0.18633992969989777, 0.1861618608236313, 0.18402323126792908, 0.1868789941072464, 0.188070148229599, 0.18633481860160828, 0.18730568885803223], "mse": [4.017653465270996, 0.5390336513519287, 0.4453756511211395, 0.3835567831993103, 0.3288702666759491, 0.27988818287849426, 0.24046269059181213, 0.20344360172748566, 0.18623849749565125, 0.172930508852005, 0.16212204098701477, 0.15659737586975098, 0.14989745616912842, 0.1450137495994568, 0.1392611712217331, 0.13300316035747528, 0.12773796916007996, 0.12357313930988312, 0.12084101885557175, 0.11791373789310455, 0.11606137454509735, 0.10991118848323822, 0.10845089703798294, 0.10511530935764313, 0.10178233683109283, 0.0990159660577774, 0.09570714831352234, 0.09380921721458435, 0.09317952394485474, 0.09099067002534866, 0.08718960732221603, 0.08678219467401505, 0.08489643037319183, 0.08302329480648041, 0.08119098097085953, 0.08238840848207474, 0.08003965020179749, 0.07885751128196716, 0.07797899097204208, 0.07709536701440811, 0.07594412565231323, 0.07653722912073135, 0.07439933717250824, 0.07422450929880142, 0.0736369714140892, 0.07205870747566223, 0.07257670164108276, 0.07232114672660828, 0.07269822806119919, 0.07232322543859482, 0.07251501083374023, 0.0721697136759758, 0.07300568372011185, 0.07225444167852402, 0.07257989794015884, 0.07257571071386337, 0.07168568670749664, 0.07208700478076935, 0.07216164469718933, 0.07296644896268845, 0.07252427935600281, 0.07250570505857468, 0.07252692431211472, 0.07208437472581863, 0.07233983278274536, 0.07222943753004074, 0.07186127454042435, 0.07085350900888443, 0.07259783893823624, 0.07300011068582535, 0.07262831926345825, 0.07306092977523804], "mape": [10.613748550415039, 5.526814937591553, 5.016849040985107, 4.646804332733154, 4.279985427856445, 3.938256025314331, 3.6342828273773193, 3.3488447666168213, 3.2044284343719482, 3.079047441482544, 2.97727370262146, 2.9175896644592285, 2.85697603225708, 2.807108163833618, 2.7398769855499268, 2.6815788745880127, 2.6304941177368164, 2.5690503120422363, 2.5446548461914062, 2.5076382160186768, 2.478062152862549, 2.4116954803466797, 2.386898994445801, 2.3478333950042725, 2.3085379600524902, 2.2661077976226807, 2.222442388534546, 2.1936142444610596, 2.1863436698913574, 2.1553797721862793, 2.102993965148926, 2.093297243118286, 2.0752227306365967, 2.0386815071105957, 2.019742727279663, 2.0231566429138184, 1.988510012626648, 1.9712460041046143, 1.9548808336257935, 1.9391353130340576, 1.9201362133026123, 1.9291244745254517, 1.8957383632659912, 1.8881449699401855, 1.8708605766296387, 1.8479735851287842, 1.856818675994873, 1.8465585708618164, 1.848264455795288, 1.8475364446640015, 1.8451236486434937, 1.8311660289764404, 1.836979627609253, 1.83185613155365, 1.833465576171875, 1.8335189819335938, 1.8194230794906616, 1.8226920366287231, 1.8171441555023193, 1.8396354913711548, 1.8347946405410767, 1.8236463069915771, 1.8294724225997925, 1.8189635276794434, 1.8256237506866455, 1.8187587261199951, 1.817507028579712, 1.796579122543335, 1.824295163154602, 1.835349678993225, 1.819858431816101, 1.8288320302963257], "val_loss": [0.31069114804267883, 0.12982867658138275, 0.11831511557102203, 0.07065998762845993, 0.06435627490282059, 0.055063337087631226, 0.047470249235630035, 0.029560601338744164, 0.029529212042689323, 0.030929842963814735, 0.023511098697781563, 0.02514670230448246, 0.025305530056357384, 0.02604748122394085, 0.0415797159075737, 0.024157816544175148, 0.03426031023263931, 0.020814966410398483, 0.032453812658786774, 0.0189624335616827, 0.021032683551311493, 0.021329056471586227, 0.019763942807912827, 0.022584544494748116, 0.019848322495818138, 0.03664429485797882, 0.019468968734145164, 0.035062503069639206, 0.0227051991969347, 0.020943086594343185, 0.04007628187537193, 0.032501477748155594, 0.01985311321914196, 0.023375963792204857, 0.026532871648669243, 0.01955289952456951, 0.05239247530698776, 0.03487500175833702, 0.022607745602726936, 0.030105797573924065, 0.019892459735274315, 0.018334025517106056, 0.0215972438454628, 0.02219824492931366, 0.01917053945362568, 0.0232744961977005, 0.023753223940730095, 0.02138236165046692, 0.027623483911156654, 0.025513216853141785, 0.022537903860211372, 0.02320253476500511, 0.02021985687315464, 0.02155974879860878, 0.023933447897434235, 0.02610880509018898, 0.028551094233989716, 0.02037428691983223, 0.025629958137869835, 0.024585768580436707, 0.04320042207837105, 0.02288881316781044, 0.02174038253724575, 0.02113538607954979, 0.02030584216117859, 0.029979625716805458, 0.0350194126367569, 0.023399287834763527, 0.030747191980481148, 0.024999400600790977, 0.02202492393553257, 0.022548668086528778],