{"loss": [1.1359543800354004, 0.3978652060031891, 0.2785879671573639, 0.23392297327518463, 0.1967206597328186, 0.16316252946853638, 0.13548877835273743, 0.11375412344932556, 0.10241234302520752, 0.09355898946523666, 0.08833223581314087, 0.0845179408788681, 0.08139947801828384, 0.07848863303661346, 0.07586496323347092, 0.07244504988193512, 0.06991352140903473, 0.06792593002319336, 0.06631509214639664, 0.06455308943986893, 0.06352489441633224, 0.06084221601486206, 0.059615325182676315, 0.05803094804286957, 0.056242529302835464, 0.054706696420907974, 0.05351391062140465, 0.05204208195209503, 0.05128074064850807, 0.05050445348024368, 0.04851440340280533, 0.048038799315690994, 0.04742009565234184, 0.04613684117794037, 0.0453658252954483, 0.04551639035344124, 0.04457307979464531, 0.044049378484487534, 0.04358447343111038, 0.04278126358985901, 0.04222024604678154, 0.042548276484012604, 0.041814278811216354, 0.041364531964063644, 0.04078216478228569, 0.03961601108312607, 0.04027289152145386, 0.03986239805817604, 0.04049502685666084, 0.03991691395640373, 0.040320005267858505, 0.03974765166640282, 0.04027548059821129, 0.0397171676158905, 0.039518699049949646, 0.039759524166584015, 0.039699677377939224, 0.03961017727851868, 0.03960293158888817, 0.039919182658195496, 0.039815425872802734, 0.03954639658331871, 0.039709147065877914, 0.03959448263049126, 0.0396476686000824, 0.03961768001317978, 0.0394577831029892, 0.03892889246344566, 0.03982863202691078, 0.04002564027905464, 0.039719678461551666], "mae": [1.1605952978134155, 0.5880789160728455, 0.5255482792854309, 0.48652008175849915, 0.4447859525680542, 0.40712985396385193, 0.37552410364151, 0.3499982953071594, 0.33543699979782104, 0.32300886511802673, 0.3129550814628601, 0.30589503049850464, 0.2993496358394623, 0.29323050379753113, 0.28722119331359863, 0.28026384115219116, 0.2750207185745239, 0.26928335428237915, 0.26600897312164307, 0.26177969574928284, 0.2587471306324005, 0.2520982325077057, 0.24880774319171906, 0.24477489292621613, 0.24038878083229065, 0.23578588664531708, 0.23208856582641602, 0.22851666808128357, 0.2272198349237442, 0.22357378900051117, 0.21874025464057922, 0.2165849208831787, 0.21514707803726196, 0.21155472099781036, 0.20916961133480072, 0.20908328890800476, 0.20573222637176514, 0.20400099456310272, 0.20295700430870056, 0.20035189390182495, 0.19823645055294037, 0.19898822903633118, 0.19669292867183685, 0.1950419694185257, 0.1926731914281845, 0.18984296917915344, 0.19116276502609253, 0.1898641288280487, 0.19077037274837494, 0.18974895775318146, 0.18993979692459106, 0.18725837767124176, 0.1887468546628952, 0.18726187944412231, 0.18719646334648132, 0.18790988624095917, 0.18762101233005524, 0.18678998947143555, 0.1863277405500412, 0.18809328973293304, 0.18808719515800476, 0.18654972314834595, 0.18711388111114502, 0.1860678493976593, 0.1870388239622116, 0.18578650057315826, 0.18547523021697998, 0.18389147520065308, 0.18655134737491608, 0.18776364624500275, 0.18631510436534882], "mse": [4.467896461486816, 0.5536996126174927, 0.44346854090690613, 0.3835589587688446, 0.3243175148963928, 0.27164986729621887, 0.23234793543815613, 0.20198217034339905, 0.18546408414840698, 0.17357182502746582, 0.16392633318901062, 0.1572490781545639, 0.15081076323986053, 0.14488783478736877, 0.13993915915489197, 0.13275757431983948, 0.12830790877342224, 0.12479973584413528, 0.1213277205824852, 0.11826898902654648, 0.11615561693906784, 0.11088486015796661, 0.10838944464921951, 0.10570453852415085, 0.10198042541742325, 0.0991220623254776, 0.09708786755800247, 0.09395997226238251, 0.09287753701210022, 0.09126612544059753, 0.08712209761142731, 0.08633885532617569, 0.08482349663972855, 0.08292784541845322, 0.0814458429813385, 0.08168995380401611, 0.07996881008148193, 0.07897083461284637, 0.07836132496595383, 0.07680957764387131, 0.07545974105596542, 0.07642704248428345, 0.07489261776208878, 0.07408725470304489, 0.07346344739198685, 0.07125009596347809, 0.072585828602314, 0.07208621501922607, 0.0728825032711029, 0.07222455739974976, 0.07311033457517624, 0.07173711061477661, 0.07263273745775223, 0.07161896675825119, 0.07212337851524353, 0.07229755818843842, 0.07211577147245407, 0.07208829373121262, 0.0720406249165535, 0.07276347279548645, 0.07227872312068939, 0.07207374274730682, 0.07256296277046204, 0.07211358845233917, 0.07235243916511536, 0.07223322987556458, 0.07198043167591095, 0.07082872092723846, 0.07278404384851456, 0.07279273122549057, 0.07285059243440628], "mape": [10.99360466003418, 5.593353748321533, 5.001470565795898, 4.633148670196533, 4.242891788482666, 3.884016513824463, 3.586428642272949, 3.3428893089294434, 3.206766128540039, 3.092930555343628, 2.997976779937744, 2.9333107471466064, 2.869211196899414, 2.811870574951172, 2.7538986206054688, 2.6876413822174072, 2.639362096786499, 2.5873820781707764, 2.5549514293670654, 2.5161941051483154, 2.489104747772217, 2.424215793609619, 2.394192695617676, 2.357414722442627, 2.3156113624572754, 2.2728426456451416, 2.2384226322174072, 2.2052958011627197, 2.1926980018615723, 2.1577906608581543, 2.113226890563965, 2.0925631523132324, 2.07987117767334, 2.045658588409424, 2.0243427753448486, 2.023923635482788, 1.9924005270004272, 1.977441668510437, 1.966460108757019, 1.942813754081726, 1.9228968620300293, 1.9320780038833618, 1.9092111587524414, 1.893947958946228, 1.8732904195785522, 1.845269799232483, 1.8595069646835327, 1.8483223915100098, 1.8573139905929565, 1.8480985164642334, 1.850913166999817, 1.8251135349273682, 1.8402098417282104, 1.8260341882705688, 1.8259656429290771, 1.833288311958313, 1.8308030366897583, 1.8236031532287598, 1.8192331790924072, 1.8352532386779785, 1.8359931707382202, 1.8215422630310059, 1.8263664245605469, 1.816810131072998, 1.8259904384613037, 1.8138576745986938, 1.811700463294983, 1.7965537309646606, 1.82194185256958, 1.833331823348999, 1.8207075595855713], "val_loss": [0.3286527395248413, 0.12846903502941132, 0.09053659439086914, 0.06957563012838364, 0.06950955092906952, 0.052490293979644775, 0.04620056226849556, 0.02893107198178768, 0.033879347145557404, 0.030023440718650818, 0.026629455387592316, 0.02414601854979992, 0.022910725325345993, 0.027548568323254585, 0.035901159048080444, 0.030308064073324203, 0.03995408117771149, 0.024252021685242653, 0.02997351810336113, 0.023160096257925034, 0.019483482465147972, 0.02008073776960373, 0.019904250279068947, 0.0228897575289011, 0.021400809288024902, 0.02420325204730034, 0.02081489749252796, 0.028294691815972328, 0.024212347343564034, 0.023722711950540543, 0.03469192609190941, 0.02308179996907711, 0.020027002319693565, 0.02075391821563244, 0.021421896293759346, 0.02529509924352169, 0.02419290877878666, 0.025645220652222633, 0.02007043920457363, 0.027591807767748833, 0.019072899594902992, 0.01966208964586258, 0.029583444818854332, 0.028890354558825493, 0.019699929282069206, 0.026465222239494324, 0.020870322361588478, 0.019343148916959763, 0.027028080075979233, 0.02453453280031681, 0.02486453764140606, 0.021792903542518616, 0.021986473351716995, 0.022401120513677597, 0.02109251171350479, 0.025265058502554893, 0.022558029741048813, 0.024334048852324486, 0.024242933839559555, 0.02393735945224762, 0.03358558565378189, 0.024637429043650627, 0.023656250908970833, 0.021744349971413612, 0.020992377772927284, 0.025484610348939896, 0.021918559446930885, 0.023483064025640488, 0.023509996011853218, 0.023802323266863823, 0.025107145309448242],