{"loss": [0.7358272075653076, 0.5081939101219177, 0.41997843980789185, 0.33685317635536194, 0.25996312499046326, 0.19521842896938324, 0.13987720012664795, 0.09616143256425858, 0.0640244260430336, 0.04745804890990257, 0.04367277771234512, 0.0429055318236351, 0.04268883541226387, 0.04266836866736412, 0.04251911863684654, 0.04243587702512741, 0.042428843677043915, 0.042435526847839355, 0.0424359068274498], "mae": [1.1338270902633667, 0.8862208724021912, 0.7841696739196777, 0.684190034866333, 0.5857303738594055, 0.4951164126396179, 0.40875402092933655, 0.3284008502960205, 0.2560611367225647, 0.20790047943592072, 0.19189296662807465, 0.18850405514240265, 0.18776319921016693, 0.18787209689617157, 0.18757371604442596, 0.18737362325191498, 0.18734879791736603, 0.187439426779747, 0.1873902827501297], "mse": [2.2272775173187256, 1.2437783479690552, 0.9766601920127869, 0.7454466819763184, 0.5515609979629517, 0.4009893238544464, 0.28045958280563354, 0.18863849341869354, 0.1221621185541153, 0.08897880464792252, 0.08232903480529785, 0.08115149289369583, 0.08068998903036118, 0.08065454661846161, 0.0803745910525322, 0.08010958880186081, 0.08012580126523972, 0.08019310981035233, 0.0801207572221756], "val_loss": [0.03870244696736336, 0.03714243322610855, 0.043206747621297836, 0.03200344741344452, 0.03616613522171974, 0.030525438487529755, 0.03896855190396309, 0.02454703487455845, 0.0225312951952219, 0.023390812799334526, 0.025474069640040398, 0.024864844977855682, 0.0244279894977808, 0.02459043823182583, 0.028797758743166924, 0.025437407195568085, 0.025141293182969093, 0.02532965876162052, 0.02482379414141178], "val_mae": [0.21346049010753632, 0.20172327756881714, 0.23375563323497772, 0.1712416410446167, 0.18959899246692657, 0.13676613569259644, 0.20159289240837097, 0.10511970520019531, 0.1041131392121315, 0.09259019792079926, 0.10366499423980713, 0.09607341885566711, 0.08807407319545746, 0.08882275968790054, 0.1405543088912964, 0.09839526563882828, 0.0996030643582344, 0.10544794052839279, 0.09782420843839645], "val_mse": [0.06800175458192825, 0.06536082923412323, 0.07800844311714172, 0.05682612955570221, 0.0659930557012558, 0.055993903428316116, 0.07221420109272003, 0.042857781052589417, 0.03792528808116913, 0.040633462369441986, 0.04539461433887482, 0.044240981340408325, 0.04339316859841347, 0.043835435062646866, 0.05203257501125336, 0.04560142382979393, 0.04480889439582825, 0.04514353349804878, 0.04416776821017265]}