{"loss": [0.2892422676086426, 0.16098996996879578, 0.12437617778778076, 0.1112527921795845, 0.10803639143705368, 0.10807570815086365, 0.10712576657533646, 0.10698762536048889, 0.106718510389328, 0.10667584091424942, 0.10614234209060669, 0.10672750324010849, 0.10612114518880844, 0.10586997866630554, 0.10593005269765854, 0.10549822449684143, 0.10507956147193909, 0.10438057780265808, 0.10561896860599518, 0.10472980886697769, 0.10459623485803604, 0.10446035861968994, 0.10492676496505737, 0.10415910929441452], "mae": [0.348528116941452, 0.260841965675354, 0.23072126507759094, 0.21648883819580078, 0.21324390172958374, 0.21327245235443115, 0.2124921679496765, 0.21242789924144745, 0.2120799720287323, 0.21232114732265472, 0.21213071048259735, 0.2129053771495819, 0.21192847192287445, 0.21144278347492218, 0.2123267501592636, 0.2115401178598404, 0.21140995621681213, 0.21007613837718964, 0.21160566806793213, 0.2109425812959671, 0.21112222969532013, 0.21122877299785614, 0.2112811654806137, 0.21068322658538818], "mse": [0.21692711114883423, 0.12410619854927063, 0.10199583321809769, 0.09457258880138397, 0.09316933900117874, 0.0937085822224617, 0.09310267865657806, 0.09324706345796585, 0.09290279448032379, 0.09295180439949036, 0.09264923632144928, 0.09344002604484558, 0.09290903061628342, 0.09277378022670746, 0.0928862988948822, 0.09260335564613342, 0.09241068363189697, 0.09178528189659119, 0.09306902438402176, 0.0922863632440567, 0.09226192533969879, 0.0922267809510231, 0.09276071935892105, 0.09200753271579742], "mape": [3.3055715560913086, 2.494400978088379, 2.214987277984619, 2.0902202129364014, 2.062746286392212, 2.0638442039489746, 2.056321382522583, 2.0562093257904053, 2.0531857013702393, 2.0544967651367188, 2.052983045578003, 2.059968948364258, 2.0511109828948975, 2.0470306873321533, 2.054697275161743, 2.048079490661621, 2.045764446258545, 2.033602476119995, 2.0482168197631836, 2.0413873195648193, 2.043090343475342, 2.0443623065948486, 2.044677257537842, 2.038670063018799], "val_loss": [0.09192682057619095, 0.07796665281057358, 0.0807885080575943, 0.06446933001279831, 0.066506028175354, 0.06299798935651779, 0.06775157898664474, 0.07796591520309448, 0.0662669911980629, 0.06665322929620743, 0.06268598884344101, 0.06427470594644547, 0.06452012807130814, 0.062486689537763596, 0.06835935264825821, 0.06397254019975662, 0.06510602682828903, 0.06643252074718475, 0.06927820295095444, 0.06721009314060211, 0.06529628485441208, 0.07830274850130081, 0.07105043530464172, 0.06647652387619019], "val_mae": [0.11723144352436066, 0.14416374266147614, 0.17244352400302887, 0.11612631380558014, 0.12191992998123169, 0.10652341693639755, 0.13572151958942413, 0.16478201746940613, 0.1282636523246765, 0.12792591750621796, 0.10810278356075287, 0.11428384482860565, 0.10920923203229904, 0.11243736743927002, 0.1414393186569214, 0.1228925883769989, 0.1177448034286499, 0.13534249365329742, 0.14013075828552246, 0.13586807250976562, 0.13427001237869263, 0.16677914559841156, 0.15518562495708466, 0.13362683355808258], "val_mse": [0.04294063523411751, 0.05045419558882713, 0.06249445304274559, 0.04917346313595772, 0.052482541650533676, 0.04859807342290878, 0.05371994525194168, 0.06422492861747742, 0.05249982699751854, 0.052663084119558334, 0.049409836530685425, 0.05085408687591553, 0.051344871520996094, 0.04934190213680267, 0.05502418428659439, 0.05117816478013992, 0.0523538812994957, 0.05411724001169205, 0.05665164813399315, 0.05487941950559616, 0.052946049720048904, 0.06653442978858948, 0.05831185355782509, 0.05468358099460602], "val_mape": [1.1629080772399902, 1.4061528444290161, 1.6631008386611938, 1.1602572202682495, 1.214876413345337, 1.0817694664001465, 1.3445367813110352, 1.602735161781311, 1.276635766029358, 1.2810734510421753, 1.094286561012268, 1.1482698917388916, 1.1104247570037842, 1.1279034614562988, 1.4077465534210205, 1.2256830930709839, 1.1925708055496216, 1.3346889019012451, 1.3942368030548096, 1.3480032682418823, 1.3388913869857788, 1.668161153793335, 1.5323821306228638, 1.3241945505142212]}